trial_id,step_id,P,action,reward
53974,0,43,-8,-0.2904972716826788
53974,1,99,56,1.1703613521219403
53974,2,96,-3,0.7893426256599675
53974,3,80,-16,0.8066711083488894
53974,4,83,3,0.796411211992636
53974,5,86,3,0.33186336773722463
53974,6,64,-22,0.49126029153648304
53974,7,73,9,-0.09265648118039277
53974,8,31,-42,0.768465806045284
53974,9,24,-80,0.3881586766246572
53974,10,38,14,0.6466077592675459
53974,11,41,3,1.0312284635697908
53974,12,41,0,0.8440101074815681
53974,13,41,0,1.1409065776948444
53974,14,41,0,0.8567870565009932
53974,15,41,0,0.9580973133730366
53974,16,41,0,1.4921258187552462
53974,17,42,1,1.2387279448564634
53974,18,42,0,1.0437276632107726
53974,19,43,1,1.0341851830958135
53974,20,43,0,0.7017192262789708
53974,21,47,4,0.32625396169163945
53974,22,27,-20,0.9395639881655826
53974,23,24,-76,0.37596352814482337
53974,24,37,-99,1.02585411760764
53974,25,38,1,0.9891030101318973
53974,26,39,1,0.6038835676901557
53974,27,32,-7,0.8247773117302721
53974,28,31,-95,0.8862118483468198
53974,29,30,-92,0.8804332670484007
53974,30,29,-89,0.7924340246969036
53974,31,28,-86,0.9049437265793145
53974,32,27,-83,1.4064906955536087
53974,33,27,-82,0.6853475080605458
53974,34,21,-70,0.057673030829137356
53974,35,50,29,0.9684104725661103
53974,36,53,3,0.7851798648237582
53974,37,54,1,0.6441211615809519
53974,38,48,-6,0.21364711372177364
53974,39,71,23,0.7589232329964422
53974,40,77,6,0.9726535723544962
53974,41,78,1,0.829469088017826
53974,42,80,2,0.8340227953021598
53974,43,83,3,0.8885971543022263
53974,44,84,1,0.468964790487306
53974,45,68,-16,0.4394972464677549
53974,46,83,15,0.8507871348550273
53974,47,86,3,1.036667432416685
53974,48,86,0,0.5910768824272645
53974,49,93,7,0.1076779453324866
53974,50,57,-36,0.8681635395127044
53974,51,52,-5,0.5117669665721866
53974,52,62,10,0.834135759783498
53974,53,61,-1,0.5848445737594032
53974,54,68,7,1.1783871994623727
53974,55,68,0,1.1034022081618526
53974,56,68,0,1.0717354355400792
53974,57,68,0,1.3793562216600648
53974,58,68,0,0.9782740072105652
53974,59,67,-1,0.8993048691767601
53974,60,66,-1,0.6923618841073854
53974,61,69,3,1.0947184861270363
53974,62,69,0,0.8433493415327525
53974,63,68,-1,0.8596877266943649
53974,64,69,1,1.0027917227376926
53974,65,69,0,1.2099089476040907
53974,66,69,0,1.009011450040346
53974,67,69,0,1.1091360222147424
53974,68,69,0,1.0072101625813807
53974,69,69,0,1.025617427507904
53974,70,69,0,1.0153782774954165
53974,71,69,0,0.46781704100716104
53974,72,54,-15,-0.12268802037171245
53974,73,99,45,0.7755713148950576
53974,74,85,-14,1.1255197075788888
53974,75,83,-2,0.954935600127891
53974,76,84,1,0.618455995627746
53974,77,90,6,1.0973507303609031
53974,78,89,-1,0.97182028910653
53974,79,89,0,1.1744323718706908
53974,80,88,-1,0.9180115470443532
53974,81,89,1,0.6578264399247293
53974,82,96,7,-0.5623844095273433
53974,83,6,-90,1.1011784556828423
53974,84,2,-11,0.5417144587267909
53974,85,10,-23,0.5854827400474287
53974,86,13,-37,1.000227665750271
53974,87,12,-38,0.6601086482121494
53974,88,17,-47,0.9295718550747939
53974,89,15,-48,0.7714059404338753
53974,90,16,-48,0.6656934881004406
53974,91,9,-34,0.3076334398651696
53974,92,25,-60,0.7291584899918924
53974,93,31,-88,1.079110468398565
53974,94,31,-94,1.0941961418526343
53974,95,31,-94,1.0385839220260074
53974,96,31,-94,0.8296769104304782
53974,97,30,-92,0.8144554346955846
53974,98,29,-89,0.6315665201901309
53974,99,33,-96,0.8534399648909855
53974,100,32,-98,0.6269079828410237
53974,101,36,4,0.8202752283253142
53974,102,34,-2,0.5261815112447007
53974,103,41,7,0.9172056031951451
53974,104,41,0,1.1188776039607116
53974,105,41,0,1.0248671052521168
53974,106,41,0,0.8009900213737764
53974,107,43,2,0.6389654902427839
53974,108,37,-6,0.3202052728557995
53974,109,54,17,1.2778478116863818
53974,110,55,1,1.3530908480562194
53974,111,55,0,1.080996342192191
53974,112,55,0,1.4244312394025267
53974,113,55,0,1.2064930521102295
53974,114,55,0,1.0887638856292456
53974,115,55,0,1.1549268106858674
53974,116,55,0,0.9494863697213679
53974,117,55,0,0.7504433636070301
53974,118,52,-3,0.7481352712837503
53974,119,52,0,0.41396430748347385
53974,120,62,10,0.6440305345355157
53974,121,56,-6,0.05815798952677226
53974,122,88,32,0.7738963909987575
53974,123,95,7,0.8480635812259507
53974,124,80,-15,0.8058284164006088
53974,125,84,4,0.979457265053421
53974,126,84,0,0.7273625103273423
53974,127,89,5,0.07049276589714794
53974,128,53,-36,0.7409577065732217
53974,129,46,-7,7.163696484402443e-17
53974,130,80,34,0.85625034247895
53974,131,85,5,0.9331780890784426
53974,132,87,2,1.0649982956459483
53974,133,87,0,0.8229327874743312
53974,134,90,3,0.5648781545393553
53974,135,78,-12,1.1324094797480466
53974,136,77,-1,1.1174986263588473
53974,137,77,0,1.1152145431945308
53974,138,77,0,1.089977824771395
53974,139,77,0,0.8996387800515997
53974,140,78,1,0.8944249235221223
53974,141,79,1,0.7433751163705439
53974,142,83,4,0.2899740948350217
53974,143,59,-24,1.2470485939024682
53974,144,58,-1,0.9248478412587553
53974,145,57,-1,0.8224996325004302
53974,146,56,-1,0.5300290113883174
53974,147,65,9,0.8775955743036574
53974,148,65,0,0.7339993782951852
53974,149,67,2,0.8975057887706317
53974,150,67,0,1.0061500478897556
53974,151,67,0,0.8619100385069017
53974,152,66,-1,0.5966984652401846
53974,153,74,8,0.24911463787923865
53974,154,47,-27,0.7528224145213654
53974,155,42,-5,0.9182118345730331
53974,156,42,0,0.9555098231822307
53974,157,42,0,-0.3852551456267217
53974,158,99,57,0.8620898341301
53974,159,93,-6,1.0173827815819758
53974,160,91,-2,0.8901483636917858
53974,161,93,2,0.3878496742771704
53974,162,72,-21,0.4047660495999186
53974,163,85,13,0.9406108465050683
53974,164,86,1,0.7375855142090181
53974,165,90,4,0.40025274179192794
53974,166,70,-20,0.7961760331285952
53974,167,66,-4,0.45448205216224696
53974,168,78,12,1.031597729709467
53974,169,79,1,0.7220861285716662
53974,170,82,3,0.8925426849831897
53974,171,83,1,0.8439428070007695
53974,172,86,3,0.5023849283187127
53974,173,71,-15,0.6779993358333136
53974,174,75,4,0.8594467458154662
53974,175,76,1,0.5098272144081465
53974,176,84,8,0.043671812097821755
53974,177,46,-38,0.797080780181524
53974,178,41,-5,0.6181766147955746
53974,179,47,6,0.43072517158550006
53974,180,33,-14,0.7177241057206847
53974,181,29,-92,0.6240403041845237
53974,182,34,-98,0.07116193986039471
53974,183,0,-35,1.0674087615004817
53974,184,0,-1,0.8207251682205565
53974,185,3,-7,1.1966099489730186
53974,186,2,-8,0.8835428063355824
53974,187,3,-9,0.9323075183031614
53974,188,4,-12,0.8361638112563484
53974,189,4,-13,1.033338743685779
53974,190,4,-13,1.0496515136546285
53974,191,4,-13,0.7121935531509251
53974,192,2,-8,0.9508146723697714
53974,193,3,-9,0.7808987551455722
53974,194,3,-10,1.077810779437733
53974,195,3,-10,1.0311909242791664
53974,196,3,-10,0.8617567313229212
53974,197,3,-10,0.9721604305949517
53974,198,4,-12,0.9709639817257091
45806,0,43,-8,-0.2904972716826788
45806,1,99,56,1.1703613521219403
45806,2,96,-3,0.7893426256599675
45806,3,80,-16,0.8066711083488894
45806,4,83,3,0.796411211992636
45806,5,86,3,0.33186336773722463
45806,6,64,-22,0.49126029153648304
45806,7,73,9,-0.09265648118039277
45806,8,31,-42,0.768465806045284
45806,9,24,-80,0.3881586766246572
45806,10,38,14,0.6466077592675459
45806,11,41,3,1.0312284635697908
45806,12,41,0,0.8440101074815681
45806,13,41,0,1.1409065776948444
45806,14,41,0,0.8567870565009932
45806,15,41,0,0.9580973133730366
45806,16,41,0,1.4921258187552462
45806,17,42,1,1.2387279448564634
45806,18,42,0,1.0437276632107726
45806,19,43,1,1.0341851830958135
45806,20,43,0,0.7017192262789708
45806,21,47,4,0.32625396169163945
45806,22,27,-20,0.9395639881655826
45806,23,24,-76,0.37596352814482337
45806,24,37,-99,1.02585411760764
45806,25,38,1,0.9891030101318973
45806,26,39,1,0.6038835676901557
45806,27,32,-7,0.8247773117302721
45806,28,31,-95,0.8862118483468198
45806,29,30,-92,0.8804332670484007
45806,30,29,-89,0.7924340246969036
45806,31,28,-86,0.9049437265793145
45806,32,27,-83,1.4064906955536087
45806,33,27,-82,0.6853475080605458
45806,34,21,-70,0.057673030829137356
45806,35,50,29,0.9684104725661103
45806,36,53,3,0.7851798648237582
45806,37,54,1,0.6441211615809519
45806,38,48,-6,0.21364711372177364
45806,39,71,23,0.7589232329964422
45806,40,77,6,0.9726535723544962
45806,41,78,1,0.829469088017826
45806,42,80,2,0.8340227953021598
45806,43,83,3,0.8885971543022263
45806,44,84,1,0.468964790487306
45806,45,68,-16,0.4394972464677549
45806,46,83,15,0.8507871348550273
45806,47,86,3,1.036667432416685
45806,48,86,0,0.5910768824272645
45806,49,93,7,0.1076779453324866
45806,50,57,-36,0.8681635395127044
45806,51,52,-5,0.5117669665721866
45806,52,62,10,0.834135759783498
45806,53,61,-1,0.5848445737594032
45806,54,68,7,1.1783871994623727
45806,55,68,0,1.1034022081618526
45806,56,68,0,1.0717354355400792
45806,57,68,0,1.3793562216600648
45806,58,68,0,0.9782740072105652
45806,59,67,-1,0.8993048691767601
45806,60,66,-1,0.6923618841073854
45806,61,69,3,1.0947184861270363
45806,62,69,0,0.8433493415327525
45806,63,68,-1,0.8596877266943649
45806,64,69,1,1.0027917227376926
45806,65,69,0,1.2099089476040907
45806,66,69,0,1.009011450040346
45806,67,69,0,1.1091360222147424
45806,68,69,0,1.0072101625813807
45806,69,69,0,1.025617427507904
45806,70,69,0,1.0153782774954165
45806,71,69,0,0.46781704100716104
45806,72,54,-15,-0.12268802037171245
45806,73,99,45,0.7755713148950576
45806,74,85,-14,1.1255197075788888
45806,75,83,-2,0.954935600127891
45806,76,84,1,0.618455995627746
45806,77,90,6,1.0973507303609031
45806,78,89,-1,0.97182028910653
45806,79,89,0,1.1744323718706908
45806,80,88,-1,0.9180115470443532
45806,81,89,1,0.6578264399247293
45806,82,96,7,-0.5623844095273433
45806,83,6,-90,1.1011784556828423
45806,84,2,-11,0.5417144587267909
45806,85,10,-23,0.5854827400474287
45806,86,13,-37,1.000227665750271
45806,87,12,-38,0.6601086482121494
45806,88,17,-47,0.9295718550747939
45806,89,15,-48,0.7714059404338753
45806,90,16,-48,0.6656934881004406
45806,91,9,-34,0.3076334398651696
45806,92,25,-60,0.7291584899918924
45806,93,31,-88,1.079110468398565
45806,94,31,-94,1.0941961418526343
45806,95,31,-94,1.0385839220260074
45806,96,31,-94,0.8296769104304782
45806,97,30,-92,0.8144554346955846
45806,98,29,-89,0.6315665201901309
45806,99,33,-96,0.8534399648909855
45806,100,32,-98,0.6269079828410237
45806,101,36,4,0.8202752283253142
45806,102,34,-2,0.5261815112447007
45806,103,41,7,0.9172056031951451
45806,104,41,0,1.1188776039607116
45806,105,41,0,1.0248671052521168
45806,106,41,0,0.8009900213737764
45806,107,43,2,0.6389654902427839
45806,108,37,-6,0.3202052728557995
45806,109,54,17,1.2778478116863818
45806,110,55,1,1.3530908480562194
45806,111,55,0,1.080996342192191
45806,112,55,0,1.4244312394025267
45806,113,55,0,1.2064930521102295
45806,114,55,0,1.0887638856292456
45806,115,55,0,1.1549268106858674
45806,116,55,0,0.9494863697213679
45806,117,55,0,0.7504433636070301
45806,118,52,-3,0.7481352712837503
45806,119,52,0,0.41396430748347385
45806,120,62,10,0.6440305345355157
45806,121,56,-6,0.05815798952677226
45806,122,88,32,0.7738963909987575
45806,123,95,7,0.8480635812259507
45806,124,80,-15,0.8058284164006088
45806,125,84,4,0.979457265053421
45806,126,84,0,0.7273625103273423
45806,127,89,5,0.07049276589714794
45806,128,53,-36,0.7409577065732217
45806,129,46,-7,7.163696484402443e-17
45806,130,80,34,0.85625034247895
45806,131,85,5,0.9331780890784426
45806,132,87,2,1.0649982956459483
45806,133,87,0,0.8229327874743312
45806,134,90,3,0.5648781545393553
45806,135,78,-12,1.1324094797480466
45806,136,77,-1,1.1174986263588473
45806,137,77,0,1.1152145431945308
45806,138,77,0,1.089977824771395
45806,139,77,0,0.8996387800515997
45806,140,78,1,0.8944249235221223
45806,141,79,1,0.7433751163705439
45806,142,83,4,0.2899740948350217
45806,143,59,-24,1.2470485939024682
45806,144,58,-1,0.9248478412587553
45806,145,57,-1,0.8224996325004302
45806,146,56,-1,0.5300290113883174
45806,147,65,9,0.8775955743036574
45806,148,65,0,0.7339993782951852
45806,149,67,2,0.8975057887706317
45806,150,67,0,1.0061500478897556
45806,151,67,0,0.8619100385069017
45806,152,66,-1,0.5966984652401846
45806,153,74,8,0.24911463787923865
45806,154,47,-27,0.7528224145213654
45806,155,42,-5,0.9182118345730331
45806,156,42,0,0.9555098231822307
62867,0,43,-8,-0.2904972716826788
62867,1,99,56,1.1703613521219403
62867,2,96,-3,0.7893426256599675
62867,3,80,-16,0.8066711083488894
62867,4,83,3,0.796411211992636
62867,5,86,3,0.33186336773722463
62867,6,64,-22,0.49126029153648304
62867,7,73,9,-0.09265648118039277
62867,8,31,-42,0.768465806045284
62867,9,24,-80,0.3881586766246572
62867,10,38,14,0.6466077592675459
62867,11,41,3,1.0312284635697908
62867,12,41,0,0.8440101074815681
62867,13,41,0,1.1409065776948444
62867,14,41,0,0.8567870565009932
62867,15,41,0,0.9580973133730366
62867,16,41,0,1.4921258187552462
62867,17,42,1,1.2387279448564634
62867,18,42,0,1.0437276632107726
62867,19,43,1,1.0341851830958135
62867,20,43,0,0.7017192262789708
62867,21,47,4,0.32625396169163945
62867,22,27,-20,0.9395639881655826
62867,23,24,-76,0.37596352814482337
62867,24,37,-99,1.02585411760764
62867,25,38,1,0.9891030101318973
62867,26,39,1,0.6038835676901557
62867,27,32,-7,0.8247773117302721
62867,28,31,-95,0.8862118483468198
62867,29,30,-92,0.8804332670484007
62867,30,29,-89,0.7924340246969036
62867,31,28,-86,0.9049437265793145
62867,32,27,-83,1.4064906955536087
62867,33,27,-82,0.6853475080605458
62867,34,21,-70,0.057673030829137356
62867,35,50,29,0.9684104725661103
62867,36,53,3,0.7851798648237582
62867,37,54,1,0.6441211615809519
62867,38,48,-6,0.21364711372177364
62867,39,71,23,0.7589232329964422
62867,40,77,6,0.9726535723544962
62867,41,78,1,0.829469088017826
62867,42,80,2,0.8340227953021598
62867,43,83,3,0.8885971543022263
62867,44,84,1,0.468964790487306
62867,45,68,-16,0.4394972464677549
62867,46,83,15,0.8507871348550273
62867,47,86,3,1.036667432416685
62867,48,86,0,0.5910768824272645
62867,49,93,7,0.1076779453324866
62867,50,57,-36,0.8681635395127044
62867,51,52,-5,0.5117669665721866
62867,52,62,10,0.834135759783498
62867,53,61,-1,0.5848445737594032
62867,54,68,7,1.1783871994623727
62867,55,68,0,1.1034022081618526
62867,56,68,0,1.0717354355400792
62867,57,68,0,1.3793562216600648
62867,58,68,0,0.9782740072105652
62867,59,67,-1,0.8993048691767601
62867,60,66,-1,0.6923618841073854
62867,61,69,3,1.0947184861270363
62867,62,69,0,0.8433493415327525
62867,63,68,-1,0.8596877266943649
62867,64,69,1,1.0027917227376926
62867,65,69,0,1.2099089476040907
62867,66,69,0,1.009011450040346
62867,67,69,0,1.1091360222147424
62867,68,69,0,1.0072101625813807
62867,69,69,0,1.025617427507904
62867,70,69,0,1.0153782774954165
62867,71,69,0,0.46781704100716104
62867,72,54,-15,-0.12268802037171245
62867,73,99,45,0.7755713148950576
62867,74,85,-14,1.1255197075788888
62867,75,83,-2,0.954935600127891
62867,76,84,1,0.618455995627746
62867,77,90,6,1.0973507303609031
62867,78,89,-1,0.97182028910653
62867,79,89,0,1.1744323718706908
62867,80,88,-1,0.9180115470443532
62867,81,89,1,0.6578264399247293
62867,82,96,7,-0.5623844095273433
62867,83,6,-90,1.1011784556828423
62867,84,2,-11,0.5417144587267909
62867,85,10,-23,0.5854827400474287
62867,86,13,-37,1.000227665750271
62867,87,12,-38,0.6601086482121494
62867,88,17,-47,0.9295718550747939
62867,89,15,-48,0.7714059404338753
62867,90,16,-48,0.6656934881004406
62867,91,9,-34,0.3076334398651696
62867,92,25,-60,0.7291584899918924
62867,93,31,-88,1.079110468398565
62867,94,31,-94,1.0941961418526343
62867,95,31,-94,1.0385839220260074
62867,96,31,-94,0.8296769104304782
62867,97,30,-92,0.8144554346955846
62867,98,29,-89,0.6315665201901309
62867,99,33,-96,0.8534399648909855
62867,100,32,-98,0.6269079828410237
62867,101,36,4,0.8202752283253142
62867,102,34,-2,0.5261815112447007
62867,103,41,7,0.9172056031951451
62867,104,41,0,1.1188776039607116
62867,105,41,0,1.0248671052521168
62867,106,41,0,0.8009900213737764
62867,107,43,2,0.6389654902427839
62867,108,37,-6,0.3202052728557995
62867,109,54,17,1.2778478116863818
62867,110,55,1,1.3530908480562194
62867,111,55,0,1.080996342192191
62867,112,55,0,1.4244312394025267
62867,113,55,0,1.2064930521102295
62867,114,55,0,1.0887638856292456
62867,115,55,0,1.1549268106858674
62867,116,55,0,0.9494863697213679
62867,117,55,0,0.7504433636070301
62867,118,52,-3,0.7481352712837503
62867,119,52,0,0.41396430748347385
62867,120,62,10,0.6440305345355157
62867,121,56,-6,0.05815798952677226
62867,122,88,32,0.7738963909987575
62867,123,95,7,0.8480635812259507
62867,124,80,-15,0.8058284164006088
62867,125,84,4,0.979457265053421
62867,126,84,0,0.7273625103273423
62867,127,89,5,0.07049276589714794
62867,128,53,-36,0.7409577065732217
62867,129,46,-7,7.163696484402443e-17
62867,130,80,34,0.85625034247895
62867,131,85,5,0.9331780890784426
62867,132,87,2,1.0649982956459483
62867,133,87,0,0.8229327874743312
62867,134,90,3,0.5648781545393553
62867,135,78,-12,1.1324094797480466
62867,136,77,-1,1.1174986263588473
62867,137,77,0,1.1152145431945308
62867,138,77,0,1.089977824771395
62867,139,77,0,0.8996387800515997
62867,140,78,1,0.8944249235221223
62867,141,79,1,0.7433751163705439
62867,142,83,4,0.2899740948350217
62867,143,59,-24,1.2470485939024682
62867,144,58,-1,0.9248478412587553
62867,145,57,-1,0.8224996325004302
62867,146,56,-1,0.5300290113883174
62867,147,65,9,0.8775955743036574
62867,148,65,0,0.7339993782951852
62867,149,67,2,0.8975057887706317
62867,150,67,0,1.0061500478897556
62867,151,67,0,0.8619100385069017
62867,152,66,-1,0.5966984652401846
62867,153,74,8,0.24911463787923865
62867,154,47,-27,0.7528224145213654
62867,155,42,-5,0.9182118345730331
62867,156,42,0,0.9555098231822307
62867,157,42,0,-0.3852551456267217
62867,158,99,57,0.8620898341301
62867,159,93,-6,1.0173827815819758
62867,160,91,-2,0.8901483636917858
62867,161,93,2,0.3878496742771704
62867,162,72,-21,0.4047660495999186
62867,163,85,13,0.9406108465050683
62867,164,86,1,0.7375855142090181
62867,165,90,4,0.40025274179192794
62867,166,70,-20,0.7961760331285952
62867,167,66,-4,0.45448205216224696
62867,168,78,12,1.031597729709467
62867,169,79,1,0.7220861285716662
62867,170,82,3,0.8925426849831897
62867,171,83,1,0.8439428070007695
62867,172,86,3,0.5023849283187127
62867,173,71,-15,0.6779993358333136
62867,174,75,4,0.8594467458154662
62867,175,76,1,0.5098272144081465
62867,176,84,8,0.043671812097821755
62867,177,46,-38,0.797080780181524
62867,178,41,-5,0.6181766147955746
62867,179,47,6,0.43072517158550006
62867,180,33,-14,0.7177241057206847
62867,181,29,-92,0.6240403041845237
62867,182,34,-98,0.07116193986039471
62867,183,0,-35,1.0674087615004817
62867,184,0,-1,0.8207251682205565
62867,185,3,-7,1.1966099489730186
62867,186,2,-8,0.8835428063355824
62867,187,3,-9,0.9323075183031614
62867,188,4,-12,0.8361638112563484
62867,189,4,-13,1.033338743685779
62867,190,4,-13,1.0496515136546285
62867,191,4,-13,0.7121935531509251
62867,192,2,-8,0.9508146723697714
62867,193,3,-9,0.7808987551455722
62867,194,3,-10,1.077810779437733
62867,195,3,-10,1.0311909242791664
62867,196,3,-10,0.8617567313229212
62867,197,3,-10,0.9721604305949517
62867,198,4,-12,0.9709639817257091
14061,0,43,-8,-0.2904972716826788
14061,1,99,56,1.1703613521219403
14061,2,96,-3,0.7893426256599675
14061,3,80,-16,0.8066711083488894
14061,4,83,3,0.796411211992636
14061,5,86,3,0.33186336773722463
14061,6,64,-22,0.49126029153648304
14061,7,73,9,-0.09265648118039277
14061,8,31,-42,0.768465806045284
14061,9,24,-80,0.3881586766246572
14061,10,38,14,0.6466077592675459
14061,11,41,3,1.0312284635697908
14061,12,41,0,0.8440101074815681
14061,13,41,0,1.1409065776948444
14061,14,41,0,0.8567870565009932
14061,15,41,0,0.9580973133730366
14061,16,41,0,1.4921258187552462
14061,17,42,1,1.2387279448564634
14061,18,42,0,1.0437276632107726
14061,19,43,1,1.0341851830958135
14061,20,43,0,0.7017192262789708
14061,21,47,4,0.32625396169163945
14061,22,27,-20,0.9395639881655826
14061,23,24,-76,0.37596352814482337
14061,24,37,-99,1.02585411760764
14061,25,38,1,0.9891030101318973
14061,26,39,1,0.6038835676901557
14061,27,32,-7,0.8247773117302721
14061,28,31,-95,0.8862118483468198
14061,29,30,-92,0.8804332670484007
14061,30,29,-89,0.7924340246969036
14061,31,28,-86,0.9049437265793145
14061,32,27,-83,1.4064906955536087
14061,33,27,-82,0.6853475080605458
14061,34,21,-70,0.057673030829137356
14061,35,50,29,0.9684104725661103
14061,36,53,3,0.7851798648237582
14061,37,54,1,0.6441211615809519
14061,38,48,-6,0.21364711372177364
14061,39,71,23,0.7589232329964422
14061,40,77,6,0.9726535723544962
14061,41,78,1,0.829469088017826
14061,42,80,2,0.8340227953021598
14061,43,83,3,0.8885971543022263
14061,44,84,1,0.468964790487306
14061,45,68,-16,0.4394972464677549
14061,46,83,15,0.8507871348550273
14061,47,86,3,1.036667432416685
14061,48,86,0,0.5910768824272645
14061,49,93,7,0.1076779453324866
14061,50,57,-36,0.8681635395127044
14061,51,52,-5,0.5117669665721866
14061,52,62,10,0.834135759783498
14061,53,61,-1,0.5848445737594032
14061,54,68,7,1.1783871994623727
14061,55,68,0,1.1034022081618526
14061,56,68,0,1.0717354355400792
14061,57,68,0,1.3793562216600648
14061,58,68,0,0.9782740072105652
14061,59,67,-1,0.8993048691767601
14061,60,66,-1,0.6923618841073854
14061,61,69,3,1.0947184861270363
14061,62,69,0,0.8433493415327525
14061,63,68,-1,0.8596877266943649
14061,64,69,1,1.0027917227376926
14061,65,69,0,1.2099089476040907
14061,66,69,0,1.009011450040346
14061,67,69,0,1.1091360222147424
14061,68,69,0,1.0072101625813807
14061,69,69,0,1.025617427507904
14061,70,69,0,1.0153782774954165
14061,71,69,0,0.46781704100716104
14061,72,54,-15,-0.12268802037171245
14061,73,99,45,0.7755713148950576
14061,74,85,-14,1.1255197075788888
14061,75,83,-2,0.954935600127891
14061,76,84,1,0.618455995627746
14061,77,90,6,1.0973507303609031
14061,78,89,-1,0.97182028910653
14061,79,89,0,1.1744323718706908
14061,80,88,-1,0.9180115470443532
14061,81,89,1,0.6578264399247293
14061,82,96,7,-0.5623844095273433
14061,83,6,-90,1.1011784556828423
14061,84,2,-11,0.5417144587267909
14061,85,10,-23,0.5854827400474287
14061,86,13,-37,1.000227665750271
14061,87,12,-38,0.6601086482121494
14061,88,17,-47,0.9295718550747939
14061,89,15,-48,0.7714059404338753
14061,90,16,-48,0.6656934881004406
14061,91,9,-34,0.3076334398651696
14061,92,25,-60,0.7291584899918924
14061,93,31,-88,1.079110468398565
14061,94,31,-94,1.0941961418526343
14061,95,31,-94,1.0385839220260074
14061,96,31,-94,0.8296769104304782
14061,97,30,-92,0.8144554346955846
14061,98,29,-89,0.6315665201901309
14061,99,33,-96,0.8534399648909855
14061,100,32,-98,0.6269079828410237
14061,101,36,4,0.8202752283253142
14061,102,34,-2,0.5261815112447007
14061,103,41,7,0.9172056031951451
14061,104,41,0,1.1188776039607116
14061,105,41,0,1.0248671052521168
14061,106,41,0,0.8009900213737764
14061,107,43,2,0.6389654902427839
14061,108,37,-6,0.3202052728557995
14061,109,54,17,1.2778478116863818
14061,110,55,1,1.3530908480562194
14061,111,55,0,1.080996342192191
14061,112,55,0,1.4244312394025267
14061,113,55,0,1.2064930521102295
14061,114,55,0,1.0887638856292456
14061,115,55,0,1.1549268106858674
14061,116,55,0,0.9494863697213679
14061,117,55,0,0.7504433636070301
14061,118,52,-3,0.7481352712837503
14061,119,52,0,0.41396430748347385
14061,120,62,10,0.6440305345355157
14061,121,56,-6,0.05815798952677226
14061,122,88,32,0.7738963909987575
14061,123,95,7,0.8480635812259507
14061,124,80,-15,0.8058284164006088
14061,125,84,4,0.979457265053421
14061,126,84,0,0.7273625103273423
14061,127,89,5,0.07049276589714794
14061,128,53,-36,0.7409577065732217
14061,129,46,-7,7.163696484402443e-17
14061,130,80,34,0.85625034247895
14061,131,85,5,0.9331780890784426
14061,132,87,2,1.0649982956459483
14061,133,87,0,0.8229327874743312
14061,134,90,3,0.5648781545393553
14061,135,78,-12,1.1324094797480466
14061,136,77,-1,1.1174986263588473
14061,137,77,0,1.1152145431945308
14061,138,77,0,1.089977824771395
14061,139,77,0,0.8996387800515997
14061,140,78,1,0.8944249235221223
14061,141,79,1,0.7433751163705439
14061,142,83,4,0.2899740948350217
14061,143,59,-24,1.2470485939024682
14061,144,58,-1,0.9248478412587553
14061,145,57,-1,0.8224996325004302
14061,146,56,-1,0.5300290113883174
14061,147,65,9,0.8775955743036574
14061,148,65,0,0.7339993782951852
14061,149,67,2,0.8975057887706317
14061,150,67,0,1.0061500478897556
14061,151,67,0,0.8619100385069017
14061,152,66,-1,0.5966984652401846
14061,153,74,8,0.24911463787923865
14061,154,47,-27,0.7528224145213654
14061,155,42,-5,0.9182118345730331
14061,156,42,0,0.9555098231822307
14061,157,42,0,-0.3852551456267217
14061,158,99,57,0.8620898341301
14061,159,93,-6,1.0173827815819758
14061,160,91,-2,0.8901483636917858
14061,161,93,2,0.3878496742771704
14061,162,72,-21,0.4047660495999186
14061,163,85,13,0.9406108465050683
14061,164,86,1,0.7375855142090181
14061,165,90,4,0.40025274179192794
14061,166,70,-20,0.7961760331285952
14061,167,66,-4,0.45448205216224696
14061,168,78,12,1.031597729709467
14061,169,79,1,0.7220861285716662
14061,170,82,3,0.8925426849831897
14061,171,83,1,0.8439428070007695
14061,172,86,3,0.5023849283187127
14061,173,71,-15,0.6779993358333136
14061,174,75,4,0.8594467458154662
14061,175,76,1,0.5098272144081465
14061,176,84,8,0.043671812097821755
14061,177,46,-38,0.797080780181524
14061,178,41,-5,0.6181766147955746
14061,179,47,6,0.43072517158550006
14061,180,33,-14,0.7177241057206847
14061,181,29,-92,0.6240403041845237
14061,182,34,-98,0.07116193986039471
14061,183,0,-35,1.0674087615004817
14061,184,0,-1,0.8207251682205565
14061,185,3,-7,1.1966099489730186
14061,186,2,-8,0.8835428063355824
14061,187,3,-9,0.9323075183031614
14061,188,4,-12,0.8361638112563484
14061,189,4,-13,1.033338743685779
14061,190,4,-13,1.0496515136546285
14061,191,4,-13,0.7121935531509251
14061,192,2,-8,0.9508146723697714
14061,193,3,-9,0.7808987551455722
14061,194,3,-10,1.077810779437733
14061,195,3,-10,1.0311909242791664
14061,196,3,-10,0.8617567313229212
14061,197,3,-10,0.9721604305949517
14061,198,4,-12,0.9709639817257091
34119,0,43,-8,-0.2904972716826788
34119,1,99,56,1.1703613521219403
34119,2,96,-3,0.7893426256599675
34119,3,80,-16,0.8066711083488894
34119,4,83,3,0.796411211992636
34119,5,86,3,0.33186336773722463
34119,6,64,-22,0.49126029153648304
34119,7,73,9,-0.09265648118039277
34119,8,31,-42,0.768465806045284
34119,9,24,-80,0.3881586766246572
34119,10,38,14,0.6466077592675459
34119,11,41,3,1.0312284635697908
34119,12,41,0,0.8440101074815681
34119,13,41,0,1.1409065776948444
34119,14,41,0,0.8567870565009932
34119,15,41,0,0.9580973133730366
34119,16,41,0,1.4921258187552462
34119,17,42,1,1.2387279448564634
34119,18,42,0,1.0437276632107726
34119,19,43,1,1.0341851830958135
34119,20,43,0,0.7017192262789708
34119,21,47,4,0.32625396169163945
34119,22,27,-20,0.9395639881655826
34119,23,24,-76,0.37596352814482337
34119,24,37,-99,1.02585411760764
34119,25,38,1,0.9891030101318973
34119,26,39,1,0.6038835676901557
34119,27,32,-7,0.8247773117302721
34119,28,31,-95,0.8862118483468198
34119,29,30,-92,0.8804332670484007
34119,30,29,-89,0.7924340246969036
34119,31,28,-86,0.9049437265793145
34119,32,27,-83,1.4064906955536087
34119,33,27,-82,0.6853475080605458
34119,34,21,-70,0.057673030829137356
34119,35,50,29,0.9684104725661103
34119,36,53,3,0.7851798648237582
34119,37,54,1,0.6441211615809519
34119,38,48,-6,0.21364711372177364
34119,39,71,23,0.7589232329964422
34119,40,77,6,0.9726535723544962
34119,41,78,1,0.829469088017826
34119,42,80,2,0.8340227953021598
34119,43,83,3,0.8885971543022263
34119,44,84,1,0.468964790487306
34119,45,68,-16,0.4394972464677549
34119,46,83,15,0.8507871348550273
34119,47,86,3,1.036667432416685
34119,48,86,0,0.5910768824272645
34119,49,93,7,0.1076779453324866
34119,50,57,-36,0.8681635395127044
34119,51,52,-5,0.5117669665721866
34119,52,62,10,0.834135759783498
34119,53,61,-1,0.5848445737594032
34119,54,68,7,1.1783871994623727
34119,55,68,0,1.1034022081618526
34119,56,68,0,1.0717354355400792
34119,57,68,0,1.3793562216600648
34119,58,68,0,0.9782740072105652
34119,59,67,-1,0.8993048691767601
34119,60,66,-1,0.6923618841073854
34119,61,69,3,1.0947184861270363
34119,62,69,0,0.8433493415327525
34119,63,68,-1,0.8596877266943649
34119,64,69,1,1.0027917227376926
34119,65,69,0,1.2099089476040907
34119,66,69,0,1.009011450040346
34119,67,69,0,1.1091360222147424
34119,68,69,0,1.0072101625813807
34119,69,69,0,1.025617427507904
34119,70,69,0,1.0153782774954165
34119,71,69,0,0.46781704100716104
34119,72,54,-15,-0.12268802037171245
34119,73,99,45,0.7755713148950576
34119,74,85,-14,1.1255197075788888
34119,75,83,-2,0.954935600127891
34119,76,84,1,0.618455995627746
34119,77,90,6,1.0973507303609031
34119,78,89,-1,0.97182028910653
34119,79,89,0,1.1744323718706908
34119,80,88,-1,0.9180115470443532
34119,81,89,1,0.6578264399247293
34119,82,96,7,-0.5623844095273433
34119,83,6,-90,1.1011784556828423
34119,84,2,-11,0.5417144587267909
34119,85,10,-23,0.5854827400474287
34119,86,13,-37,1.000227665750271
34119,87,12,-38,0.6601086482121494
34119,88,17,-47,0.9295718550747939
34119,89,15,-48,0.7714059404338753
34119,90,16,-48,0.6656934881004406
34119,91,9,-34,0.3076334398651696
34119,92,25,-60,0.7291584899918924
34119,93,31,-88,1.079110468398565
34119,94,31,-94,1.0941961418526343
34119,95,31,-94,1.0385839220260074
34119,96,31,-94,0.8296769104304782
34119,97,30,-92,0.8144554346955846
34119,98,29,-89,0.6315665201901309
34119,99,33,-96,0.8534399648909855
34119,100,32,-98,0.6269079828410237
34119,101,36,4,0.8202752283253142
34119,102,34,-2,0.5261815112447007
34119,103,41,7,0.9172056031951451
34119,104,41,0,1.1188776039607116
34119,105,41,0,1.0248671052521168
34119,106,41,0,0.8009900213737764
34119,107,43,2,0.6389654902427839
34119,108,37,-6,0.3202052728557995
34119,109,54,17,1.2778478116863818
34119,110,55,1,1.3530908480562194
34119,111,55,0,1.080996342192191
34119,112,55,0,1.4244312394025267
34119,113,55,0,1.2064930521102295
34119,114,55,0,1.0887638856292456
34119,115,55,0,1.1549268106858674
34119,116,55,0,0.9494863697213679
34119,117,55,0,0.7504433636070301
34119,118,52,-3,0.7481352712837503
34119,119,52,0,0.41396430748347385
34119,120,62,10,0.6440305345355157
34119,121,56,-6,0.05815798952677226
34119,122,88,32,0.7738963909987575
34119,123,95,7,0.8480635812259507
34119,124,80,-15,0.8058284164006088
34119,125,84,4,0.979457265053421
34119,126,84,0,0.7273625103273423
34119,127,89,5,0.07049276589714794
34119,128,53,-36,0.7409577065732217
34119,129,46,-7,7.163696484402443e-17
34119,130,80,34,0.85625034247895
34119,131,85,5,0.9331780890784426
34119,132,87,2,1.0649982956459483
34119,133,87,0,0.8229327874743312
34119,134,90,3,0.5648781545393553
34119,135,78,-12,1.1324094797480466
34119,136,77,-1,1.1174986263588473
34119,137,77,0,1.1152145431945308
34119,138,77,0,1.089977824771395
34119,139,77,0,0.8996387800515997
34119,140,78,1,0.8944249235221223
34119,141,79,1,0.7433751163705439
34119,142,83,4,0.2899740948350217
34119,143,59,-24,1.2470485939024682
34119,144,58,-1,0.9248478412587553
34119,145,57,-1,0.8224996325004302
34119,146,56,-1,0.5300290113883174
34119,147,65,9,0.8775955743036574
34119,148,65,0,0.7339993782951852
34119,149,67,2,0.8975057887706317
34119,150,67,0,1.0061500478897556
34119,151,67,0,0.8619100385069017
34119,152,66,-1,0.5966984652401846
34119,153,74,8,0.24911463787923865
34119,154,47,-27,0.7528224145213654
34119,155,42,-5,0.9182118345730331
34119,156,42,0,0.9555098231822307
34119,157,42,0,-0.3852551456267217
34119,158,99,57,0.8620898341301
34119,159,93,-6,1.0173827815819758
34119,160,91,-2,0.8901483636917858
34119,161,93,2,0.3878496742771704
34119,162,72,-21,0.4047660495999186
34119,163,85,13,0.9406108465050683
34119,164,86,1,0.7375855142090181
34119,165,90,4,0.40025274179192794
34119,166,70,-20,0.7961760331285952
34119,167,66,-4,0.45448205216224696
34119,168,78,12,1.031597729709467
34119,169,79,1,0.7220861285716662
34119,170,82,3,0.8925426849831897
34119,171,83,1,0.8439428070007695
34119,172,86,3,0.5023849283187127
34119,173,71,-15,0.6779993358333136
34119,174,75,4,0.8594467458154662
34119,175,76,1,0.5098272144081465
34119,176,84,8,0.043671812097821755
34119,177,46,-38,0.797080780181524
34119,178,41,-5,0.6181766147955746
34119,179,47,6,0.43072517158550006
34119,180,33,-14,0.7177241057206847
34119,181,29,-92,0.6240403041845237
34119,182,34,-98,0.07116193986039471
34119,183,0,-35,1.0674087615004817
34119,184,0,-1,0.8207251682205565
34119,185,3,-7,1.1966099489730186
34119,186,2,-8,0.8835428063355824
34119,187,3,-9,0.9323075183031614
34119,188,4,-12,0.8361638112563484
34119,189,4,-13,1.033338743685779
34119,190,4,-13,1.0496515136546285
34119,191,4,-13,0.7121935531509251
34119,192,2,-8,0.9508146723697714
34119,193,3,-9,0.7808987551455722
34119,194,3,-10,1.077810779437733
34119,195,3,-10,1.0311909242791664
34119,196,3,-10,0.8617567313229212
34119,197,3,-10,0.9721604305949517
34119,198,4,-12,0.9709639817257091
82630,0,43,-8,-0.2904972716826788
82630,1,99,56,1.1703613521219403
82630,2,96,-3,0.7893426256599675
82630,3,80,-16,0.8066711083488894
82630,4,83,3,0.796411211992636
82630,5,86,3,0.33186336773722463
82630,6,64,-22,0.49126029153648304
82630,7,73,9,-0.09265648118039277
82630,8,31,-42,0.768465806045284
82630,9,24,-80,0.3881586766246572
82630,10,38,14,0.6466077592675459
82630,11,41,3,1.0312284635697908
82630,12,41,0,0.8440101074815681
82630,13,41,0,1.1409065776948444
82630,14,41,0,0.8567870565009932
82630,15,41,0,0.9580973133730366
82630,16,41,0,1.4921258187552462
82630,17,42,1,1.2387279448564634
82630,18,42,0,1.0437276632107726
82630,19,43,1,1.0341851830958135
82630,20,43,0,0.7017192262789708
82630,21,47,4,0.32625396169163945
82630,22,27,-20,0.9395639881655826
82630,23,24,-76,0.37596352814482337
82630,24,37,-99,1.02585411760764
82630,25,38,1,0.9891030101318973
82630,26,39,1,0.6038835676901557
82630,27,32,-7,0.8247773117302721
82630,28,31,-95,0.8862118483468198
82630,29,30,-92,0.8804332670484007
82630,30,29,-89,0.7924340246969036
82630,31,28,-86,0.9049437265793145
82630,32,27,-83,1.4064906955536087
82630,33,27,-82,0.6853475080605458
82630,34,21,-70,0.057673030829137356
82630,35,50,29,0.9684104725661103
82630,36,53,3,0.7851798648237582
82630,37,54,1,0.6441211615809519
82630,38,48,-6,0.21364711372177364
82630,39,71,23,0.7589232329964422
82630,40,77,6,0.9726535723544962
82630,41,78,1,0.829469088017826
82630,42,80,2,0.8340227953021598
82630,43,83,3,0.8885971543022263
82630,44,84,1,0.468964790487306
82630,45,68,-16,0.4394972464677549
82630,46,83,15,0.8507871348550273
82630,47,86,3,1.036667432416685
82630,48,86,0,0.5910768824272645
82630,49,93,7,0.1076779453324866
82630,50,57,-36,0.8681635395127044
82630,51,52,-5,0.5117669665721866
82630,52,62,10,0.834135759783498
82630,53,61,-1,0.5848445737594032
82630,54,68,7,1.1783871994623727
82630,55,68,0,1.1034022081618526
82630,56,68,0,1.0717354355400792
82630,57,68,0,1.3793562216600648
82630,58,68,0,0.9782740072105652
82630,59,67,-1,0.8993048691767601
82630,60,66,-1,0.6923618841073854
82630,61,69,3,1.0947184861270363
82630,62,69,0,0.8433493415327525
82630,63,68,-1,0.8596877266943649
82630,64,69,1,1.0027917227376926
82630,65,69,0,1.2099089476040907
82630,66,69,0,1.009011450040346
82630,67,69,0,1.1091360222147424
82630,68,69,0,1.0072101625813807
82630,69,69,0,1.025617427507904
82630,70,69,0,1.0153782774954165
82630,71,69,0,0.46781704100716104
82630,72,54,-15,-0.12268802037171245
82630,73,99,45,0.7755713148950576
82630,74,85,-14,1.1255197075788888
82630,75,83,-2,0.954935600127891
82630,76,84,1,0.618455995627746
82630,77,90,6,1.0973507303609031
82630,78,89,-1,0.97182028910653
82630,79,89,0,1.1744323718706908
82630,80,88,-1,0.9180115470443532
82630,81,89,1,0.6578264399247293
82630,82,96,7,-0.5623844095273433
82630,83,6,-90,1.1011784556828423
82630,84,2,-11,0.5417144587267909
82630,85,10,-23,0.5854827400474287
82630,86,13,-37,1.000227665750271
82630,87,12,-38,0.6601086482121494
82630,88,17,-47,0.9295718550747939
82630,89,15,-48,0.7714059404338753
82630,90,16,-48,0.6656934881004406
82630,91,9,-34,0.3076334398651696
82630,92,25,-60,0.7291584899918924
82630,93,31,-88,1.079110468398565
82630,94,31,-94,1.0941961418526343
82630,95,31,-94,1.0385839220260074
82630,96,31,-94,0.8296769104304782
82630,97,30,-92,0.8144554346955846
82630,98,29,-89,0.6315665201901309
82630,99,33,-96,0.8534399648909855
82630,100,32,-98,0.6269079828410237
82630,101,36,4,0.8202752283253142
82630,102,34,-2,0.5261815112447007
82630,103,41,7,0.9172056031951451
82630,104,41,0,1.1188776039607116
82630,105,41,0,1.0248671052521168
82630,106,41,0,0.8009900213737764
82630,107,43,2,0.6389654902427839
82630,108,37,-6,0.3202052728557995
82630,109,54,17,1.2778478116863818
82630,110,55,1,1.3530908480562194
82630,111,55,0,1.080996342192191
82630,112,55,0,1.4244312394025267
82630,113,55,0,1.2064930521102295
82630,114,55,0,1.0887638856292456
82630,115,55,0,1.1549268106858674
82630,116,55,0,0.9494863697213679
82630,117,55,0,0.7504433636070301
82630,118,52,-3,0.7481352712837503
82630,119,52,0,0.41396430748347385
82630,120,62,10,0.6440305345355157
82630,121,56,-6,0.05815798952677226
82630,122,88,32,0.7738963909987575
82630,123,95,7,0.8480635812259507
82630,124,80,-15,0.8058284164006088
82630,125,84,4,0.979457265053421
82630,126,84,0,0.7273625103273423
82630,127,89,5,0.07049276589714794
82630,128,53,-36,0.7409577065732217
82630,129,46,-7,7.163696484402443e-17
82630,130,80,34,0.85625034247895
82630,131,85,5,0.9331780890784426
82630,132,87,2,1.0649982956459483
82630,133,87,0,0.8229327874743312
82630,134,90,3,0.5648781545393553
82630,135,78,-12,1.1324094797480466
82630,136,77,-1,1.1174986263588473
82630,137,77,0,1.1152145431945308
82630,138,77,0,1.089977824771395
82630,139,77,0,0.8996387800515997
82630,140,78,1,0.8944249235221223
82630,141,79,1,0.7433751163705439
82630,142,83,4,0.2899740948350217
82630,143,59,-24,1.2470485939024682
82630,144,58,-1,0.9248478412587553
82630,145,57,-1,0.8224996325004302
82630,146,56,-1,0.5300290113883174
82630,147,65,9,0.8775955743036574
82630,148,65,0,0.7339993782951852
82630,149,67,2,0.8975057887706317
82630,150,67,0,1.0061500478897556
82630,151,67,0,0.8619100385069017
82630,152,66,-1,0.5966984652401846
82630,153,74,8,0.24911463787923865
82630,154,47,-27,0.7528224145213654
82630,155,42,-5,0.9182118345730331
82630,156,42,0,0.9555098231822307
82630,157,42,0,-0.3852551456267217
82630,158,99,57,0.8620898341301
82630,159,93,-6,1.0173827815819758
82630,160,91,-2,0.8901483636917858
82630,161,93,2,0.3878496742771704
82630,162,72,-21,0.4047660495999186
82630,163,85,13,0.9406108465050683
82630,164,86,1,0.7375855142090181
82630,165,90,4,0.40025274179192794
82630,166,70,-20,0.7961760331285952
82630,167,66,-4,0.45448205216224696
82630,168,78,12,1.031597729709467
82630,169,79,1,0.7220861285716662
82630,170,82,3,0.8925426849831897
82630,171,83,1,0.8439428070007695
82630,172,86,3,0.5023849283187127
82630,173,71,-15,0.6779993358333136
82630,174,75,4,0.8594467458154662
82630,175,76,1,0.5098272144081465
82630,176,84,8,0.043671812097821755
82630,177,46,-38,0.797080780181524
82630,178,41,-5,0.6181766147955746
82630,179,47,6,0.43072517158550006
82630,180,33,-14,0.7177241057206847
82630,181,29,-92,0.6240403041845237
82630,182,34,-98,0.07116193986039471
82630,183,0,-35,1.0674087615004817
82630,184,0,-1,0.8207251682205565
82630,185,3,-7,1.1966099489730186
82630,186,2,-8,0.8835428063355824
82630,187,3,-9,0.9323075183031614
82630,188,4,-12,0.8361638112563484
82630,189,4,-13,1.033338743685779
82630,190,4,-13,1.0496515136546285
82630,191,4,-13,0.7121935531509251
82630,192,2,-8,0.9508146723697714
82630,193,3,-9,0.7808987551455722
82630,194,3,-10,1.077810779437733
82630,195,3,-10,1.0311909242791664
82630,196,3,-10,0.8617567313229212
82630,197,3,-10,0.9721604305949517
82630,198,4,-12,0.9709639817257091
83674,0,43,-8,-0.2904972716826788
83674,1,99,56,1.1703613521219403
83674,2,96,-3,0.7893426256599675
83674,3,80,-16,0.8066711083488894
83674,4,83,3,0.796411211992636
83674,5,86,3,0.33186336773722463
83674,6,64,-22,0.49126029153648304
83674,7,73,9,-0.09265648118039277
83674,8,31,-42,0.768465806045284
83674,9,24,-80,0.3881586766246572
83674,10,38,14,0.6466077592675459
83674,11,41,3,1.0312284635697908
83674,12,41,0,0.8440101074815681
83674,13,41,0,1.1409065776948444
83674,14,41,0,0.8567870565009932
83674,15,41,0,0.9580973133730366
83674,16,41,0,1.4921258187552462
83674,17,42,1,1.2387279448564634
83674,18,42,0,1.0437276632107726
83674,19,43,1,1.0341851830958135
83674,20,43,0,0.7017192262789708
83674,21,47,4,0.32625396169163945
83674,22,27,-20,0.9395639881655826
83674,23,24,-76,0.37596352814482337
83674,24,37,-99,1.02585411760764
83674,25,38,1,0.9891030101318973
83674,26,39,1,0.6038835676901557
83674,27,32,-7,0.8247773117302721
83674,28,31,-95,0.8862118483468198
83674,29,30,-92,0.8804332670484007
83674,30,29,-89,0.7924340246969036
83674,31,28,-86,0.9049437265793145
83674,32,27,-83,1.4064906955536087
83674,33,27,-82,0.6853475080605458
83674,34,21,-70,0.057673030829137356
83674,35,50,29,0.9684104725661103
83674,36,53,3,0.7851798648237582
83674,37,54,1,0.6441211615809519
83674,38,48,-6,0.21364711372177364
83674,39,71,23,0.7589232329964422
83674,40,77,6,0.9726535723544962
83674,41,78,1,0.829469088017826
83674,42,80,2,0.8340227953021598
83674,43,83,3,0.8885971543022263
83674,44,84,1,0.468964790487306
83674,45,68,-16,0.4394972464677549
83674,46,83,15,0.8507871348550273
83674,47,86,3,1.036667432416685
83674,48,86,0,0.5910768824272645
83674,49,93,7,0.1076779453324866
83674,50,57,-36,0.8681635395127044
83674,51,52,-5,0.5117669665721866
83674,52,62,10,0.834135759783498
83674,53,61,-1,0.5848445737594032
83674,54,68,7,1.1783871994623727
83674,55,68,0,1.1034022081618526
83674,56,68,0,1.0717354355400792
83674,57,68,0,1.3793562216600648
83674,58,68,0,0.9782740072105652
83674,59,67,-1,0.8993048691767601
83674,60,66,-1,0.6923618841073854
83674,61,69,3,1.0947184861270363
83674,62,69,0,0.8433493415327525
83674,63,68,-1,0.8596877266943649
83674,64,69,1,1.0027917227376926
83674,65,69,0,1.2099089476040907
83674,66,69,0,1.009011450040346
83674,67,69,0,1.1091360222147424
83674,68,69,0,1.0072101625813807
83674,69,69,0,1.025617427507904
83674,70,69,0,1.0153782774954165
83674,71,69,0,0.46781704100716104
83674,72,54,-15,-0.12268802037171245
83674,73,99,45,0.7755713148950576
83674,74,85,-14,1.1255197075788888
83674,75,83,-2,0.954935600127891
83674,76,84,1,0.618455995627746
83674,77,90,6,1.0973507303609031
83674,78,89,-1,0.97182028910653
83674,79,89,0,1.1744323718706908
83674,80,88,-1,0.9180115470443532
83674,81,89,1,0.6578264399247293
83674,82,96,7,-0.5623844095273433
83674,83,6,-90,1.1011784556828423
83674,84,2,-11,0.5417144587267909
83674,85,10,-23,0.5854827400474287
83674,86,13,-37,1.000227665750271
83674,87,12,-38,0.6601086482121494
83674,88,17,-47,0.9295718550747939
83674,89,15,-48,0.7714059404338753
83674,90,16,-48,0.6656934881004406
83674,91,9,-34,0.3076334398651696
83674,92,25,-60,0.7291584899918924
83674,93,31,-88,1.079110468398565
83674,94,31,-94,1.0941961418526343
83674,95,31,-94,1.0385839220260074
83674,96,31,-94,0.8296769104304782
83674,97,30,-92,0.8144554346955846
83674,98,29,-89,0.6315665201901309
83674,99,33,-96,0.8534399648909855
83674,100,32,-98,0.6269079828410237
83674,101,36,4,0.8202752283253142
83674,102,34,-2,0.5261815112447007
83674,103,41,7,0.9172056031951451
83674,104,41,0,1.1188776039607116
83674,105,41,0,1.0248671052521168
83674,106,41,0,0.8009900213737764
83674,107,43,2,0.6389654902427839
83674,108,37,-6,0.3202052728557995
83674,109,54,17,1.2778478116863818
83674,110,55,1,1.3530908480562194
83674,111,55,0,1.080996342192191
83674,112,55,0,1.4244312394025267
83674,113,55,0,1.2064930521102295
83674,114,55,0,1.0887638856292456
83674,115,55,0,1.1549268106858674
83674,116,55,0,0.9494863697213679
83674,117,55,0,0.7504433636070301
83674,118,52,-3,0.7481352712837503
83674,119,52,0,0.41396430748347385
83674,120,62,10,0.6440305345355157
83674,121,56,-6,0.05815798952677226
83674,122,88,32,0.7738963909987575
83674,123,95,7,0.8480635812259507
83674,124,80,-15,0.8058284164006088
83674,125,84,4,0.979457265053421
83674,126,84,0,0.7273625103273423
83674,127,89,5,0.07049276589714794
83674,128,53,-36,0.7409577065732217
83674,129,46,-7,7.163696484402443e-17
83674,130,80,34,0.85625034247895
83674,131,85,5,0.9331780890784426
83674,132,87,2,1.0649982956459483
83674,133,87,0,0.8229327874743312
83674,134,90,3,0.5648781545393553
83674,135,78,-12,1.1324094797480466
83674,136,77,-1,1.1174986263588473
83674,137,77,0,1.1152145431945308
83674,138,77,0,1.089977824771395
83674,139,77,0,0.8996387800515997
83674,140,78,1,0.8944249235221223
83674,141,79,1,0.7433751163705439
83674,142,83,4,0.2899740948350217
83674,143,59,-24,1.2470485939024682
83674,144,58,-1,0.9248478412587553
83674,145,57,-1,0.8224996325004302
83674,146,56,-1,0.5300290113883174
83674,147,65,9,0.8775955743036574
83674,148,65,0,0.7339993782951852
83674,149,67,2,0.8975057887706317
83674,150,67,0,1.0061500478897556
83674,151,67,0,0.8619100385069017
83674,152,66,-1,0.5966984652401846
83674,153,74,8,0.24911463787923865
83674,154,47,-27,0.7528224145213654
83674,155,42,-5,0.9182118345730331
83674,156,42,0,0.9555098231822307
83674,157,42,0,-0.3852551456267217
83674,158,99,57,0.8620898341301
83674,159,93,-6,1.0173827815819758
83674,160,91,-2,0.8901483636917858
83674,161,93,2,0.3878496742771704
83674,162,72,-21,0.4047660495999186
83674,163,85,13,0.9406108465050683
83674,164,86,1,0.7375855142090181
83674,165,90,4,0.40025274179192794
83674,166,70,-20,0.7961760331285952
83674,167,66,-4,0.45448205216224696
83674,168,78,12,1.031597729709467
83674,169,79,1,0.7220861285716662
83674,170,82,3,0.8925426849831897
83674,171,83,1,0.8439428070007695
83674,172,86,3,0.5023849283187127
83674,173,71,-15,0.6779993358333136
83674,174,75,4,0.8594467458154662
83674,175,76,1,0.5098272144081465
83674,176,84,8,0.043671812097821755
83674,177,46,-38,0.797080780181524
83674,178,41,-5,0.6181766147955746
83674,179,47,6,0.43072517158550006
83674,180,33,-14,0.7177241057206847
83674,181,29,-92,0.6240403041845237
83674,182,34,-98,0.07116193986039471
83674,183,0,-35,1.0674087615004817
83674,184,0,-1,0.8207251682205565
83674,185,3,-7,1.1966099489730186
83674,186,2,-8,0.8835428063355824
83674,187,3,-9,0.9323075183031614
83674,188,4,-12,0.8361638112563484
83674,189,4,-13,1.033338743685779
83674,190,4,-13,1.0496515136546285
83674,191,4,-13,0.7121935531509251
83674,192,2,-8,0.9508146723697714
83674,193,3,-9,0.7808987551455722
83674,194,3,-10,1.077810779437733
83674,195,3,-10,1.0311909242791664
83674,196,3,-10,0.8617567313229212
83674,197,3,-10,0.9721604305949517
83674,198,4,-12,0.9709639817257091
78721,0,43,-8,-0.2904972716826788
78721,1,99,56,1.1703613521219403
78721,2,96,-3,0.7893426256599675
78721,3,80,-16,0.8066711083488894
78721,4,83,3,0.796411211992636
78721,5,86,3,0.33186336773722463
78721,6,64,-22,0.49126029153648304
78721,7,73,9,-0.09265648118039277
78721,8,31,-42,0.768465806045284
78721,9,24,-80,0.3881586766246572
78721,10,38,14,0.6466077592675459
78721,11,41,3,1.0312284635697908
78721,12,41,0,0.8440101074815681
78721,13,41,0,1.1409065776948444
78721,14,41,0,0.8567870565009932
78721,15,41,0,0.9580973133730366
78721,16,41,0,1.4921258187552462
78721,17,42,1,1.2387279448564634
78721,18,42,0,1.0437276632107726
78721,19,43,1,1.0341851830958135
78721,20,43,0,0.7017192262789708
78721,21,47,4,0.32625396169163945
78721,22,27,-20,0.9395639881655826
78721,23,24,-76,0.37596352814482337
78721,24,37,-99,1.02585411760764
78721,25,38,1,0.9891030101318973
78721,26,39,1,0.6038835676901557
78721,27,32,-7,0.8247773117302721
78721,28,31,-95,0.8862118483468198
78721,29,30,-92,0.8804332670484007
78721,30,29,-89,0.7924340246969036
78721,31,28,-86,0.9049437265793145
78721,32,27,-83,1.4064906955536087
78721,33,27,-82,0.6853475080605458
78721,34,21,-70,0.057673030829137356
78721,35,50,29,0.9684104725661103
78721,36,53,3,0.7851798648237582
78721,37,54,1,0.6441211615809519
78721,38,48,-6,0.21364711372177364
78721,39,71,23,0.7589232329964422
78721,40,77,6,0.9726535723544962
78721,41,78,1,0.829469088017826
78721,42,80,2,0.8340227953021598
78721,43,83,3,0.8885971543022263
78721,44,84,1,0.468964790487306
78721,45,68,-16,0.4394972464677549
78721,46,83,15,0.8507871348550273
78721,47,86,3,1.036667432416685
78721,48,86,0,0.5910768824272645
78721,49,93,7,0.1076779453324866
78721,50,57,-36,0.8681635395127044
78721,51,52,-5,0.5117669665721866
78721,52,62,10,0.834135759783498
78721,53,61,-1,0.5848445737594032
78721,54,68,7,1.1783871994623727
78721,55,68,0,1.1034022081618526
78721,56,68,0,1.0717354355400792
78721,57,68,0,1.3793562216600648
78721,58,68,0,0.9782740072105652
78721,59,67,-1,0.8993048691767601
78721,60,66,-1,0.6923618841073854
78721,61,69,3,1.0947184861270363
78721,62,69,0,0.8433493415327525
78721,63,68,-1,0.8596877266943649
78721,64,69,1,1.0027917227376926
78721,65,69,0,1.2099089476040907
78721,66,69,0,1.009011450040346
78721,67,69,0,1.1091360222147424
78721,68,69,0,1.0072101625813807
78721,69,69,0,1.025617427507904
78721,70,69,0,1.0153782774954165
78721,71,69,0,0.46781704100716104
78721,72,54,-15,-0.12268802037171245
78721,73,99,45,0.7755713148950576
78721,74,85,-14,1.1255197075788888
78721,75,83,-2,0.954935600127891
78721,76,84,1,0.618455995627746
78721,77,90,6,1.0973507303609031
78721,78,89,-1,0.97182028910653
78721,79,89,0,1.1744323718706908
78721,80,88,-1,0.9180115470443532
78721,81,89,1,0.6578264399247293
78721,82,96,7,-0.5623844095273433
78721,83,6,-90,1.1011784556828423
78721,84,2,-11,0.5417144587267909
78721,85,10,-23,0.5854827400474287
78721,86,13,-37,1.000227665750271
78721,87,12,-38,0.6601086482121494
78721,88,17,-47,0.9295718550747939
78721,89,15,-48,0.7714059404338753
78721,90,16,-48,0.6656934881004406
78721,91,9,-34,0.3076334398651696
78721,92,25,-60,0.7291584899918924
78721,93,31,-88,1.079110468398565
78721,94,31,-94,1.0941961418526343
78721,95,31,-94,1.0385839220260074
78721,96,31,-94,0.8296769104304782
78721,97,30,-92,0.8144554346955846
78721,98,29,-89,0.6315665201901309
78721,99,33,-96,0.8534399648909855
78721,100,32,-98,0.6269079828410237
78721,101,36,4,0.8202752283253142
78721,102,34,-2,0.5261815112447007
78721,103,41,7,0.9172056031951451
78721,104,41,0,1.1188776039607116
78721,105,41,0,1.0248671052521168
78721,106,41,0,0.8009900213737764
78721,107,43,2,0.6389654902427839
78721,108,37,-6,0.3202052728557995
78721,109,54,17,1.2778478116863818
78721,110,55,1,1.3530908480562194
78721,111,55,0,1.080996342192191
78721,112,55,0,1.4244312394025267
78721,113,55,0,1.2064930521102295
78721,114,55,0,1.0887638856292456
78721,115,55,0,1.1549268106858674
78721,116,55,0,0.9494863697213679
78721,117,55,0,0.7504433636070301
78721,118,52,-3,0.7481352712837503
78721,119,52,0,0.41396430748347385
78721,120,62,10,0.6440305345355157
78721,121,56,-6,0.05815798952677226
78721,122,88,32,0.7738963909987575
78721,123,95,7,0.8480635812259507
78721,124,80,-15,0.8058284164006088
78721,125,84,4,0.979457265053421
78721,126,84,0,0.7273625103273423
78721,127,89,5,0.07049276589714794
78721,128,53,-36,0.7409577065732217
78721,129,46,-7,7.163696484402443e-17
78721,130,80,34,0.85625034247895
78721,131,85,5,0.9331780890784426
78721,132,87,2,1.0649982956459483
78721,133,87,0,0.8229327874743312
78721,134,90,3,0.5648781545393553
78721,135,78,-12,1.1324094797480466
78721,136,77,-1,1.1174986263588473
78721,137,77,0,1.1152145431945308
78721,138,77,0,1.089977824771395
78721,139,77,0,0.8996387800515997
78721,140,78,1,0.8944249235221223
78721,141,79,1,0.7433751163705439
78721,142,83,4,0.2899740948350217
78721,143,59,-24,1.2470485939024682
78721,144,58,-1,0.9248478412587553
78721,145,57,-1,0.8224996325004302
78721,146,56,-1,0.5300290113883174
78721,147,65,9,0.8775955743036574
78721,148,65,0,0.7339993782951852
78721,149,67,2,0.8975057887706317
78721,150,67,0,1.0061500478897556
78721,151,67,0,0.8619100385069017
78721,152,66,-1,0.5966984652401846
78721,153,74,8,0.24911463787923865
78721,154,47,-27,0.7528224145213654
78721,155,42,-5,0.9182118345730331
78721,156,42,0,0.9555098231822307
78721,157,42,0,-0.3852551456267217
78721,158,99,57,0.8620898341301
78721,159,93,-6,1.0173827815819758
78721,160,91,-2,0.8901483636917858
78721,161,93,2,0.3878496742771704
78721,162,72,-21,0.4047660495999186
78721,163,85,13,0.9406108465050683
78721,164,86,1,0.7375855142090181
78721,165,90,4,0.40025274179192794
78721,166,70,-20,0.7961760331285952
78721,167,66,-4,0.45448205216224696
78721,168,78,12,1.031597729709467
78721,169,79,1,0.7220861285716662
78721,170,82,3,0.8925426849831897
78721,171,83,1,0.8439428070007695
78721,172,86,3,0.5023849283187127
78721,173,71,-15,0.6779993358333136
78721,174,75,4,0.8594467458154662
78721,175,76,1,0.5098272144081465
78721,176,84,8,0.043671812097821755
78721,177,46,-38,0.797080780181524
78721,178,41,-5,0.6181766147955746
78721,179,47,6,0.43072517158550006
78721,180,33,-14,0.7177241057206847
78721,181,29,-92,0.6240403041845237
78721,182,34,-98,0.07116193986039471
78721,183,0,-35,1.0674087615004817
78721,184,0,-1,0.8207251682205565
78721,185,3,-7,1.1966099489730186
78721,186,2,-8,0.8835428063355824
78721,187,3,-9,0.9323075183031614
78721,188,4,-12,0.8361638112563484
78721,189,4,-13,1.033338743685779
78721,190,4,-13,1.0496515136546285
78721,191,4,-13,0.7121935531509251
78721,192,2,-8,0.9508146723697714
78721,193,3,-9,0.7808987551455722
78721,194,3,-10,1.077810779437733
78721,195,3,-10,1.0311909242791664
78721,196,3,-10,0.8617567313229212
78721,197,3,-10,0.9721604305949517
78721,198,4,-12,0.9709639817257091
64575,0,43,-8,-0.2904972716826788
64575,1,99,56,1.1703613521219403
64575,2,96,-3,0.7893426256599675
64575,3,80,-16,0.8066711083488894
64575,4,83,3,0.796411211992636
64575,5,86,3,0.33186336773722463
64575,6,64,-22,0.49126029153648304
64575,7,73,9,-0.09265648118039277
64575,8,31,-42,0.768465806045284
64575,9,24,-80,0.3881586766246572
64575,10,38,14,0.6466077592675459
64575,11,41,3,1.0312284635697908
64575,12,41,0,0.8440101074815681
64575,13,41,0,1.1409065776948444
64575,14,41,0,0.8567870565009932
64575,15,41,0,0.9580973133730366
64575,16,41,0,1.4921258187552462
64575,17,42,1,1.2387279448564634
64575,18,42,0,1.0437276632107726
64575,19,43,1,1.0341851830958135
64575,20,43,0,0.7017192262789708
64575,21,47,4,0.32625396169163945
64575,22,27,-20,0.9395639881655826
64575,23,24,-76,0.37596352814482337
64575,24,37,-99,1.02585411760764
64575,25,38,1,0.9891030101318973
64575,26,39,1,0.6038835676901557
64575,27,32,-7,0.8247773117302721
64575,28,31,-95,0.8862118483468198
64575,29,30,-92,0.8804332670484007
64575,30,29,-89,0.7924340246969036
64575,31,28,-86,0.9049437265793145
64575,32,27,-83,1.4064906955536087
64575,33,27,-82,0.6853475080605458
64575,34,21,-70,0.057673030829137356
64575,35,50,29,0.9684104725661103
64575,36,53,3,0.7851798648237582
64575,37,54,1,0.6441211615809519
64575,38,48,-6,0.21364711372177364
64575,39,71,23,0.7589232329964422
64575,40,77,6,0.9726535723544962
64575,41,78,1,0.829469088017826
64575,42,80,2,0.8340227953021598
64575,43,83,3,0.8885971543022263
64575,44,84,1,0.468964790487306
64575,45,68,-16,0.4394972464677549
64575,46,83,15,0.8507871348550273
64575,47,86,3,1.036667432416685
64575,48,86,0,0.5910768824272645
64575,49,93,7,0.1076779453324866
64575,50,57,-36,0.8681635395127044
64575,51,52,-5,0.5117669665721866
64575,52,62,10,0.834135759783498
64575,53,61,-1,0.5848445737594032
64575,54,68,7,1.1783871994623727
64575,55,68,0,1.1034022081618526
64575,56,68,0,1.0717354355400792
64575,57,68,0,1.3793562216600648
64575,58,68,0,0.9782740072105652
64575,59,67,-1,0.8993048691767601
64575,60,66,-1,0.6923618841073854
64575,61,69,3,1.0947184861270363
64575,62,69,0,0.8433493415327525
64575,63,68,-1,0.8596877266943649
64575,64,69,1,1.0027917227376926
64575,65,69,0,1.2099089476040907
64575,66,69,0,1.009011450040346
64575,67,69,0,1.1091360222147424
64575,68,69,0,1.0072101625813807
64575,69,69,0,1.025617427507904
64575,70,69,0,1.0153782774954165
64575,71,69,0,0.46781704100716104
64575,72,54,-15,-0.12268802037171245
64575,73,99,45,0.7755713148950576
64575,74,85,-14,1.1255197075788888
64575,75,83,-2,0.954935600127891
64575,76,84,1,0.618455995627746
64575,77,90,6,1.0973507303609031
64575,78,89,-1,0.97182028910653
64575,79,89,0,1.1744323718706908
64575,80,88,-1,0.9180115470443532
64575,81,89,1,0.6578264399247293
64575,82,96,7,-0.5623844095273433
64575,83,6,-90,1.1011784556828423
64575,84,2,-11,0.5417144587267909
64575,85,10,-23,0.5854827400474287
64575,86,13,-37,1.000227665750271
64575,87,12,-38,0.6601086482121494
64575,88,17,-47,0.9295718550747939
64575,89,15,-48,0.7714059404338753
64575,90,16,-48,0.6656934881004406
64575,91,9,-34,0.3076334398651696
64575,92,25,-60,0.7291584899918924
64575,93,31,-88,1.079110468398565
64575,94,31,-94,1.0941961418526343
64575,95,31,-94,1.0385839220260074
64575,96,31,-94,0.8296769104304782
64575,97,30,-92,0.8144554346955846
64575,98,29,-89,0.6315665201901309
64575,99,33,-96,0.8534399648909855
64575,100,32,-98,0.6269079828410237
64575,101,36,4,0.8202752283253142
64575,102,34,-2,0.5261815112447007
64575,103,41,7,0.9172056031951451
64575,104,41,0,1.1188776039607116
64575,105,41,0,1.0248671052521168
64575,106,41,0,0.8009900213737764
64575,107,43,2,0.6389654902427839
64575,108,37,-6,0.3202052728557995
64575,109,54,17,1.2778478116863818
64575,110,55,1,1.3530908480562194
64575,111,55,0,1.080996342192191
64575,112,55,0,1.4244312394025267
64575,113,55,0,1.2064930521102295
64575,114,55,0,1.0887638856292456
64575,115,55,0,1.1549268106858674
64575,116,55,0,0.9494863697213679
64575,117,55,0,0.7504433636070301
64575,118,52,-3,0.7481352712837503
64575,119,52,0,0.41396430748347385
64575,120,62,10,0.6440305345355157
64575,121,56,-6,0.05815798952677226
64575,122,88,32,0.7738963909987575
64575,123,95,7,0.8480635812259507
64575,124,80,-15,0.8058284164006088
64575,125,84,4,0.979457265053421
64575,126,84,0,0.7273625103273423
64575,127,89,5,0.07049276589714794
64575,128,53,-36,0.7409577065732217
64575,129,46,-7,7.163696484402443e-17
64575,130,80,34,0.85625034247895
64575,131,85,5,0.9331780890784426
64575,132,87,2,1.0649982956459483
64575,133,87,0,0.8229327874743312
64575,134,90,3,0.5648781545393553
64575,135,78,-12,1.1324094797480466
64575,136,77,-1,1.1174986263588473
64575,137,77,0,1.1152145431945308
64575,138,77,0,1.089977824771395
64575,139,77,0,0.8996387800515997
64575,140,78,1,0.8944249235221223
64575,141,79,1,0.7433751163705439
64575,142,83,4,0.2899740948350217
64575,143,59,-24,1.2470485939024682
64575,144,58,-1,0.9248478412587553
64575,145,57,-1,0.8224996325004302
64575,146,56,-1,0.5300290113883174
64575,147,65,9,0.8775955743036574
64575,148,65,0,0.7339993782951852
64575,149,67,2,0.8975057887706317
64575,150,67,0,1.0061500478897556
64575,151,67,0,0.8619100385069017
64575,152,66,-1,0.5966984652401846
64575,153,74,8,0.24911463787923865
64575,154,47,-27,0.7528224145213654
64575,155,42,-5,0.9182118345730331
64575,156,42,0,0.9555098231822307
64575,157,42,0,-0.3852551456267217
64575,158,99,57,0.8620898341301
64575,159,93,-6,1.0173827815819758
64575,160,91,-2,0.8901483636917858
64575,161,93,2,0.3878496742771704
64575,162,72,-21,0.4047660495999186
64575,163,85,13,0.9406108465050683
64575,164,86,1,0.7375855142090181
64575,165,90,4,0.40025274179192794
64575,166,70,-20,0.7961760331285952
64575,167,66,-4,0.45448205216224696
64575,168,78,12,1.031597729709467
64575,169,79,1,0.7220861285716662
64575,170,82,3,0.8925426849831897
64575,171,83,1,0.8439428070007695
64575,172,86,3,0.5023849283187127
64575,173,71,-15,0.6779993358333136
64575,174,75,4,0.8594467458154662
64575,175,76,1,0.5098272144081465
64575,176,84,8,0.043671812097821755
64575,177,46,-38,0.797080780181524
64575,178,41,-5,0.6181766147955746
64575,179,47,6,0.43072517158550006
64575,180,33,-14,0.7177241057206847
64575,181,29,-92,0.6240403041845237
64575,182,34,-98,0.07116193986039471
64575,183,0,-35,1.0674087615004817
64575,184,0,-1,0.8207251682205565
64575,185,3,-7,1.1966099489730186
64575,186,2,-8,0.8835428063355824
64575,187,3,-9,0.9323075183031614
64575,188,4,-12,0.8361638112563484
64575,189,4,-13,1.033338743685779
64575,190,4,-13,1.0496515136546285
64575,191,4,-13,0.7121935531509251
64575,192,2,-8,0.9508146723697714
64575,193,3,-9,0.7808987551455722
64575,194,3,-10,1.077810779437733
64575,195,3,-10,1.0311909242791664
64575,196,3,-10,0.8617567313229212
64575,197,3,-10,0.9721604305949517
64575,198,4,-12,0.9709639817257091
10975,0,43,-8,-0.2904972716826788
10975,1,99,56,1.1703613521219403
10975,2,96,-3,0.7893426256599675
10975,3,80,-16,0.8066711083488894
10975,4,83,3,0.796411211992636
10975,5,86,3,0.33186336773722463
10975,6,64,-22,0.49126029153648304
10975,7,73,9,-0.09265648118039277
10975,8,31,-42,0.768465806045284
10975,9,24,-80,0.3881586766246572
10975,10,38,14,0.6466077592675459
10975,11,41,3,1.0312284635697908
10975,12,41,0,0.8440101074815681
10975,13,41,0,1.1409065776948444
10975,14,41,0,0.8567870565009932
10975,15,41,0,0.9580973133730366
10975,16,41,0,1.4921258187552462
10975,17,42,1,1.2387279448564634
10975,18,42,0,1.0437276632107726
10975,19,43,1,1.0341851830958135
10975,20,43,0,0.7017192262789708
10975,21,47,4,0.32625396169163945
10975,22,27,-20,0.9395639881655826
10975,23,24,-76,0.37596352814482337
10975,24,37,-99,1.02585411760764
10975,25,38,1,0.9891030101318973
10975,26,39,1,0.6038835676901557
10975,27,32,-7,0.8247773117302721
10975,28,31,-95,0.8862118483468198
10975,29,30,-92,0.8804332670484007
10975,30,29,-89,0.7924340246969036
10975,31,28,-86,0.9049437265793145
10975,32,27,-83,1.4064906955536087
10975,33,27,-82,0.6853475080605458
10975,34,21,-70,0.057673030829137356
10975,35,50,29,0.9684104725661103
10975,36,53,3,0.7851798648237582
10975,37,54,1,0.6441211615809519
10975,38,48,-6,0.21364711372177364
10975,39,71,23,0.7589232329964422
10975,40,77,6,0.9726535723544962
10975,41,78,1,0.829469088017826
10975,42,80,2,0.8340227953021598
10975,43,83,3,0.8885971543022263
10975,44,84,1,0.468964790487306
10975,45,68,-16,0.4394972464677549
10975,46,83,15,0.8507871348550273
10975,47,86,3,1.036667432416685
10975,48,86,0,0.5910768824272645
10975,49,93,7,0.1076779453324866
10975,50,57,-36,0.8681635395127044
10975,51,52,-5,0.5117669665721866
10975,52,62,10,0.834135759783498
10975,53,61,-1,0.5848445737594032
10975,54,68,7,1.1783871994623727
10975,55,68,0,1.1034022081618526
10975,56,68,0,1.0717354355400792
10975,57,68,0,1.3793562216600648
10975,58,68,0,0.9782740072105652
10975,59,67,-1,0.8993048691767601
10975,60,66,-1,0.6923618841073854
10975,61,69,3,1.0947184861270363
10975,62,69,0,0.8433493415327525
10975,63,68,-1,0.8596877266943649
10975,64,69,1,1.0027917227376926
10975,65,69,0,1.2099089476040907
10975,66,69,0,1.009011450040346
10975,67,69,0,1.1091360222147424
10975,68,69,0,1.0072101625813807
10975,69,69,0,1.025617427507904
10975,70,69,0,1.0153782774954165
10975,71,69,0,0.46781704100716104
10975,72,54,-15,-0.12268802037171245
10975,73,99,45,0.7755713148950576
10975,74,85,-14,1.1255197075788888
10975,75,83,-2,0.954935600127891
10975,76,84,1,0.618455995627746
10975,77,90,6,1.0973507303609031
10975,78,89,-1,0.97182028910653
10975,79,89,0,1.1744323718706908
10975,80,88,-1,0.9180115470443532
10975,81,89,1,0.6578264399247293
10975,82,96,7,-0.5623844095273433
10975,83,6,-90,1.1011784556828423
10975,84,2,-11,0.5417144587267909
10975,85,10,-23,0.5854827400474287
10975,86,13,-37,1.000227665750271
10975,87,12,-38,0.6601086482121494
10975,88,17,-47,0.9295718550747939
10975,89,15,-48,0.7714059404338753
10975,90,16,-48,0.6656934881004406
10975,91,9,-34,0.3076334398651696
10975,92,25,-60,0.7291584899918924
10975,93,31,-88,1.079110468398565
10975,94,31,-94,1.0941961418526343
10975,95,31,-94,1.0385839220260074
10975,96,31,-94,0.8296769104304782
10975,97,30,-92,0.8144554346955846
10975,98,29,-89,0.6315665201901309
10975,99,33,-96,0.8534399648909855
10975,100,32,-98,0.6269079828410237
10975,101,36,4,0.8202752283253142
10975,102,34,-2,0.5261815112447007
10975,103,41,7,0.9172056031951451
10975,104,41,0,1.1188776039607116
10975,105,41,0,1.0248671052521168
10975,106,41,0,0.8009900213737764
10975,107,43,2,0.6389654902427839
10975,108,37,-6,0.3202052728557995
10975,109,54,17,1.2778478116863818
10975,110,55,1,1.3530908480562194
10975,111,55,0,1.080996342192191
10975,112,55,0,1.4244312394025267
10975,113,55,0,1.2064930521102295
10975,114,55,0,1.0887638856292456
10975,115,55,0,1.1549268106858674
10975,116,55,0,0.9494863697213679
10975,117,55,0,0.7504433636070301
10975,118,52,-3,0.7481352712837503
10975,119,52,0,0.41396430748347385
10975,120,62,10,0.6440305345355157
10975,121,56,-6,0.05815798952677226
10975,122,88,32,0.7738963909987575
10975,123,95,7,0.8480635812259507
10975,124,80,-15,0.8058284164006088
10975,125,84,4,0.979457265053421
10975,126,84,0,0.7273625103273423
10975,127,89,5,0.07049276589714794
10975,128,53,-36,0.7409577065732217
10975,129,46,-7,7.163696484402443e-17
10975,130,80,34,0.85625034247895
10975,131,85,5,0.9331780890784426
10975,132,87,2,1.0649982956459483
10975,133,87,0,0.8229327874743312
10975,134,90,3,0.5648781545393553
10975,135,78,-12,1.1324094797480466
10975,136,77,-1,1.1174986263588473
10975,137,77,0,1.1152145431945308
10975,138,77,0,1.089977824771395
10975,139,77,0,0.8996387800515997
10975,140,78,1,0.8944249235221223
10975,141,79,1,0.7433751163705439
10975,142,83,4,0.2899740948350217
10975,143,59,-24,1.2470485939024682
10975,144,58,-1,0.9248478412587553
10975,145,57,-1,0.8224996325004302
10975,146,56,-1,0.5300290113883174
10975,147,65,9,0.8775955743036574
10975,148,65,0,0.7339993782951852
10975,149,67,2,0.8975057887706317
10975,150,67,0,1.0061500478897556
10975,151,67,0,0.8619100385069017
10975,152,66,-1,0.5966984652401846
10975,153,74,8,0.24911463787923865
10975,154,47,-27,0.7528224145213654
10975,155,42,-5,0.9182118345730331
10975,156,42,0,0.9555098231822307
10975,157,42,0,-0.3852551456267217
10975,158,99,57,0.8620898341301
10975,159,93,-6,1.0173827815819758
10975,160,91,-2,0.8901483636917858
10975,161,93,2,0.3878496742771704
10975,162,72,-21,0.4047660495999186
10975,163,85,13,0.9406108465050683
10975,164,86,1,0.7375855142090181
10975,165,90,4,0.40025274179192794
10975,166,70,-20,0.7961760331285952
10975,167,66,-4,0.45448205216224696
10975,168,78,12,1.031597729709467
10975,169,79,1,0.7220861285716662
10975,170,82,3,0.8925426849831897
10975,171,83,1,0.8439428070007695
10975,172,86,3,0.5023849283187127
10975,173,71,-15,0.6779993358333136
10975,174,75,4,0.8594467458154662
10975,175,76,1,0.5098272144081465
10975,176,84,8,0.043671812097821755
10975,177,46,-38,0.797080780181524
10975,178,41,-5,0.6181766147955746
10975,179,47,6,0.43072517158550006
10975,180,33,-14,0.7177241057206847
10975,181,29,-92,0.6240403041845237
10975,182,34,-98,0.07116193986039471
10975,183,0,-35,1.0674087615004817
10975,184,0,-1,0.8207251682205565
10975,185,3,-7,1.1966099489730186
10975,186,2,-8,0.8835428063355824
10975,187,3,-9,0.9323075183031614
10975,188,4,-12,0.8361638112563484
10975,189,4,-13,1.033338743685779
10975,190,4,-13,1.0496515136546285
10975,191,4,-13,0.7121935531509251
10975,192,2,-8,0.9508146723697714
10975,193,3,-9,0.7808987551455722
10975,194,3,-10,1.077810779437733
10975,195,3,-10,1.0311909242791664
10975,196,3,-10,0.8617567313229212
10975,197,3,-10,0.9721604305949517
10975,198,4,-12,0.9709639817257091
50410,0,43,-8,-0.2904972716826788
50410,1,99,56,1.1703613521219403
50410,2,96,-3,0.7893426256599675
50410,3,80,-16,0.8066711083488894
50410,4,83,3,0.796411211992636
50410,5,86,3,0.33186336773722463
50410,6,64,-22,0.49126029153648304
50410,7,73,9,-0.09265648118039277
50410,8,31,-42,0.768465806045284
50410,9,24,-80,0.3881586766246572
50410,10,38,14,0.6466077592675459
50410,11,41,3,1.0312284635697908
50410,12,41,0,0.8440101074815681
50410,13,41,0,1.1409065776948444
50410,14,41,0,0.8567870565009932
50410,15,41,0,0.9580973133730366
50410,16,41,0,1.4921258187552462
50410,17,42,1,1.2387279448564634
50410,18,42,0,1.0437276632107726
50410,19,43,1,1.0341851830958135
50410,20,43,0,0.7017192262789708
50410,21,47,4,0.32625396169163945
50410,22,27,-20,0.9395639881655826
50410,23,24,-76,0.37596352814482337
50410,24,37,-99,1.02585411760764
50410,25,38,1,0.9891030101318973
50410,26,39,1,0.6038835676901557
50410,27,32,-7,0.8247773117302721
50410,28,31,-95,0.8862118483468198
50410,29,30,-92,0.8804332670484007
50410,30,29,-89,0.7924340246969036
50410,31,28,-86,0.9049437265793145
50410,32,27,-83,1.4064906955536087
50410,33,27,-82,0.6853475080605458
50410,34,21,-70,0.057673030829137356
50410,35,50,29,0.9684104725661103
50410,36,53,3,0.7851798648237582
50410,37,54,1,0.6441211615809519
50410,38,48,-6,0.21364711372177364
50410,39,71,23,0.7589232329964422
50410,40,77,6,0.9726535723544962
50410,41,78,1,0.829469088017826
50410,42,80,2,0.8340227953021598
50410,43,83,3,0.8885971543022263
50410,44,84,1,0.468964790487306
50410,45,68,-16,0.4394972464677549
50410,46,83,15,0.8507871348550273
50410,47,86,3,1.036667432416685
50410,48,86,0,0.5910768824272645
50410,49,93,7,0.1076779453324866
50410,50,57,-36,0.8681635395127044
50410,51,52,-5,0.5117669665721866
50410,52,62,10,0.834135759783498
50410,53,61,-1,0.5848445737594032
50410,54,68,7,1.1783871994623727
50410,55,68,0,1.1034022081618526
50410,56,68,0,1.0717354355400792
50410,57,68,0,1.3793562216600648
50410,58,68,0,0.9782740072105652
50410,59,67,-1,0.8993048691767601
50410,60,66,-1,0.6923618841073854
50410,61,69,3,1.0947184861270363
50410,62,69,0,0.8433493415327525
50410,63,68,-1,0.8596877266943649
50410,64,69,1,1.0027917227376926
50410,65,69,0,1.2099089476040907
50410,66,69,0,1.009011450040346
50410,67,69,0,1.1091360222147424
50410,68,69,0,1.0072101625813807
50410,69,69,0,1.025617427507904
50410,70,69,0,1.0153782774954165
50410,71,69,0,0.46781704100716104
50410,72,54,-15,-0.12268802037171245
50410,73,99,45,0.7755713148950576
50410,74,85,-14,1.1255197075788888
50410,75,83,-2,0.954935600127891
50410,76,84,1,0.618455995627746
50410,77,90,6,1.0973507303609031
50410,78,89,-1,0.97182028910653
50410,79,89,0,1.1744323718706908
50410,80,88,-1,0.9180115470443532
50410,81,89,1,0.6578264399247293
50410,82,96,7,-0.5623844095273433
50410,83,6,-90,1.1011784556828423
50410,84,2,-11,0.5417144587267909
50410,85,10,-23,0.5854827400474287
50410,86,13,-37,1.000227665750271
50410,87,12,-38,0.6601086482121494
50410,88,17,-47,0.9295718550747939
50410,89,15,-48,0.7714059404338753
50410,90,16,-48,0.6656934881004406
50410,91,9,-34,0.3076334398651696
50410,92,25,-60,0.7291584899918924
50410,93,31,-88,1.079110468398565
50410,94,31,-94,1.0941961418526343
50410,95,31,-94,1.0385839220260074
50410,96,31,-94,0.8296769104304782
50410,97,30,-92,0.8144554346955846
50410,98,29,-89,0.6315665201901309
50410,99,33,-96,0.8534399648909855
50410,100,32,-98,0.6269079828410237
50410,101,36,4,0.8202752283253142
50410,102,34,-2,0.5261815112447007
50410,103,41,7,0.9172056031951451
50410,104,41,0,1.1188776039607116
50410,105,41,0,1.0248671052521168
50410,106,41,0,0.8009900213737764
50410,107,43,2,0.6389654902427839
50410,108,37,-6,0.3202052728557995
50410,109,54,17,1.2778478116863818
50410,110,55,1,1.3530908480562194
50410,111,55,0,1.080996342192191
50410,112,55,0,1.4244312394025267
50410,113,55,0,1.2064930521102295
50410,114,55,0,1.0887638856292456
50410,115,55,0,1.1549268106858674
50410,116,55,0,0.9494863697213679
50410,117,55,0,0.7504433636070301
50410,118,52,-3,0.7481352712837503
50410,119,52,0,0.41396430748347385
50410,120,62,10,0.6440305345355157
50410,121,56,-6,0.05815798952677226
50410,122,88,32,0.7738963909987575
50410,123,95,7,0.8480635812259507
50410,124,80,-15,0.8058284164006088
50410,125,84,4,0.979457265053421
50410,126,84,0,0.7273625103273423
50410,127,89,5,0.07049276589714794
50410,128,53,-36,0.7409577065732217
50410,129,46,-7,7.163696484402443e-17
50410,130,80,34,0.85625034247895
50410,131,85,5,0.9331780890784426
50410,132,87,2,1.0649982956459483
50410,133,87,0,0.8229327874743312
50410,134,90,3,0.5648781545393553
50410,135,78,-12,1.1324094797480466
50410,136,77,-1,1.1174986263588473
50410,137,77,0,1.1152145431945308
50410,138,77,0,1.089977824771395
50410,139,77,0,0.8996387800515997
50410,140,78,1,0.8944249235221223
50410,141,79,1,0.7433751163705439
50410,142,83,4,0.2899740948350217
50410,143,59,-24,1.2470485939024682
50410,144,58,-1,0.9248478412587553
50410,145,57,-1,0.8224996325004302
50410,146,56,-1,0.5300290113883174
50410,147,65,9,0.8775955743036574
50410,148,65,0,0.7339993782951852
50410,149,67,2,0.8975057887706317
50410,150,67,0,1.0061500478897556
50410,151,67,0,0.8619100385069017
50410,152,66,-1,0.5966984652401846
50410,153,74,8,0.24911463787923865
50410,154,47,-27,0.7528224145213654
50410,155,42,-5,0.9182118345730331
50410,156,42,0,0.9555098231822307
50410,157,42,0,-0.3852551456267217
50410,158,99,57,0.8620898341301
50410,159,93,-6,1.0173827815819758
50410,160,91,-2,0.8901483636917858
50410,161,93,2,0.3878496742771704
50410,162,72,-21,0.4047660495999186
50410,163,85,13,0.9406108465050683
50410,164,86,1,0.7375855142090181
50410,165,90,4,0.40025274179192794
50410,166,70,-20,0.7961760331285952
50410,167,66,-4,0.45448205216224696
50410,168,78,12,1.031597729709467
50410,169,79,1,0.7220861285716662
50410,170,82,3,0.8925426849831897
50410,171,83,1,0.8439428070007695
50410,172,86,3,0.5023849283187127
50410,173,71,-15,0.6779993358333136
50410,174,75,4,0.8594467458154662
50410,175,76,1,0.5098272144081465
50410,176,84,8,0.043671812097821755
50410,177,46,-38,0.797080780181524
50410,178,41,-5,0.6181766147955746
50410,179,47,6,0.43072517158550006
50410,180,33,-14,0.7177241057206847
50410,181,29,-92,0.6240403041845237
50410,182,34,-98,0.07116193986039471
50410,183,0,-35,1.0674087615004817
50410,184,0,-1,0.8207251682205565
50410,185,3,-7,1.1966099489730186
50410,186,2,-8,0.8835428063355824
50410,187,3,-9,0.9323075183031614
50410,188,4,-12,0.8361638112563484
50410,189,4,-13,1.033338743685779
50410,190,4,-13,1.0496515136546285
50410,191,4,-13,0.7121935531509251
50410,192,2,-8,0.9508146723697714
50410,193,3,-9,0.7808987551455722
50410,194,3,-10,1.077810779437733
50410,195,3,-10,1.0311909242791664
50410,196,3,-10,0.8617567313229212
50410,197,3,-10,0.9721604305949517
50410,198,4,-12,0.9709639817257091
45376,0,43,-8,-0.2904972716826788
45376,1,99,56,1.1703613521219403
45376,2,96,-3,0.7893426256599675
45376,3,80,-16,0.8066711083488894
45376,4,83,3,0.796411211992636
45376,5,86,3,0.33186336773722463
45376,6,64,-22,0.49126029153648304
45376,7,73,9,-0.09265648118039277
45376,8,31,-42,0.768465806045284
45376,9,24,-80,0.3881586766246572
45376,10,38,14,0.6466077592675459
45376,11,41,3,1.0312284635697908
45376,12,41,0,0.8440101074815681
45376,13,41,0,1.1409065776948444
45376,14,41,0,0.8567870565009932
45376,15,41,0,0.9580973133730366
45376,16,41,0,1.4921258187552462
45376,17,42,1,1.2387279448564634
45376,18,42,0,1.0437276632107726
45376,19,43,1,1.0341851830958135
45376,20,43,0,0.7017192262789708
45376,21,47,4,0.32625396169163945
45376,22,27,-20,0.9395639881655826
45376,23,24,-76,0.37596352814482337
45376,24,37,-99,1.02585411760764
45376,25,38,1,0.9891030101318973
45376,26,39,1,0.6038835676901557
45376,27,32,-7,0.8247773117302721
45376,28,31,-95,0.8862118483468198
45376,29,30,-92,0.8804332670484007
45376,30,29,-89,0.7924340246969036
45376,31,28,-86,0.9049437265793145
45376,32,27,-83,1.4064906955536087
45376,33,27,-82,0.6853475080605458
45376,34,21,-70,0.057673030829137356
45376,35,50,29,0.9684104725661103
45376,36,53,3,0.7851798648237582
45376,37,54,1,0.6441211615809519
45376,38,48,-6,0.21364711372177364
45376,39,71,23,0.7589232329964422
45376,40,77,6,0.9726535723544962
45376,41,78,1,0.829469088017826
45376,42,80,2,0.8340227953021598
45376,43,83,3,0.8885971543022263
45376,44,84,1,0.468964790487306
45376,45,68,-16,0.4394972464677549
45376,46,83,15,0.8507871348550273
45376,47,86,3,1.036667432416685
45376,48,86,0,0.5910768824272645
45376,49,93,7,0.1076779453324866
45376,50,57,-36,0.8681635395127044
45376,51,52,-5,0.5117669665721866
45376,52,62,10,0.834135759783498
45376,53,61,-1,0.5848445737594032
45376,54,68,7,1.1783871994623727
45376,55,68,0,1.1034022081618526
45376,56,68,0,1.0717354355400792
45376,57,68,0,1.3793562216600648
45376,58,68,0,0.9782740072105652
45376,59,67,-1,0.8993048691767601
45376,60,66,-1,0.6923618841073854
45376,61,69,3,1.0947184861270363
45376,62,69,0,0.8433493415327525
45376,63,68,-1,0.8596877266943649
45376,64,69,1,1.0027917227376926
45376,65,69,0,1.2099089476040907
45376,66,69,0,1.009011450040346
45376,67,69,0,1.1091360222147424
45376,68,69,0,1.0072101625813807
45376,69,69,0,1.025617427507904
45376,70,69,0,1.0153782774954165
45376,71,69,0,0.46781704100716104
45376,72,54,-15,-0.12268802037171245
45376,73,99,45,0.7755713148950576
45376,74,85,-14,1.1255197075788888
45376,75,83,-2,0.954935600127891
45376,76,84,1,0.618455995627746
45376,77,90,6,1.0973507303609031
45376,78,89,-1,0.97182028910653
45376,79,89,0,1.1744323718706908
45376,80,88,-1,0.9180115470443532
45376,81,89,1,0.6578264399247293
45376,82,96,7,-0.5623844095273433
45376,83,6,-90,1.1011784556828423
45376,84,2,-11,0.5417144587267909
45376,85,10,-23,0.5854827400474287
45376,86,13,-37,1.000227665750271
45376,87,12,-38,0.6601086482121494
45376,88,17,-47,0.9295718550747939
45376,89,15,-48,0.7714059404338753
45376,90,16,-48,0.6656934881004406
45376,91,9,-34,0.3076334398651696
45376,92,25,-60,0.7291584899918924
45376,93,31,-88,1.079110468398565
45376,94,31,-94,1.0941961418526343
45376,95,31,-94,1.0385839220260074
45376,96,31,-94,0.8296769104304782
45376,97,30,-92,0.8144554346955846
45376,98,29,-89,0.6315665201901309
45376,99,33,-96,0.8534399648909855
45376,100,32,-98,0.6269079828410237
45376,101,36,4,0.8202752283253142
45376,102,34,-2,0.5261815112447007
45376,103,41,7,0.9172056031951451
45376,104,41,0,1.1188776039607116
45376,105,41,0,1.0248671052521168
45376,106,41,0,0.8009900213737764
45376,107,43,2,0.6389654902427839
45376,108,37,-6,0.3202052728557995
45376,109,54,17,1.2778478116863818
45376,110,55,1,1.3530908480562194
45376,111,55,0,1.080996342192191
45376,112,55,0,1.4244312394025267
45376,113,55,0,1.2064930521102295
45376,114,55,0,1.0887638856292456
45376,115,55,0,1.1549268106858674
45376,116,55,0,0.9494863697213679
45376,117,55,0,0.7504433636070301
45376,118,52,-3,0.7481352712837503
45376,119,52,0,0.41396430748347385
45376,120,62,10,0.6440305345355157
45376,121,56,-6,0.05815798952677226
45376,122,88,32,0.7738963909987575
45376,123,95,7,0.8480635812259507
45376,124,80,-15,0.8058284164006088
45376,125,84,4,0.979457265053421
45376,126,84,0,0.7273625103273423
45376,127,89,5,0.07049276589714794
45376,128,53,-36,0.7409577065732217
45376,129,46,-7,7.163696484402443e-17
45376,130,80,34,0.85625034247895
45376,131,85,5,0.9331780890784426
45376,132,87,2,1.0649982956459483
45376,133,87,0,0.8229327874743312
45376,134,90,3,0.5648781545393553
45376,135,78,-12,1.1324094797480466
45376,136,77,-1,1.1174986263588473
45376,137,77,0,1.1152145431945308
45376,138,77,0,1.089977824771395
45376,139,77,0,0.8996387800515997
45376,140,78,1,0.8944249235221223
45376,141,79,1,0.7433751163705439
45376,142,83,4,0.2899740948350217
45376,143,59,-24,1.2470485939024682
45376,144,58,-1,0.9248478412587553
45376,145,57,-1,0.8224996325004302
45376,146,56,-1,0.5300290113883174
45376,147,65,9,0.8775955743036574
45376,148,65,0,0.7339993782951852
45376,149,67,2,0.8975057887706317
45376,150,67,0,1.0061500478897556
45376,151,67,0,0.8619100385069017
45376,152,66,-1,0.5966984652401846
45376,153,74,8,0.24911463787923865
45376,154,47,-27,0.7528224145213654
45376,155,42,-5,0.9182118345730331
45376,156,42,0,0.9555098231822307
45376,157,42,0,-0.3852551456267217
45376,158,99,57,0.8620898341301
45376,159,93,-6,1.0173827815819758
45376,160,91,-2,0.8901483636917858
45376,161,93,2,0.3878496742771704
45376,162,72,-21,0.4047660495999186
45376,163,85,13,0.9406108465050683
45376,164,86,1,0.7375855142090181
45376,165,90,4,0.40025274179192794
45376,166,70,-20,0.7961760331285952
45376,167,66,-4,0.45448205216224696
45376,168,78,12,1.031597729709467
45376,169,79,1,0.7220861285716662
45376,170,82,3,0.8925426849831897
45376,171,83,1,0.8439428070007695
45376,172,86,3,0.5023849283187127
45376,173,71,-15,0.6779993358333136
45376,174,75,4,0.8594467458154662
45376,175,76,1,0.5098272144081465
45376,176,84,8,0.043671812097821755
45376,177,46,-38,0.797080780181524
45376,178,41,-5,0.6181766147955746
45376,179,47,6,0.43072517158550006
45376,180,33,-14,0.7177241057206847
45376,181,29,-92,0.6240403041845237
45376,182,34,-98,0.07116193986039471
45376,183,0,-35,1.0674087615004817
45376,184,0,-1,0.8207251682205565
45376,185,3,-7,1.1966099489730186
45376,186,2,-8,0.8835428063355824
45376,187,3,-9,0.9323075183031614
45376,188,4,-12,0.8361638112563484
45376,189,4,-13,1.033338743685779
45376,190,4,-13,1.0496515136546285
45376,191,4,-13,0.7121935531509251
45376,192,2,-8,0.9508146723697714
45376,193,3,-9,0.7808987551455722
45376,194,3,-10,1.077810779437733
45376,195,3,-10,1.0311909242791664
45376,196,3,-10,0.8617567313229212
45376,197,3,-10,0.9721604305949517
45376,198,4,-12,0.9709639817257091
41800,0,43,-8,-0.2904972716826788
41800,1,96,53,1.2216696349988112
41800,2,93,-3,0.6912542339413943
41800,3,99,6,0.8800869781532937
41800,4,99,0,0.9634205791116142
41800,5,99,0,0.8770935556158217
41800,6,99,0,1.0017594708487867
41800,7,97,-2,0.8118356118217248
41800,8,98,1,0.8949754297739981
41800,9,98,0,0.8519168089403415
41800,10,98,0,0.5421689365288448
41800,11,86,-12,0.8652685602522028
41800,12,84,-2,0.8932702392315026
41800,13,83,-1,0.8781739087952989
41800,14,83,0,1.3676543545013522
41800,15,81,-2,0.8530634870773425
41800,16,84,3,0.8759668526851723
41800,17,84,0,0.7894002926045672
41800,18,86,2,0.8205389580733482
41800,19,83,-3,0.4486876045827627
41800,20,98,15,0.8707926840079445
41800,21,96,-2,1.1619471230864278
41800,22,93,-3,0.6928456460924693
41800,23,95,2,0.9866964046684104
41800,24,91,-4,0.9446654656304985
41800,25,86,-5,0.7926483792385727
41800,26,87,1,0.5067962242929895
41800,27,94,7,1.219929395156964
41800,28,88,-6,0.8872718660667028
41800,29,89,1,1.0186939096693712
41800,30,85,-4,0.5852707360900953
41800,31,87,2,0.5366871745554898
41800,32,69,-18,0.5418841813574227
41800,33,76,7,1.0020813334052174
41800,34,80,4,0.9348716202299653
41800,35,78,-2,0.6474779549437267
41800,36,65,-13,5.468762596333828e-17
41800,37,94,29,0.6441211615809519
41800,38,99,5,0.3174278665564641
41800,39,58,-41,0.34065739846972154
41800,40,77,19,0.9480422519385764
41800,41,77,0,0.8540216035193958
41800,42,77,0,0.8168920357466136
41800,43,75,-2,0.7355644783300851
41800,44,77,2,0.591965586993374
41800,45,66,-11,0.10115796593259727
41800,46,92,26,0.8487919661421629
41800,47,95,3,0.9668499623546118
41800,48,94,-1,0.7379455978478248
41800,49,95,1,0.79139401887879
41800,50,94,-1,0.8357812797560954
41800,51,92,-2,0.4545383997441098
41800,52,98,6,0.955599102234412
41800,53,96,-2,0.6381267522896875
41800,54,99,3,-1.0146594501288326
41800,55,0,-99,0.9742913889274913
41800,56,4,-9,1.0598844609896538
41800,57,3,-11,0.7385912436274404
41800,58,12,-28,1.1771160325209629
41800,59,12,-37,1.1747490939324876
41800,60,11,-35,1.2865383990225971
41800,61,10,-32,-0.36736565330705667
41800,62,72,62,0.8699299582565253
41800,63,73,1,0.42507394571585494
41800,64,89,16,-0.2610219321008982
41800,65,21,-68,0.8239698650096011
41800,66,20,-62,0.5705632564412595
41800,67,21,-63,0.6167011311326565
41800,68,16,-54,0.16714848157868678
41800,69,38,-93,0.6389945131296705
41800,70,47,9,1.0961825315678695
41800,71,48,1,0.7548895250945704
41800,72,49,1,1.1306096622099522
41800,73,48,-1,1.0730304941076378
41800,74,47,-1,0.6434097980147243
41800,75,51,4,0.7493054514635776
41800,76,52,1,0.7339851868970431
41800,77,53,1,0.9142273219168561
41800,78,53,0,1.035432006796393
41800,79,52,-1,1.5463723602486312
41800,80,52,0,1.1338226985943023
41800,81,52,0,0.9534554704189379
41800,82,52,0,0.8875817006264345
41800,83,51,-1,1.1007194128289635
41800,84,50,-1,0.877109182713695
41800,85,50,0,0.9126586810785015
41800,86,52,2,1.0754324647613442
41800,87,51,-1,0.5372935854006988
41800,88,65,14,-0.3059275054044478
41800,89,0,-66,0.7033009160069512
41800,90,0,-1,1.0241433014630363
41800,91,0,-1,0.7836202631248703
41800,92,10,-21,1.0355923053144627
41800,93,6,-23,0.32227764314090873
41800,94,28,-63,1.034374484575181
41800,95,32,-93,0.43453623615216924
41800,96,45,13,-0.1966794470635509
41800,97,0,-46,0.6616363487499394
41800,98,0,-1,0.8888110204450765
41800,99,0,-1,0.9744530343072229
41800,100,0,-1,0.7599736524539673
41800,101,1,-3,1.1896204001188257
41800,102,0,-2,1.0708839170239324
41800,103,0,-1,0.6239374823094888
41800,104,4,-9,1.1913503732444237
41800,105,1,-7,0.6324380264651083
41800,106,5,-12,0.7468781767126992
41800,107,9,-24,0.8295200148198077
41800,108,6,-22,0.7402388378754517
41800,109,7,-21,0.5020556739256085
41800,110,15,-38,0.5268152453741812
41800,111,20,-56,0.8933347527852046
41800,112,20,-61,1.0111559261674752
41800,113,17,-55,0.8414633430918825
41800,114,20,-58,0.6634551861726351
41800,115,25,-71,0.7403667098286312
41800,116,25,-76,0.72573085385781
41800,117,27,-80,0.870467167451299
41800,118,27,-82,1.0473501930295588
41800,119,24,-76,0.6504118051214922
41800,120,29,-83,0.6786033093511357
41800,121,34,-98,1.0152845252413305
41800,122,32,-99,0.9549719254854336
41800,123,30,-93,0.5169593825590065
41800,124,41,11,0.8501430219851258
41800,125,47,6,0.929238814910639
41800,126,46,-1,0.7586289227322365
41800,127,51,5,0.79444723116454
41800,128,54,3,1.055347201931487
41800,129,54,0,1.162621670443676
41800,130,54,0,0.9803166704809171
41800,131,56,2,0.7324149632255276
41800,132,60,4,0.2687046654419799
41800,133,76,16,-0.5222547061790614
41800,134,0,-77,0.5450115444782292
41800,135,6,-13,1.0628056231669787
41800,136,4,-15,0.6328447918536845
41800,137,15,-35,0.8653025413795805
41800,138,16,-48,1.2149029114117043
41800,139,10,-37,0.21467670308466738
41800,140,37,-85,0.91088171635144
41800,141,43,6,0.5797108304394444
41800,142,46,3,0.19568650494744425
41800,143,18,-83,0.7017183954003887
41800,144,17,-53,0.8820694286625669
41800,145,15,-48,0.7535259662212577
41800,146,21,-58,1.0343637336912896
41800,147,21,-64,0.9352698609444052
41800,148,19,-60,0.7164700401220171
41800,149,26,-72,0.7709841406820613
41800,150,26,-79,0.8559153144109336
41800,151,24,-75,0.7618698672701851
41800,152,30,-85,1.1980413635758247
41800,153,30,-91,0.9502833443812837
41800,154,28,-87,0.6530684509610147
41800,155,36,8,1.2366964640282005
41800,156,36,0,1.0088701114998135
41800,157,33,-3,0.49875852362864087
41800,158,47,14,0.898276386908233
41800,159,52,5,0.5212149388806676
41800,160,57,5,-0.01841072971923646
41800,161,4,-66,0.7489155554622755
41800,162,2,-9,0.31869815347761465
41800,163,20,-43,0.7034946113830941
41800,164,30,-81,8.07061555646286e-17
41800,165,64,34,-0.04814671575376525
41800,166,28,-36,0.6783189966503922
41800,167,26,-81,0.7999891721610605
41800,168,24,-75,0.6027636593843262
41800,169,29,-83,0.19241626082973115
41800,170,0,-30,0.6206505559634155
41800,171,8,-17,-0.6649081009898489
41800,172,99,91,0.7139407234633989
41800,173,88,-11,1.0108701155877142
41800,174,85,-3,0.9852233973154387
41800,175,85,0,0.5829724375851586
41800,176,93,8,1.264177108467106
41800,177,91,-2,0.6083710937211104
41800,178,99,8,1.2065200808035954
41800,179,97,-2,0.6119174405793864
41800,180,99,2,0.5186449961456527
41800,181,88,-11,0.9008607693699078
41800,182,84,-4,0.5099045067812737
41800,183,95,11,1.1387855341342341
41800,184,93,-2,0.9903587636480018
41800,185,92,-1,0.657590341974236
41800,186,99,7,0.6573730941818245
41800,187,89,-10,1.1676823275841426
41800,188,85,-4,0.3251908527061011
41800,189,99,14,0.8801249954092454
41800,190,96,-3,1.2500191147156992
41800,191,94,-2,0.8514104369470601
41800,192,94,0,0.6302296799821951
41800,193,98,4,0.9318448549697672
41800,194,93,-5,1.2120893628220937
41800,195,90,-3,0.9009572725097791
41800,196,88,-2,0.8073515333848164
41800,197,90,2,0.7045930077550077
41800,198,80,-10,0.8200854593787352
93730,0,43,-8,-0.2904972716826788
93730,1,96,53,1.2216696349988112
93730,2,93,-3,0.6912542339413943
93730,3,99,6,0.8800869781532937
93730,4,99,0,0.9634205791116142
93730,5,99,0,0.8770935556158217
93730,6,99,0,1.0017594708487867
93730,7,97,-2,0.8118356118217248
93730,8,98,1,0.8949754297739981
93730,9,98,0,0.8519168089403415
93730,10,98,0,0.5421689365288448
93730,11,86,-12,0.8652685602522028
93730,12,84,-2,0.8932702392315026
93730,13,83,-1,0.8781739087952989
93730,14,83,0,1.3676543545013522
93730,15,81,-2,0.8530634870773425
93730,16,84,3,0.8759668526851723
93730,17,84,0,0.7894002926045672
93730,18,86,2,0.8205389580733482
93730,19,83,-3,0.4486876045827627
93730,20,98,15,0.8707926840079445
93730,21,96,-2,1.1619471230864278
93730,22,93,-3,0.6928456460924693
93730,23,95,2,0.9866964046684104
93730,24,91,-4,0.9446654656304985
93730,25,86,-5,0.7926483792385727
93730,26,87,1,0.5067962242929895
93730,27,94,7,1.219929395156964
93730,28,88,-6,0.8872718660667028
93730,29,89,1,1.0186939096693712
93730,30,85,-4,0.5852707360900953
93730,31,87,2,0.5366871745554898
93730,32,69,-18,0.5418841813574227
93730,33,76,7,1.0020813334052174
93730,34,80,4,0.9348716202299653
93730,35,78,-2,0.6474779549437267
93730,36,65,-13,5.468762596333828e-17
93730,37,94,29,0.6441211615809519
93730,38,99,5,0.3174278665564641
93730,39,58,-41,0.34065739846972154
93730,40,77,19,0.9480422519385764
93730,41,77,0,0.8540216035193958
93730,42,77,0,0.8168920357466136
93730,43,75,-2,0.7355644783300851
93730,44,77,2,0.591965586993374
93730,45,66,-11,0.10115796593259727
93730,46,92,26,0.8487919661421629
93730,47,95,3,0.9668499623546118
93730,48,94,-1,0.7379455978478248
93730,49,95,1,0.79139401887879
93730,50,94,-1,0.8357812797560954
93730,51,92,-2,0.4545383997441098
93730,52,98,6,0.955599102234412
93730,53,96,-2,0.6381267522896875
93730,54,99,3,-1.0146594501288326
93730,55,0,-99,0.9742913889274913
93730,56,4,-9,1.0598844609896538
93730,57,3,-11,0.7385912436274404
93730,58,12,-28,1.1771160325209629
93730,59,12,-37,1.1747490939324876
93730,60,11,-35,1.2865383990225971
93730,61,10,-32,-0.36736565330705667
93730,62,72,62,0.8699299582565253
93730,63,73,1,0.42507394571585494
93730,64,89,16,-0.2610219321008982
93730,65,21,-68,0.8239698650096011
93730,66,20,-62,0.5705632564412595
93730,67,21,-63,0.6167011311326565
93730,68,16,-54,0.16714848157868678
93730,69,38,-93,0.6389945131296705
93730,70,47,9,1.0961825315678695
93730,71,48,1,0.7548895250945704
93730,72,49,1,1.1306096622099522
93730,73,48,-1,1.0730304941076378
93730,74,47,-1,0.6434097980147243
93730,75,51,4,0.7493054514635776
93730,76,52,1,0.7339851868970431
93730,77,53,1,0.9142273219168561
93730,78,53,0,1.035432006796393
93730,79,52,-1,1.5463723602486312
93730,80,52,0,1.1338226985943023
93730,81,52,0,0.9534554704189379
93730,82,52,0,0.8875817006264345
93730,83,51,-1,1.1007194128289635
93730,84,50,-1,0.877109182713695
93730,85,50,0,0.9126586810785015
93730,86,52,2,1.0754324647613442
93730,87,51,-1,0.5372935854006988
93730,88,65,14,-0.3059275054044478
93730,89,0,-66,0.7033009160069512
93730,90,0,-1,1.0241433014630363
93730,91,0,-1,0.7836202631248703
93730,92,10,-21,1.0355923053144627
93730,93,6,-23,0.32227764314090873
93730,94,28,-63,1.034374484575181
93730,95,32,-93,0.43453623615216924
93730,96,45,13,-0.1966794470635509
93730,97,0,-46,0.6616363487499394
93730,98,0,-1,0.8888110204450765
93730,99,0,-1,0.9744530343072229
93730,100,0,-1,0.7599736524539673
93730,101,1,-3,1.1896204001188257
93730,102,0,-2,1.0708839170239324
93730,103,0,-1,0.6239374823094888
93730,104,4,-9,1.1913503732444237
93730,105,1,-7,0.6324380264651083
93730,106,5,-12,0.7468781767126992
93730,107,9,-24,0.8295200148198077
93730,108,6,-22,0.7402388378754517
93730,109,7,-21,0.5020556739256085
93730,110,15,-38,0.5268152453741812
93730,111,20,-56,0.8933347527852046
93730,112,20,-61,1.0111559261674752
93730,113,17,-55,0.8414633430918825
93730,114,20,-58,0.6634551861726351
93730,115,25,-71,0.7403667098286312
93730,116,25,-76,0.72573085385781
93730,117,27,-80,0.870467167451299
93730,118,27,-82,1.0473501930295588
93730,119,24,-76,0.6504118051214922
93730,120,29,-83,0.6786033093511357
93730,121,34,-98,1.0152845252413305
93730,122,32,-99,0.9549719254854336
93730,123,30,-93,0.5169593825590065
93730,124,41,11,0.8501430219851258
93730,125,47,6,0.929238814910639
93730,126,46,-1,0.7586289227322365
93730,127,51,5,0.79444723116454
93730,128,54,3,1.055347201931487
93730,129,54,0,1.162621670443676
93730,130,54,0,0.9803166704809171
93730,131,56,2,0.7324149632255276
93730,132,60,4,0.2687046654419799
93730,133,76,16,-0.5222547061790614
93730,134,0,-77,0.5450115444782292
93730,135,6,-13,1.0628056231669787
93730,136,4,-15,0.6328447918536845
93730,137,15,-35,0.8653025413795805
93730,138,16,-48,1.2149029114117043
93730,139,10,-37,0.21467670308466738
93730,140,37,-85,0.91088171635144
93730,141,43,6,0.5797108304394444
93730,142,46,3,0.19568650494744425
93730,143,18,-83,0.7017183954003887
93730,144,17,-53,0.8820694286625669
93730,145,15,-48,0.7535259662212577
93730,146,21,-58,1.0343637336912896
93730,147,21,-64,0.9352698609444052
93730,148,19,-60,0.7164700401220171
93730,149,26,-72,0.7709841406820613
93730,150,26,-79,0.8559153144109336
93730,151,24,-75,0.7618698672701851
93730,152,30,-85,1.1980413635758247
93730,153,30,-91,0.9502833443812837
93730,154,28,-87,0.6530684509610147
93730,155,36,8,1.2366964640282005
93730,156,36,0,1.0088701114998135
93730,157,33,-3,0.49875852362864087
93730,158,47,14,0.898276386908233
93730,159,52,5,0.5212149388806676
93730,160,57,5,-0.01841072971923646
93730,161,4,-66,0.7489155554622755
93730,162,2,-9,0.31869815347761465
93730,163,20,-43,0.7034946113830941
93730,164,30,-81,8.07061555646286e-17
93730,165,64,34,-0.04814671575376525
93730,166,28,-36,0.6783189966503922
93730,167,26,-81,0.7999891721610605
93730,168,24,-75,0.6027636593843262
93730,169,29,-83,0.19241626082973115
93730,170,0,-30,0.6206505559634155
93730,171,8,-17,-0.6649081009898489
93730,172,99,91,0.7139407234633989
93730,173,88,-11,1.0108701155877142
93730,174,85,-3,0.9852233973154387
93730,175,85,0,0.5829724375851586
93730,176,93,8,1.264177108467106
93730,177,91,-2,0.6083710937211104
93730,178,99,8,1.2065200808035954
93730,179,97,-2,0.6119174405793864
93730,180,99,2,0.5186449961456527
93730,181,88,-11,0.9008607693699078
93730,182,84,-4,0.5099045067812737
93730,183,95,11,1.1387855341342341
93730,184,93,-2,0.9903587636480018
93730,185,92,-1,0.657590341974236
93730,186,99,7,0.6573730941818245
93730,187,89,-10,1.1676823275841426
93730,188,85,-4,0.3251908527061011
93730,189,99,14,0.8801249954092454
93730,190,96,-3,1.2500191147156992
93730,191,94,-2,0.8514104369470601
93730,192,94,0,0.6302296799821951
93730,193,98,4,0.9318448549697672
93730,194,93,-5,1.2120893628220937
93730,195,90,-3,0.9009572725097791
93730,196,88,-2,0.8073515333848164
93730,197,90,2,0.7045930077550077
93730,198,80,-10,0.8200854593787352
68459,0,43,-8,-0.2904972716826788
68459,1,96,53,1.2216696349988112
68459,2,93,-3,0.6912542339413943
68459,3,99,6,0.8800869781532937
68459,4,99,0,0.9634205791116142
68459,5,99,0,0.8770935556158217
68459,6,99,0,1.0017594708487867
68459,7,97,-2,0.8118356118217248
68459,8,98,1,0.8949754297739981
68459,9,98,0,0.8519168089403415
68459,10,98,0,0.5421689365288448
68459,11,86,-12,0.8652685602522028
68459,12,84,-2,0.8932702392315026
68459,13,83,-1,0.8781739087952989
68459,14,83,0,1.3676543545013522
68459,15,81,-2,0.8530634870773425
68459,16,84,3,0.8759668526851723
68459,17,84,0,0.7894002926045672
68459,18,86,2,0.8205389580733482
68459,19,83,-3,0.4486876045827627
68459,20,98,15,0.8707926840079445
68459,21,96,-2,1.1619471230864278
68459,22,93,-3,0.6928456460924693
68459,23,95,2,0.9866964046684104
68459,24,91,-4,0.9446654656304985
68459,25,86,-5,0.7926483792385727
68459,26,87,1,0.5067962242929895
68459,27,94,7,1.219929395156964
68459,28,88,-6,0.8872718660667028
68459,29,89,1,1.0186939096693712
68459,30,85,-4,0.5852707360900953
68459,31,87,2,0.5366871745554898
68459,32,69,-18,0.5418841813574227
68459,33,76,7,1.0020813334052174
68459,34,80,4,0.9348716202299653
68459,35,78,-2,0.6474779549437267
68459,36,65,-13,5.468762596333828e-17
68459,37,94,29,0.6441211615809519
68459,38,99,5,0.3174278665564641
68459,39,58,-41,0.34065739846972154
68459,40,77,19,0.9480422519385764
68459,41,77,0,0.8540216035193958
68459,42,77,0,0.8168920357466136
68459,43,75,-2,0.7355644783300851
68459,44,77,2,0.591965586993374
68459,45,66,-11,0.10115796593259727
68459,46,92,26,0.8487919661421629
68459,47,95,3,0.9668499623546118
68459,48,94,-1,0.7379455978478248
68459,49,95,1,0.79139401887879
68459,50,94,-1,0.8357812797560954
68459,51,92,-2,0.4545383997441098
68459,52,98,6,0.955599102234412
68459,53,96,-2,0.6381267522896875
68459,54,99,3,-1.0146594501288326
68459,55,0,-99,0.9742913889274913
68459,56,4,-9,1.0598844609896538
68459,57,3,-11,0.7385912436274404
68459,58,12,-28,1.1771160325209629
68459,59,12,-37,1.1747490939324876
68459,60,11,-35,1.2865383990225971
68459,61,10,-32,-0.36736565330705667
68459,62,72,62,0.8699299582565253
68459,63,73,1,0.42507394571585494
68459,64,89,16,-0.2610219321008982
68459,65,21,-68,0.8239698650096011
68459,66,20,-62,0.5705632564412595
68459,67,21,-63,0.6167011311326565
68459,68,16,-54,0.16714848157868678
68459,69,38,-93,0.6389945131296705
68459,70,47,9,1.0961825315678695
68459,71,48,1,0.7548895250945704
68459,72,49,1,1.1306096622099522
68459,73,48,-1,1.0730304941076378
68459,74,47,-1,0.6434097980147243
68459,75,51,4,0.7493054514635776
68459,76,52,1,0.7339851868970431
68459,77,53,1,0.9142273219168561
68459,78,53,0,1.035432006796393
68459,79,52,-1,1.5463723602486312
68459,80,52,0,1.1338226985943023
68459,81,52,0,0.9534554704189379
68459,82,52,0,0.8875817006264345
68459,83,51,-1,1.1007194128289635
68459,84,50,-1,0.877109182713695
68459,85,50,0,0.9126586810785015
68459,86,52,2,1.0754324647613442
68459,87,51,-1,0.5372935854006988
68459,88,65,14,-0.3059275054044478
68459,89,0,-66,0.7033009160069512
68459,90,0,-1,1.0241433014630363
68459,91,0,-1,0.7836202631248703
68459,92,10,-21,1.0355923053144627
68459,93,6,-23,0.32227764314090873
68459,94,28,-63,1.034374484575181
68459,95,32,-93,0.43453623615216924
68459,96,45,13,-0.1966794470635509
68459,97,0,-46,0.6616363487499394
68459,98,0,-1,0.8888110204450765
68459,99,0,-1,0.9744530343072229
68459,100,0,-1,0.7599736524539673
68459,101,1,-3,1.1896204001188257
68459,102,0,-2,1.0708839170239324
68459,103,0,-1,0.6239374823094888
68459,104,4,-9,1.1913503732444237
68459,105,1,-7,0.6324380264651083
68459,106,5,-12,0.7468781767126992
68459,107,9,-24,0.8295200148198077
68459,108,6,-22,0.7402388378754517
68459,109,7,-21,0.5020556739256085
68459,110,15,-38,0.5268152453741812
68459,111,20,-56,0.8933347527852046
68459,112,20,-61,1.0111559261674752
68459,113,17,-55,0.8414633430918825
68459,114,20,-58,0.6634551861726351
68459,115,25,-71,0.7403667098286312
68459,116,25,-76,0.72573085385781
68459,117,27,-80,0.870467167451299
68459,118,27,-82,1.0473501930295588
68459,119,24,-76,0.6504118051214922
68459,120,29,-83,0.6786033093511357
68459,121,34,-98,1.0152845252413305
68459,122,32,-99,0.9549719254854336
68459,123,30,-93,0.5169593825590065
68459,124,41,11,0.8501430219851258
68459,125,47,6,0.929238814910639
68459,126,46,-1,0.7586289227322365
68459,127,51,5,0.79444723116454
68459,128,54,3,1.055347201931487
68459,129,54,0,1.162621670443676
68459,130,54,0,0.9803166704809171
68459,131,56,2,0.7324149632255276
68459,132,60,4,0.2687046654419799
68459,133,76,16,-0.5222547061790614
68459,134,0,-77,0.5450115444782292
68459,135,6,-13,1.0628056231669787
68459,136,4,-15,0.6328447918536845
68459,137,15,-35,0.8653025413795805
68459,138,16,-48,1.2149029114117043
68459,139,10,-37,0.21467670308466738
68459,140,37,-85,0.91088171635144
68459,141,43,6,0.5797108304394444
68459,142,46,3,0.19568650494744425
68459,143,18,-83,0.7017183954003887
68459,144,17,-53,0.8820694286625669
68459,145,15,-48,0.7535259662212577
68459,146,21,-58,1.0343637336912896
68459,147,21,-64,0.9352698609444052
68459,148,19,-60,0.7164700401220171
68459,149,26,-72,0.7709841406820613
68459,150,26,-79,0.8559153144109336
68459,151,24,-75,0.7618698672701851
68459,152,30,-85,1.1980413635758247
68459,153,30,-91,0.9502833443812837
68459,154,28,-87,0.6530684509610147
68459,155,36,8,1.2366964640282005
68459,156,36,0,1.0088701114998135
68459,157,33,-3,0.49875852362864087
68459,158,47,14,0.898276386908233
68459,159,52,5,0.5212149388806676
68459,160,57,5,-0.01841072971923646
68459,161,4,-66,0.7489155554622755
68459,162,2,-9,0.31869815347761465
68459,163,20,-43,0.7034946113830941
68459,164,30,-81,8.07061555646286e-17
68459,165,64,34,-0.04814671575376525
68459,166,28,-36,0.6783189966503922
68459,167,26,-81,0.7999891721610605
68459,168,24,-75,0.6027636593843262
68459,169,29,-83,0.19241626082973115
68459,170,0,-30,0.6206505559634155
68459,171,8,-17,-0.6649081009898489
68459,172,99,91,0.7139407234633989
68459,173,88,-11,1.0108701155877142
68459,174,85,-3,0.9852233973154387
68459,175,85,0,0.5829724375851586
68459,176,93,8,1.264177108467106
68459,177,91,-2,0.6083710937211104
68459,178,99,8,1.2065200808035954
68459,179,97,-2,0.6119174405793864
68459,180,99,2,0.5186449961456527
68459,181,88,-11,0.9008607693699078
68459,182,84,-4,0.5099045067812737
68459,183,95,11,1.1387855341342341
68459,184,93,-2,0.9903587636480018
68459,185,92,-1,0.657590341974236
68459,186,99,7,0.6573730941818245
68459,187,89,-10,1.1676823275841426
68459,188,85,-4,0.3251908527061011
68459,189,99,14,0.8801249954092454
68459,190,96,-3,1.2500191147156992
68459,191,94,-2,0.8514104369470601
68459,192,94,0,0.6302296799821951
68459,193,98,4,0.9318448549697672
68459,194,93,-5,1.2120893628220937
68459,195,90,-3,0.9009572725097791
68459,196,88,-2,0.8073515333848164
68459,197,90,2,0.7045930077550077
68459,198,80,-10,0.8200854593787352
82913,0,43,-8,-0.2904972716826788
82913,1,96,53,1.2216696349988112
82913,2,93,-3,0.6912542339413943
82913,3,99,6,0.8800869781532937
82913,4,99,0,0.9634205791116142
82913,5,99,0,0.8770935556158217
82913,6,99,0,1.0017594708487867
82913,7,97,-2,0.8118356118217248
82913,8,98,1,0.8949754297739981
82913,9,98,0,0.8519168089403415
82913,10,98,0,0.5421689365288448
82913,11,86,-12,0.8652685602522028
82913,12,84,-2,0.8932702392315026
82913,13,83,-1,0.8781739087952989
82913,14,83,0,1.3676543545013522
82913,15,81,-2,0.8530634870773425
82913,16,84,3,0.8759668526851723
82913,17,84,0,0.7894002926045672
82913,18,86,2,0.8205389580733482
82913,19,83,-3,0.4486876045827627
82913,20,98,15,0.8707926840079445
82913,21,96,-2,1.1619471230864278
82913,22,93,-3,0.6928456460924693
82913,23,95,2,0.9866964046684104
82913,24,91,-4,0.9446654656304985
82913,25,86,-5,0.7926483792385727
82913,26,87,1,0.5067962242929895
82913,27,94,7,1.219929395156964
82913,28,88,-6,0.8872718660667028
82913,29,89,1,1.0186939096693712
82913,30,85,-4,0.5852707360900953
82913,31,87,2,0.5366871745554898
82913,32,69,-18,0.5418841813574227
82913,33,76,7,1.0020813334052174
82913,34,80,4,0.9348716202299653
82913,35,78,-2,0.6474779549437267
82913,36,65,-13,5.468762596333828e-17
82913,37,94,29,0.6441211615809519
82913,38,99,5,0.3174278665564641
82913,39,58,-41,0.34065739846972154
82913,40,77,19,0.9480422519385764
82913,41,77,0,0.8540216035193958
82913,42,77,0,0.8168920357466136
82913,43,75,-2,0.7355644783300851
82913,44,77,2,0.591965586993374
82913,45,66,-11,0.10115796593259727
82913,46,92,26,0.8487919661421629
82913,47,95,3,0.9668499623546118
82913,48,94,-1,0.7379455978478248
82913,49,95,1,0.79139401887879
82913,50,94,-1,0.8357812797560954
82913,51,92,-2,0.4545383997441098
82913,52,98,6,0.955599102234412
82913,53,96,-2,0.6381267522896875
82913,54,99,3,-1.0146594501288326
82913,55,0,-99,0.9742913889274913
82913,56,4,-9,1.0598844609896538
82913,57,3,-11,0.7385912436274404
82913,58,12,-28,1.1771160325209629
82913,59,12,-37,1.1747490939324876
82913,60,11,-35,1.2865383990225971
82913,61,10,-32,-0.36736565330705667
82913,62,72,62,0.8699299582565253
82913,63,73,1,0.42507394571585494
82913,64,89,16,-0.2610219321008982
82913,65,21,-68,0.8239698650096011
82913,66,20,-62,0.5705632564412595
82913,67,21,-63,0.6167011311326565
82913,68,16,-54,0.16714848157868678
82913,69,38,-93,0.6389945131296705
82913,70,47,9,1.0961825315678695
82913,71,48,1,0.7548895250945704
82913,72,49,1,1.1306096622099522
82913,73,48,-1,1.0730304941076378
82913,74,47,-1,0.6434097980147243
82913,75,51,4,0.7493054514635776
82913,76,52,1,0.7339851868970431
82913,77,53,1,0.9142273219168561
82913,78,53,0,1.035432006796393
82913,79,52,-1,1.5463723602486312
82913,80,52,0,1.1338226985943023
82913,81,52,0,0.9534554704189379
82913,82,52,0,0.8875817006264345
82913,83,51,-1,1.1007194128289635
82913,84,50,-1,0.877109182713695
82913,85,50,0,0.9126586810785015
82913,86,52,2,1.0754324647613442
82913,87,51,-1,0.5372935854006988
82913,88,65,14,-0.3059275054044478
82913,89,0,-66,0.7033009160069512
82913,90,0,-1,1.0241433014630363
82913,91,0,-1,0.7836202631248703
82913,92,10,-21,1.0355923053144627
82913,93,6,-23,0.32227764314090873
82913,94,28,-63,1.034374484575181
82913,95,32,-93,0.43453623615216924
82913,96,45,13,-0.1966794470635509
82913,97,0,-46,0.6616363487499394
82913,98,0,-1,0.8888110204450765
82913,99,0,-1,0.9744530343072229
82913,100,0,-1,0.7599736524539673
82913,101,1,-3,1.1896204001188257
82913,102,0,-2,1.0708839170239324
82913,103,0,-1,0.6239374823094888
82913,104,4,-9,1.1913503732444237
82913,105,1,-7,0.6324380264651083
82913,106,5,-12,0.7468781767126992
82913,107,9,-24,0.8295200148198077
82913,108,6,-22,0.7402388378754517
82913,109,7,-21,0.5020556739256085
82913,110,15,-38,0.5268152453741812
82913,111,20,-56,0.8933347527852046
82913,112,20,-61,1.0111559261674752
82913,113,17,-55,0.8414633430918825
82913,114,20,-58,0.6634551861726351
82913,115,25,-71,0.7403667098286312
82913,116,25,-76,0.72573085385781
82913,117,27,-80,0.870467167451299
82913,118,27,-82,1.0473501930295588
82913,119,24,-76,0.6504118051214922
82913,120,29,-83,0.6786033093511357
82913,121,34,-98,1.0152845252413305
82913,122,32,-99,0.9549719254854336
82913,123,30,-93,0.5169593825590065
82913,124,41,11,0.8501430219851258
82913,125,47,6,0.929238814910639
82913,126,46,-1,0.7586289227322365
82913,127,51,5,0.79444723116454
82913,128,54,3,1.055347201931487
82913,129,54,0,1.162621670443676
82913,130,54,0,0.9803166704809171
82913,131,56,2,0.7324149632255276
82913,132,60,4,0.2687046654419799
82913,133,76,16,-0.5222547061790614
82913,134,0,-77,0.5450115444782292
82913,135,6,-13,1.0628056231669787
82913,136,4,-15,0.6328447918536845
82913,137,15,-35,0.8653025413795805
82913,138,16,-48,1.2149029114117043
82913,139,10,-37,0.21467670308466738
82913,140,37,-85,0.91088171635144
82913,141,43,6,0.5797108304394444
82913,142,46,3,0.19568650494744425
82913,143,18,-83,0.7017183954003887
82913,144,17,-53,0.8820694286625669
82913,145,15,-48,0.7535259662212577
82913,146,21,-58,1.0343637336912896
82913,147,21,-64,0.9352698609444052
82913,148,19,-60,0.7164700401220171
82913,149,26,-72,0.7709841406820613
82913,150,26,-79,0.8559153144109336
82913,151,24,-75,0.7618698672701851
82913,152,30,-85,1.1980413635758247
82913,153,30,-91,0.9502833443812837
82913,154,28,-87,0.6530684509610147
82913,155,36,8,1.2366964640282005
82913,156,36,0,1.0088701114998135
82913,157,33,-3,0.49875852362864087
82913,158,47,14,0.898276386908233
82913,159,52,5,0.5212149388806676
82913,160,57,5,-0.01841072971923646
82913,161,4,-66,0.7489155554622755
82913,162,2,-9,0.31869815347761465
82913,163,20,-43,0.7034946113830941
82913,164,30,-81,8.07061555646286e-17
82913,165,64,34,-0.04814671575376525
82913,166,28,-36,0.6783189966503922
82913,167,26,-81,0.7999891721610605
82913,168,24,-75,0.6027636593843262
82913,169,29,-83,0.19241626082973115
82913,170,0,-30,0.6206505559634155
82913,171,8,-17,-0.6649081009898489
82913,172,99,91,0.7139407234633989
82913,173,88,-11,1.0108701155877142
82913,174,85,-3,0.9852233973154387
82913,175,85,0,0.5829724375851586
82913,176,93,8,1.264177108467106
82913,177,91,-2,0.6083710937211104
82913,178,99,8,1.2065200808035954
82913,179,97,-2,0.6119174405793864
82913,180,99,2,0.5186449961456527
82913,181,88,-11,0.9008607693699078
82913,182,84,-4,0.5099045067812737
82913,183,95,11,1.1387855341342341
82913,184,93,-2,0.9903587636480018
82913,185,92,-1,0.657590341974236
82913,186,99,7,0.6573730941818245
82913,187,89,-10,1.1676823275841426
82913,188,85,-4,0.3251908527061011
82913,189,99,14,0.8801249954092454
82913,190,96,-3,1.2500191147156992
82913,191,94,-2,0.8514104369470601
82913,192,94,0,0.6302296799821951
82913,193,98,4,0.9318448549697672
82913,194,93,-5,1.2120893628220937
82913,195,90,-3,0.9009572725097791
82913,196,88,-2,0.8073515333848164
82913,197,90,2,0.7045930077550077
82913,198,80,-10,0.8200854593787352
47082,0,43,-8,-0.2904972716826788
47082,1,96,53,1.2216696349988112
47082,2,93,-3,0.6912542339413943
47082,3,99,6,0.8800869781532937
47082,4,99,0,0.9634205791116142
47082,5,99,0,0.8770935556158217
47082,6,99,0,1.0017594708487867
47082,7,97,-2,0.8118356118217248
47082,8,98,1,0.8949754297739981
47082,9,98,0,0.8519168089403415
47082,10,98,0,0.5421689365288448
47082,11,86,-12,0.8652685602522028
47082,12,84,-2,0.8932702392315026
47082,13,83,-1,0.8781739087952989
47082,14,83,0,1.3676543545013522
47082,15,81,-2,0.8530634870773425
47082,16,84,3,0.8759668526851723
47082,17,84,0,0.7894002926045672
47082,18,86,2,0.8205389580733482
47082,19,83,-3,0.4486876045827627
47082,20,98,15,0.8707926840079445
47082,21,96,-2,1.1619471230864278
47082,22,93,-3,0.6928456460924693
47082,23,95,2,0.9866964046684104
47082,24,91,-4,0.9446654656304985
47082,25,86,-5,0.7926483792385727
47082,26,87,1,0.5067962242929895
47082,27,94,7,1.219929395156964
47082,28,88,-6,0.8872718660667028
47082,29,89,1,1.0186939096693712
47082,30,85,-4,0.5852707360900953
47082,31,87,2,0.5366871745554898
47082,32,69,-18,0.5418841813574227
47082,33,76,7,1.0020813334052174
47082,34,80,4,0.9348716202299653
47082,35,78,-2,0.6474779549437267
47082,36,65,-13,5.468762596333828e-17
47082,37,94,29,0.6441211615809519
47082,38,99,5,0.3174278665564641
47082,39,58,-41,0.34065739846972154
47082,40,77,19,0.9480422519385764
47082,41,77,0,0.8540216035193958
47082,42,77,0,0.8168920357466136
47082,43,75,-2,0.7355644783300851
47082,44,77,2,0.591965586993374
47082,45,66,-11,0.10115796593259727
47082,46,92,26,0.8487919661421629
47082,47,95,3,0.9668499623546118
47082,48,94,-1,0.7379455978478248
47082,49,95,1,0.79139401887879
47082,50,94,-1,0.8357812797560954
47082,51,92,-2,0.4545383997441098
47082,52,98,6,0.955599102234412
47082,53,96,-2,0.6381267522896875
47082,54,99,3,-1.0146594501288326
47082,55,0,-99,0.9742913889274913
47082,56,4,-9,1.0598844609896538
47082,57,3,-11,0.7385912436274404
47082,58,12,-28,1.1771160325209629
47082,59,12,-37,1.1747490939324876
47082,60,11,-35,1.2865383990225971
47082,61,10,-32,-0.36736565330705667
47082,62,72,62,0.8699299582565253
47082,63,73,1,0.42507394571585494
47082,64,89,16,-0.2610219321008982
47082,65,21,-68,0.8239698650096011
47082,66,20,-62,0.5705632564412595
47082,67,21,-63,0.6167011311326565
47082,68,16,-54,0.16714848157868678
47082,69,38,-93,0.6389945131296705
47082,70,47,9,1.0961825315678695
47082,71,48,1,0.7548895250945704
47082,72,49,1,1.1306096622099522
47082,73,48,-1,1.0730304941076378
47082,74,47,-1,0.6434097980147243
47082,75,51,4,0.7493054514635776
47082,76,52,1,0.7339851868970431
47082,77,53,1,0.9142273219168561
47082,78,53,0,1.035432006796393
47082,79,52,-1,1.5463723602486312
47082,80,52,0,1.1338226985943023
47082,81,52,0,0.9534554704189379
47082,82,52,0,0.8875817006264345
47082,83,51,-1,1.1007194128289635
47082,84,50,-1,0.877109182713695
47082,85,50,0,0.9126586810785015
47082,86,52,2,1.0754324647613442
47082,87,51,-1,0.5372935854006988
47082,88,65,14,-0.3059275054044478
47082,89,0,-66,0.7033009160069512
47082,90,0,-1,1.0241433014630363
47082,91,0,-1,0.7836202631248703
47082,92,10,-21,1.0355923053144627
47082,93,6,-23,0.32227764314090873
47082,94,28,-63,1.034374484575181
47082,95,32,-93,0.43453623615216924
47082,96,45,13,-0.1966794470635509
47082,97,0,-46,0.6616363487499394
47082,98,0,-1,0.8888110204450765
47082,99,0,-1,0.9744530343072229
47082,100,0,-1,0.7599736524539673
47082,101,1,-3,1.1896204001188257
47082,102,0,-2,1.0708839170239324
47082,103,0,-1,0.6239374823094888
47082,104,4,-9,1.1913503732444237
47082,105,1,-7,0.6324380264651083
47082,106,5,-12,0.7468781767126992
47082,107,9,-24,0.8295200148198077
47082,108,6,-22,0.7402388378754517
47082,109,7,-21,0.5020556739256085
47082,110,15,-38,0.5268152453741812
47082,111,20,-56,0.8933347527852046
47082,112,20,-61,1.0111559261674752
47082,113,17,-55,0.8414633430918825
47082,114,20,-58,0.6634551861726351
47082,115,25,-71,0.7403667098286312
47082,116,25,-76,0.72573085385781
47082,117,27,-80,0.870467167451299
47082,118,27,-82,1.0473501930295588
47082,119,24,-76,0.6504118051214922
47082,120,29,-83,0.6786033093511357
47082,121,34,-98,1.0152845252413305
47082,122,32,-99,0.9549719254854336
47082,123,30,-93,0.5169593825590065
47082,124,41,11,0.8501430219851258
47082,125,47,6,0.929238814910639
47082,126,46,-1,0.7586289227322365
47082,127,51,5,0.79444723116454
47082,128,54,3,1.055347201931487
47082,129,54,0,1.162621670443676
47082,130,54,0,0.9803166704809171
47082,131,56,2,0.7324149632255276
47082,132,60,4,0.2687046654419799
47082,133,76,16,-0.5222547061790614
47082,134,0,-77,0.5450115444782292
47082,135,6,-13,1.0628056231669787
47082,136,4,-15,0.6328447918536845
47082,137,15,-35,0.8653025413795805
47082,138,16,-48,1.2149029114117043
47082,139,10,-37,0.21467670308466738
47082,140,37,-85,0.91088171635144
47082,141,43,6,0.5797108304394444
47082,142,46,3,0.19568650494744425
47082,143,18,-83,0.7017183954003887
47082,144,17,-53,0.8820694286625669
47082,145,15,-48,0.7535259662212577
47082,146,21,-58,1.0343637336912896
47082,147,21,-64,0.9352698609444052
47082,148,19,-60,0.7164700401220171
47082,149,26,-72,0.7709841406820613
47082,150,26,-79,0.8559153144109336
47082,151,24,-75,0.7618698672701851
47082,152,30,-85,1.1980413635758247
47082,153,30,-91,0.9502833443812837
47082,154,28,-87,0.6530684509610147
47082,155,36,8,1.2366964640282005
47082,156,36,0,1.0088701114998135
47082,157,33,-3,0.49875852362864087
47082,158,47,14,0.898276386908233
47082,159,52,5,0.5212149388806676
47082,160,57,5,-0.01841072971923646
47082,161,4,-66,0.7489155554622755
47082,162,2,-9,0.31869815347761465
47082,163,20,-43,0.7034946113830941
47082,164,30,-81,8.07061555646286e-17
47082,165,64,34,-0.04814671575376525
47082,166,28,-36,0.6783189966503922
47082,167,26,-81,0.7999891721610605
47082,168,24,-75,0.6027636593843262
47082,169,29,-83,0.19241626082973115
47082,170,0,-30,0.6206505559634155
47082,171,8,-17,-0.6649081009898489
47082,172,99,91,0.7139407234633989
47082,173,88,-11,1.0108701155877142
47082,174,85,-3,0.9852233973154387
47082,175,85,0,0.5829724375851586
47082,176,93,8,1.264177108467106
47082,177,91,-2,0.6083710937211104
47082,178,99,8,1.2065200808035954
47082,179,97,-2,0.6119174405793864
47082,180,99,2,0.5186449961456527
47082,181,88,-11,0.9008607693699078
47082,182,84,-4,0.5099045067812737
47082,183,95,11,1.1387855341342341
47082,184,93,-2,0.9903587636480018
47082,185,92,-1,0.657590341974236
47082,186,99,7,0.6573730941818245
47082,187,89,-10,1.1676823275841426
47082,188,85,-4,0.3251908527061011
47082,189,99,14,0.8801249954092454
47082,190,96,-3,1.2500191147156992
47082,191,94,-2,0.8514104369470601
47082,192,94,0,0.6302296799821951
47082,193,98,4,0.9318448549697672
47082,194,93,-5,1.2120893628220937
47082,195,90,-3,0.9009572725097791
47082,196,88,-2,0.8073515333848164
47082,197,90,2,0.7045930077550077
47082,198,80,-10,0.8200854593787352
60958,0,43,-8,-0.2904972716826788
60958,1,96,53,1.2216696349988112
60958,2,93,-3,0.6912542339413943
60958,3,99,6,0.8800869781532937
60958,4,99,0,0.9634205791116142
60958,5,99,0,0.8770935556158217
60958,6,99,0,1.0017594708487867
60958,7,97,-2,0.8118356118217248
60958,8,98,1,0.8949754297739981
60958,9,98,0,0.8519168089403415
60958,10,98,0,0.5421689365288448
60958,11,86,-12,0.8652685602522028
60958,12,84,-2,0.8932702392315026
60958,13,83,-1,0.8781739087952989
60958,14,83,0,1.3676543545013522
60958,15,81,-2,0.8530634870773425
60958,16,84,3,0.8759668526851723
60958,17,84,0,0.7894002926045672
60958,18,86,2,0.8205389580733482
60958,19,83,-3,0.4486876045827627
60958,20,98,15,0.8707926840079445
60958,21,96,-2,1.1619471230864278
60958,22,93,-3,0.6928456460924693
60958,23,95,2,0.9866964046684104
60958,24,91,-4,0.9446654656304985
60958,25,86,-5,0.7926483792385727
60958,26,87,1,0.5067962242929895
60958,27,94,7,1.219929395156964
60958,28,88,-6,0.8872718660667028
60958,29,89,1,1.0186939096693712
60958,30,85,-4,0.5852707360900953
60958,31,87,2,0.5366871745554898
60958,32,69,-18,0.5418841813574227
60958,33,76,7,1.0020813334052174
60958,34,80,4,0.9348716202299653
60958,35,78,-2,0.6474779549437267
60958,36,65,-13,5.468762596333828e-17
60958,37,94,29,0.6441211615809519
60958,38,99,5,0.3174278665564641
60958,39,58,-41,0.34065739846972154
60958,40,77,19,0.9480422519385764
60958,41,77,0,0.8540216035193958
60958,42,77,0,0.8168920357466136
60958,43,75,-2,0.7355644783300851
60958,44,77,2,0.591965586993374
60958,45,66,-11,0.10115796593259727
60958,46,92,26,0.8487919661421629
60958,47,95,3,0.9668499623546118
60958,48,94,-1,0.7379455978478248
60958,49,95,1,0.79139401887879
60958,50,94,-1,0.8357812797560954
60958,51,92,-2,0.4545383997441098
60958,52,98,6,0.955599102234412
60958,53,96,-2,0.6381267522896875
60958,54,99,3,-1.0146594501288326
60958,55,0,-99,0.9742913889274913
60958,56,4,-9,1.0598844609896538
60958,57,3,-11,0.7385912436274404
60958,58,12,-28,1.1771160325209629
60958,59,12,-37,1.1747490939324876
60958,60,11,-35,1.2865383990225971
60958,61,10,-32,-0.36736565330705667
60958,62,72,62,0.8699299582565253
60958,63,73,1,0.42507394571585494
60958,64,89,16,-0.2610219321008982
60958,65,21,-68,0.8239698650096011
60958,66,20,-62,0.5705632564412595
60958,67,21,-63,0.6167011311326565
60958,68,16,-54,0.16714848157868678
60958,69,38,-93,0.6389945131296705
60958,70,47,9,1.0961825315678695
60958,71,48,1,0.7548895250945704
60958,72,49,1,1.1306096622099522
60958,73,48,-1,1.0730304941076378
60958,74,47,-1,0.6434097980147243
60958,75,51,4,0.7493054514635776
60958,76,52,1,0.7339851868970431
60958,77,53,1,0.9142273219168561
60958,78,53,0,1.035432006796393
60958,79,52,-1,1.5463723602486312
60958,80,52,0,1.1338226985943023
60958,81,52,0,0.9534554704189379
60958,82,52,0,0.8875817006264345
60958,83,51,-1,1.1007194128289635
60958,84,50,-1,0.877109182713695
60958,85,50,0,0.9126586810785015
60958,86,52,2,1.0754324647613442
60958,87,51,-1,0.5372935854006988
60958,88,65,14,-0.3059275054044478
60958,89,0,-66,0.7033009160069512
60958,90,0,-1,1.0241433014630363
60958,91,0,-1,0.7836202631248703
60958,92,10,-21,1.0355923053144627
60958,93,6,-23,0.32227764314090873
60958,94,28,-63,1.034374484575181
60958,95,32,-93,0.43453623615216924
60958,96,45,13,-0.1966794470635509
60958,97,0,-46,0.6616363487499394
60958,98,0,-1,0.8888110204450765
60958,99,0,-1,0.9744530343072229
60958,100,0,-1,0.7599736524539673
60958,101,1,-3,1.1896204001188257
60958,102,0,-2,1.0708839170239324
60958,103,0,-1,0.6239374823094888
60958,104,4,-9,1.1913503732444237
60958,105,1,-7,0.6324380264651083
60958,106,5,-12,0.7468781767126992
60958,107,9,-24,0.8295200148198077
60958,108,6,-22,0.7402388378754517
60958,109,7,-21,0.5020556739256085
60958,110,15,-38,0.5268152453741812
60958,111,20,-56,0.8933347527852046
60958,112,20,-61,1.0111559261674752
60958,113,17,-55,0.8414633430918825
60958,114,20,-58,0.6634551861726351
60958,115,25,-71,0.7403667098286312
60958,116,25,-76,0.72573085385781
60958,117,27,-80,0.870467167451299
60958,118,27,-82,1.0473501930295588
60958,119,24,-76,0.6504118051214922
60958,120,29,-83,0.6786033093511357
60958,121,34,-98,1.0152845252413305
60958,122,32,-99,0.9549719254854336
60958,123,30,-93,0.5169593825590065
60958,124,41,11,0.8501430219851258
60958,125,47,6,0.929238814910639
60958,126,46,-1,0.7586289227322365
60958,127,51,5,0.79444723116454
60958,128,54,3,1.055347201931487
60958,129,54,0,1.162621670443676
60958,130,54,0,0.9803166704809171
60958,131,56,2,0.7324149632255276
60958,132,60,4,0.2687046654419799
60958,133,76,16,-0.5222547061790614
60958,134,0,-77,0.5450115444782292
60958,135,6,-13,1.0628056231669787
60958,136,4,-15,0.6328447918536845
60958,137,15,-35,0.8653025413795805
60958,138,16,-48,1.2149029114117043
60958,139,10,-37,0.21467670308466738
60958,140,37,-85,0.91088171635144
60958,141,43,6,0.5797108304394444
60958,142,46,3,0.19568650494744425
60958,143,18,-83,0.7017183954003887
60958,144,17,-53,0.8820694286625669
60958,145,15,-48,0.7535259662212577
60958,146,21,-58,1.0343637336912896
60958,147,21,-64,0.9352698609444052
60958,148,19,-60,0.7164700401220171
60958,149,26,-72,0.7709841406820613
60958,150,26,-79,0.8559153144109336
60958,151,24,-75,0.7618698672701851
60958,152,30,-85,1.1980413635758247
60958,153,30,-91,0.9502833443812837
60958,154,28,-87,0.6530684509610147
60958,155,36,8,1.2366964640282005
60958,156,36,0,1.0088701114998135
60958,157,33,-3,0.49875852362864087
60958,158,47,14,0.898276386908233
60958,159,52,5,0.5212149388806676
60958,160,57,5,-0.01841072971923646
60958,161,4,-66,0.7489155554622755
60958,162,2,-9,0.31869815347761465
60958,163,20,-43,0.7034946113830941
60958,164,30,-81,8.07061555646286e-17
60958,165,64,34,-0.04814671575376525
60958,166,28,-36,0.6783189966503922
60958,167,26,-81,0.7999891721610605
60958,168,24,-75,0.6027636593843262
60958,169,29,-83,0.19241626082973115
60958,170,0,-30,0.6206505559634155
60958,171,8,-17,-0.6649081009898489
60958,172,99,91,0.7139407234633989
60958,173,88,-11,1.0108701155877142
60958,174,85,-3,0.9852233973154387
60958,175,85,0,0.5829724375851586
60958,176,93,8,1.264177108467106
60958,177,91,-2,0.6083710937211104
60958,178,99,8,1.2065200808035954
60958,179,97,-2,0.6119174405793864
60958,180,99,2,0.5186449961456527
60958,181,88,-11,0.9008607693699078
60958,182,84,-4,0.5099045067812737
60958,183,95,11,1.1387855341342341
60958,184,93,-2,0.9903587636480018
60958,185,92,-1,0.657590341974236
60958,186,99,7,0.6573730941818245
60958,187,89,-10,1.1676823275841426
60958,188,85,-4,0.3251908527061011
60958,189,99,14,0.8801249954092454
60958,190,96,-3,1.2500191147156992
60958,191,94,-2,0.8514104369470601
60958,192,94,0,0.6302296799821951
60958,193,98,4,0.9318448549697672
60958,194,93,-5,1.2120893628220937
60958,195,90,-3,0.9009572725097791
60958,196,88,-2,0.8073515333848164
60958,197,90,2,0.7045930077550077
60958,198,80,-10,0.8200854593787352
83337,0,43,-8,-0.2904972716826788
83337,1,96,53,1.2216696349988112
83337,2,93,-3,0.6912542339413943
83337,3,99,6,0.8800869781532937
83337,4,99,0,0.9634205791116142
83337,5,99,0,0.8770935556158217
83337,6,99,0,1.0017594708487867
83337,7,97,-2,0.8118356118217248
83337,8,98,1,0.8949754297739981
83337,9,98,0,0.8519168089403415
83337,10,98,0,0.5421689365288448
83337,11,86,-12,0.8652685602522028
83337,12,84,-2,0.8932702392315026
83337,13,83,-1,0.8781739087952989
83337,14,83,0,1.3676543545013522
83337,15,81,-2,0.8530634870773425
83337,16,84,3,0.8759668526851723
83337,17,84,0,0.7894002926045672
83337,18,86,2,0.8205389580733482
83337,19,83,-3,0.4486876045827627
83337,20,98,15,0.8707926840079445
83337,21,96,-2,1.1619471230864278
83337,22,93,-3,0.6928456460924693
83337,23,95,2,0.9866964046684104
83337,24,91,-4,0.9446654656304985
83337,25,86,-5,0.7926483792385727
83337,26,87,1,0.5067962242929895
83337,27,94,7,1.219929395156964
83337,28,88,-6,0.8872718660667028
83337,29,89,1,1.0186939096693712
83337,30,85,-4,0.5852707360900953
83337,31,87,2,0.5366871745554898
83337,32,69,-18,0.5418841813574227
83337,33,76,7,1.0020813334052174
83337,34,80,4,0.9348716202299653
83337,35,78,-2,0.6474779549437267
83337,36,65,-13,5.468762596333828e-17
83337,37,94,29,0.6441211615809519
83337,38,99,5,0.3174278665564641
83337,39,58,-41,0.34065739846972154
83337,40,77,19,0.9480422519385764
83337,41,77,0,0.8540216035193958
83337,42,77,0,0.8168920357466136
83337,43,75,-2,0.7355644783300851
83337,44,77,2,0.591965586993374
83337,45,66,-11,0.10115796593259727
83337,46,92,26,0.8487919661421629
83337,47,95,3,0.9668499623546118
83337,48,94,-1,0.7379455978478248
83337,49,95,1,0.79139401887879
83337,50,94,-1,0.8357812797560954
83337,51,92,-2,0.4545383997441098
83337,52,98,6,0.955599102234412
83337,53,96,-2,0.6381267522896875
83337,54,99,3,-1.0146594501288326
83337,55,0,-99,0.9742913889274913
83337,56,4,-9,1.0598844609896538
83337,57,3,-11,0.7385912436274404
83337,58,12,-28,1.1771160325209629
83337,59,12,-37,1.1747490939324876
83337,60,11,-35,1.2865383990225971
83337,61,10,-32,-0.36736565330705667
83337,62,72,62,0.8699299582565253
83337,63,73,1,0.42507394571585494
83337,64,89,16,-0.2610219321008982
83337,65,21,-68,0.8239698650096011
83337,66,20,-62,0.5705632564412595
83337,67,21,-63,0.6167011311326565
83337,68,16,-54,0.16714848157868678
83337,69,38,-93,0.6389945131296705
83337,70,47,9,1.0961825315678695
83337,71,48,1,0.7548895250945704
83337,72,49,1,1.1306096622099522
83337,73,48,-1,1.0730304941076378
83337,74,47,-1,0.6434097980147243
83337,75,51,4,0.7493054514635776
83337,76,52,1,0.7339851868970431
83337,77,53,1,0.9142273219168561
83337,78,53,0,1.035432006796393
83337,79,52,-1,1.5463723602486312
83337,80,52,0,1.1338226985943023
83337,81,52,0,0.9534554704189379
83337,82,52,0,0.8875817006264345
83337,83,51,-1,1.1007194128289635
83337,84,50,-1,0.877109182713695
83337,85,50,0,0.9126586810785015
83337,86,52,2,1.0754324647613442
83337,87,51,-1,0.5372935854006988
83337,88,65,14,-0.3059275054044478
83337,89,0,-66,0.7033009160069512
83337,90,0,-1,1.0241433014630363
83337,91,0,-1,0.7836202631248703
83337,92,10,-21,1.0355923053144627
83337,93,6,-23,0.32227764314090873
83337,94,28,-63,1.034374484575181
83337,95,32,-93,0.43453623615216924
83337,96,45,13,-0.1966794470635509
83337,97,0,-46,0.6616363487499394
83337,98,0,-1,0.8888110204450765
83337,99,0,-1,0.9744530343072229
83337,100,0,-1,0.7599736524539673
83337,101,1,-3,1.1896204001188257
83337,102,0,-2,1.0708839170239324
83337,103,0,-1,0.6239374823094888
83337,104,4,-9,1.1913503732444237
83337,105,1,-7,0.6324380264651083
83337,106,5,-12,0.7468781767126992
83337,107,9,-24,0.8295200148198077
83337,108,6,-22,0.7402388378754517
83337,109,7,-21,0.5020556739256085
83337,110,15,-38,0.5268152453741812
83337,111,20,-56,0.8933347527852046
83337,112,20,-61,1.0111559261674752
83337,113,17,-55,0.8414633430918825
83337,114,20,-58,0.6634551861726351
83337,115,25,-71,0.7403667098286312
83337,116,25,-76,0.72573085385781
83337,117,27,-80,0.870467167451299
83337,118,27,-82,1.0473501930295588
83337,119,24,-76,0.6504118051214922
83337,120,29,-83,0.6786033093511357
83337,121,34,-98,1.0152845252413305
83337,122,32,-99,0.9549719254854336
83337,123,30,-93,0.5169593825590065
83337,124,41,11,0.8501430219851258
83337,125,47,6,0.929238814910639
83337,126,46,-1,0.7586289227322365
83337,127,51,5,0.79444723116454
83337,128,54,3,1.055347201931487
83337,129,54,0,1.162621670443676
83337,130,54,0,0.9803166704809171
83337,131,56,2,0.7324149632255276
83337,132,60,4,0.2687046654419799
83337,133,76,16,-0.5222547061790614
83337,134,0,-77,0.5450115444782292
83337,135,6,-13,1.0628056231669787
83337,136,4,-15,0.6328447918536845
83337,137,15,-35,0.8653025413795805
83337,138,16,-48,1.2149029114117043
83337,139,10,-37,0.21467670308466738
83337,140,37,-85,0.91088171635144
83337,141,43,6,0.5797108304394444
83337,142,46,3,0.19568650494744425
83337,143,18,-83,0.7017183954003887
83337,144,17,-53,0.8820694286625669
83337,145,15,-48,0.7535259662212577
83337,146,21,-58,1.0343637336912896
83337,147,21,-64,0.9352698609444052
83337,148,19,-60,0.7164700401220171
83337,149,26,-72,0.7709841406820613
83337,150,26,-79,0.8559153144109336
83337,151,24,-75,0.7618698672701851
83337,152,30,-85,1.1980413635758247
83337,153,30,-91,0.9502833443812837
83337,154,28,-87,0.6530684509610147
83337,155,36,8,1.2366964640282005
83337,156,36,0,1.0088701114998135
83337,157,33,-3,0.49875852362864087
83337,158,47,14,0.898276386908233
83337,159,52,5,0.5212149388806676
83337,160,57,5,-0.01841072971923646
83337,161,4,-66,0.7489155554622755
83337,162,2,-9,0.31869815347761465
83337,163,20,-43,0.7034946113830941
83337,164,30,-81,8.07061555646286e-17
83337,165,64,34,-0.04814671575376525
83337,166,28,-36,0.6783189966503922
83337,167,26,-81,0.7999891721610605
83337,168,24,-75,0.6027636593843262
83337,169,29,-83,0.19241626082973115
83337,170,0,-30,0.6206505559634155
83337,171,8,-17,-0.6649081009898489
83337,172,99,91,0.7139407234633989
83337,173,88,-11,1.0108701155877142
83337,174,85,-3,0.9852233973154387
83337,175,85,0,0.5829724375851586
83337,176,93,8,1.264177108467106
83337,177,91,-2,0.6083710937211104
83337,178,99,8,1.2065200808035954
83337,179,97,-2,0.6119174405793864
83337,180,99,2,0.5186449961456527
83337,181,88,-11,0.9008607693699078
83337,182,84,-4,0.5099045067812737
83337,183,95,11,1.1387855341342341
83337,184,93,-2,0.9903587636480018
83337,185,92,-1,0.657590341974236
83337,186,99,7,0.6573730941818245
83337,187,89,-10,1.1676823275841426
83337,188,85,-4,0.3251908527061011
83337,189,99,14,0.8801249954092454
83337,190,96,-3,1.2500191147156992
83337,191,94,-2,0.8514104369470601
83337,192,94,0,0.6302296799821951
83337,193,98,4,0.9318448549697672
83337,194,93,-5,1.2120893628220937
83337,195,90,-3,0.9009572725097791
83337,196,88,-2,0.8073515333848164
83337,197,90,2,0.7045930077550077
83337,198,80,-10,0.8200854593787352
49242,0,43,-8,-0.2904972716826788
49242,1,96,53,1.2216696349988112
49242,2,93,-3,0.6912542339413943
49242,3,99,6,0.8800869781532937
49242,4,99,0,0.9634205791116142
49242,5,99,0,0.8770935556158217
49242,6,99,0,1.0017594708487867
49242,7,97,-2,0.8118356118217248
49242,8,98,1,0.8949754297739981
49242,9,98,0,0.8519168089403415
49242,10,98,0,0.5421689365288448
49242,11,86,-12,0.8652685602522028
49242,12,84,-2,0.8932702392315026
49242,13,83,-1,0.8781739087952989
49242,14,83,0,1.3676543545013522
49242,15,81,-2,0.8530634870773425
49242,16,84,3,0.8759668526851723
49242,17,84,0,0.7894002926045672
49242,18,86,2,0.8205389580733482
49242,19,83,-3,0.4486876045827627
49242,20,98,15,0.8707926840079445
49242,21,96,-2,1.1619471230864278
49242,22,93,-3,0.6928456460924693
49242,23,95,2,0.9866964046684104
49242,24,91,-4,0.9446654656304985
49242,25,86,-5,0.7926483792385727
49242,26,87,1,0.5067962242929895
49242,27,94,7,1.219929395156964
49242,28,88,-6,0.8872718660667028
49242,29,89,1,1.0186939096693712
49242,30,85,-4,0.5852707360900953
49242,31,87,2,0.5366871745554898
49242,32,69,-18,0.5418841813574227
49242,33,76,7,1.0020813334052174
49242,34,80,4,0.9348716202299653
49242,35,78,-2,0.6474779549437267
49242,36,65,-13,5.468762596333828e-17
49242,37,94,29,0.6441211615809519
49242,38,99,5,0.3174278665564641
49242,39,58,-41,0.34065739846972154
49242,40,77,19,0.9480422519385764
49242,41,77,0,0.8540216035193958
49242,42,77,0,0.8168920357466136
49242,43,75,-2,0.7355644783300851
49242,44,77,2,0.591965586993374
49242,45,66,-11,0.10115796593259727
49242,46,92,26,0.8487919661421629
49242,47,95,3,0.9668499623546118
49242,48,94,-1,0.7379455978478248
49242,49,95,1,0.79139401887879
49242,50,94,-1,0.8357812797560954
49242,51,92,-2,0.4545383997441098
49242,52,98,6,0.955599102234412
49242,53,96,-2,0.6381267522896875
49242,54,99,3,-1.0146594501288326
49242,55,0,-99,0.9742913889274913
49242,56,4,-9,1.0598844609896538
49242,57,3,-11,0.7385912436274404
49242,58,12,-28,1.1771160325209629
49242,59,12,-37,1.1747490939324876
49242,60,11,-35,1.2865383990225971
49242,61,10,-32,-0.36736565330705667
49242,62,72,62,0.8699299582565253
49242,63,73,1,0.42507394571585494
49242,64,89,16,-0.2610219321008982
49242,65,21,-68,0.8239698650096011
49242,66,20,-62,0.5705632564412595
49242,67,21,-63,0.6167011311326565
49242,68,16,-54,0.16714848157868678
49242,69,38,-93,0.6389945131296705
49242,70,47,9,1.0961825315678695
49242,71,48,1,0.7548895250945704
49242,72,49,1,1.1306096622099522
49242,73,48,-1,1.0730304941076378
49242,74,47,-1,0.6434097980147243
49242,75,51,4,0.7493054514635776
49242,76,52,1,0.7339851868970431
49242,77,53,1,0.9142273219168561
49242,78,53,0,1.035432006796393
49242,79,52,-1,1.5463723602486312
49242,80,52,0,1.1338226985943023
49242,81,52,0,0.9534554704189379
49242,82,52,0,0.8875817006264345
49242,83,51,-1,1.1007194128289635
49242,84,50,-1,0.877109182713695
49242,85,50,0,0.9126586810785015
49242,86,52,2,1.0754324647613442
49242,87,51,-1,0.5372935854006988
49242,88,65,14,-0.3059275054044478
49242,89,0,-66,0.7033009160069512
49242,90,0,-1,1.0241433014630363
49242,91,0,-1,0.7836202631248703
49242,92,10,-21,1.0355923053144627
49242,93,6,-23,0.32227764314090873
49242,94,28,-63,1.034374484575181
49242,95,32,-93,0.43453623615216924
49242,96,45,13,-0.1966794470635509
49242,97,0,-46,0.6616363487499394
49242,98,0,-1,0.8888110204450765
49242,99,0,-1,0.9744530343072229
49242,100,0,-1,0.7599736524539673
49242,101,1,-3,1.1896204001188257
49242,102,0,-2,1.0708839170239324
49242,103,0,-1,0.6239374823094888
49242,104,4,-9,1.1913503732444237
49242,105,1,-7,0.6324380264651083
49242,106,5,-12,0.7468781767126992
49242,107,9,-24,0.8295200148198077
49242,108,6,-22,0.7402388378754517
49242,109,7,-21,0.5020556739256085
49242,110,15,-38,0.5268152453741812
49242,111,20,-56,0.8933347527852046
49242,112,20,-61,1.0111559261674752
49242,113,17,-55,0.8414633430918825
49242,114,20,-58,0.6634551861726351
49242,115,25,-71,0.7403667098286312
49242,116,25,-76,0.72573085385781
49242,117,27,-80,0.870467167451299
49242,118,27,-82,1.0473501930295588
49242,119,24,-76,0.6504118051214922
49242,120,29,-83,0.6786033093511357
49242,121,34,-98,1.0152845252413305
49242,122,32,-99,0.9549719254854336
49242,123,30,-93,0.5169593825590065
49242,124,41,11,0.8501430219851258
49242,125,47,6,0.929238814910639
49242,126,46,-1,0.7586289227322365
49242,127,51,5,0.79444723116454
49242,128,54,3,1.055347201931487
49242,129,54,0,1.162621670443676
49242,130,54,0,0.9803166704809171
49242,131,56,2,0.7324149632255276
49242,132,60,4,0.2687046654419799
49242,133,76,16,-0.5222547061790614
49242,134,0,-77,0.5450115444782292
49242,135,6,-13,1.0628056231669787
49242,136,4,-15,0.6328447918536845
49242,137,15,-35,0.8653025413795805
49242,138,16,-48,1.2149029114117043
49242,139,10,-37,0.21467670308466738
49242,140,37,-85,0.91088171635144
49242,141,43,6,0.5797108304394444
49242,142,46,3,0.19568650494744425
49242,143,18,-83,0.7017183954003887
49242,144,17,-53,0.8820694286625669
49242,145,15,-48,0.7535259662212577
49242,146,21,-58,1.0343637336912896
49242,147,21,-64,0.9352698609444052
49242,148,19,-60,0.7164700401220171
49242,149,26,-72,0.7709841406820613
49242,150,26,-79,0.8559153144109336
49242,151,24,-75,0.7618698672701851
49242,152,30,-85,1.1980413635758247
49242,153,30,-91,0.9502833443812837
49242,154,28,-87,0.6530684509610147
49242,155,36,8,1.2366964640282005
49242,156,36,0,1.0088701114998135
49242,157,33,-3,0.49875852362864087
49242,158,47,14,0.898276386908233
49242,159,52,5,0.5212149388806676
49242,160,57,5,-0.01841072971923646
49242,161,4,-66,0.7489155554622755
49242,162,2,-9,0.31869815347761465
49242,163,20,-43,0.7034946113830941
49242,164,30,-81,8.07061555646286e-17
49242,165,64,34,-0.04814671575376525
49242,166,28,-36,0.6783189966503922
49242,167,26,-81,0.7999891721610605
49242,168,24,-75,0.6027636593843262
49242,169,29,-83,0.19241626082973115
49242,170,0,-30,0.6206505559634155
49242,171,8,-17,-0.6649081009898489
49242,172,99,91,0.7139407234633989
49242,173,88,-11,1.0108701155877142
49242,174,85,-3,0.9852233973154387
49242,175,85,0,0.5829724375851586
49242,176,93,8,1.264177108467106
49242,177,91,-2,0.6083710937211104
49242,178,99,8,1.2065200808035954
49242,179,97,-2,0.6119174405793864
49242,180,99,2,0.5186449961456527
49242,181,88,-11,0.9008607693699078
49242,182,84,-4,0.5099045067812737
49242,183,95,11,1.1387855341342341
49242,184,93,-2,0.9903587636480018
49242,185,92,-1,0.657590341974236
49242,186,99,7,0.6573730941818245
49242,187,89,-10,1.1676823275841426
49242,188,85,-4,0.3251908527061011
49242,189,99,14,0.8801249954092454
49242,190,96,-3,1.2500191147156992
49242,191,94,-2,0.8514104369470601
49242,192,94,0,0.6302296799821951
49242,193,98,4,0.9318448549697672
49242,194,93,-5,1.2120893628220937
49242,195,90,-3,0.9009572725097791
49242,196,88,-2,0.8073515333848164
49242,197,90,2,0.7045930077550077
49242,198,80,-10,0.8200854593787352
80778,0,43,-8,-0.2904972716826788
80778,1,96,53,1.2216696349988112
80778,2,93,-3,0.6912542339413943
80778,3,99,6,0.8800869781532937
80778,4,99,0,0.9634205791116142
80778,5,99,0,0.8770935556158217
80778,6,99,0,1.0017594708487867
80778,7,97,-2,0.8118356118217248
80778,8,98,1,0.8949754297739981
80778,9,98,0,0.8519168089403415
80778,10,98,0,0.5421689365288448
80778,11,86,-12,0.8652685602522028
80778,12,84,-2,0.8932702392315026
80778,13,83,-1,0.8781739087952989
80778,14,83,0,1.3676543545013522
80778,15,81,-2,0.8530634870773425
80778,16,84,3,0.8759668526851723
80778,17,84,0,0.7894002926045672
80778,18,86,2,0.8205389580733482
80778,19,83,-3,0.4486876045827627
80778,20,98,15,0.8707926840079445
80778,21,96,-2,1.1619471230864278
80778,22,93,-3,0.6928456460924693
80778,23,95,2,0.9866964046684104
80778,24,91,-4,0.9446654656304985
80778,25,86,-5,0.7926483792385727
80778,26,87,1,0.5067962242929895
80778,27,94,7,1.219929395156964
80778,28,88,-6,0.8872718660667028
80778,29,89,1,1.0186939096693712
80778,30,85,-4,0.5852707360900953
80778,31,87,2,0.5366871745554898
80778,32,69,-18,0.5418841813574227
80778,33,76,7,1.0020813334052174
80778,34,80,4,0.9348716202299653
80778,35,78,-2,0.6474779549437267
80778,36,65,-13,5.468762596333828e-17
80778,37,94,29,0.6441211615809519
80778,38,99,5,0.3174278665564641
80778,39,58,-41,0.34065739846972154
80778,40,77,19,0.9480422519385764
80778,41,77,0,0.8540216035193958
80778,42,77,0,0.8168920357466136
80778,43,75,-2,0.7355644783300851
80778,44,77,2,0.591965586993374
80778,45,66,-11,0.10115796593259727
80778,46,92,26,0.8487919661421629
80778,47,95,3,0.9668499623546118
80778,48,94,-1,0.7379455978478248
80778,49,95,1,0.79139401887879
80778,50,94,-1,0.8357812797560954
80778,51,92,-2,0.4545383997441098
80778,52,98,6,0.955599102234412
80778,53,96,-2,0.6381267522896875
80778,54,99,3,-1.0146594501288326
80778,55,0,-99,0.9742913889274913
80778,56,4,-9,1.0598844609896538
80778,57,3,-11,0.7385912436274404
80778,58,12,-28,1.1771160325209629
80778,59,12,-37,1.1747490939324876
80778,60,11,-35,1.2865383990225971
80778,61,10,-32,-0.36736565330705667
80778,62,72,62,0.8699299582565253
80778,63,73,1,0.42507394571585494
80778,64,89,16,-0.2610219321008982
80778,65,21,-68,0.8239698650096011
80778,66,20,-62,0.5705632564412595
80778,67,21,-63,0.6167011311326565
80778,68,16,-54,0.16714848157868678
80778,69,38,-93,0.6389945131296705
80778,70,47,9,1.0961825315678695
80778,71,48,1,0.7548895250945704
80778,72,49,1,1.1306096622099522
80778,73,48,-1,1.0730304941076378
80778,74,47,-1,0.6434097980147243
80778,75,51,4,0.7493054514635776
80778,76,52,1,0.7339851868970431
80778,77,53,1,0.9142273219168561
80778,78,53,0,1.035432006796393
80778,79,52,-1,1.5463723602486312
80778,80,52,0,1.1338226985943023
80778,81,52,0,0.9534554704189379
80778,82,52,0,0.8875817006264345
80778,83,51,-1,1.1007194128289635
80778,84,50,-1,0.877109182713695
80778,85,50,0,0.9126586810785015
80778,86,52,2,1.0754324647613442
80778,87,51,-1,0.5372935854006988
80778,88,65,14,-0.3059275054044478
80778,89,0,-66,0.7033009160069512
80778,90,0,-1,1.0241433014630363
80778,91,0,-1,0.7836202631248703
80778,92,10,-21,1.0355923053144627
80778,93,6,-23,0.32227764314090873
80778,94,28,-63,1.034374484575181
80778,95,32,-93,0.43453623615216924
80778,96,45,13,-0.1966794470635509
80778,97,0,-46,0.6616363487499394
80778,98,0,-1,0.8888110204450765
80778,99,0,-1,0.9744530343072229
80778,100,0,-1,0.7599736524539673
80778,101,1,-3,1.1896204001188257
80778,102,0,-2,1.0708839170239324
80778,103,0,-1,0.6239374823094888
80778,104,4,-9,1.1913503732444237
80778,105,1,-7,0.6324380264651083
80778,106,5,-12,0.7468781767126992
80778,107,9,-24,0.8295200148198077
80778,108,6,-22,0.7402388378754517
80778,109,7,-21,0.5020556739256085
80778,110,15,-38,0.5268152453741812
80778,111,20,-56,0.8933347527852046
80778,112,20,-61,1.0111559261674752
80778,113,17,-55,0.8414633430918825
80778,114,20,-58,0.6634551861726351
80778,115,25,-71,0.7403667098286312
80778,116,25,-76,0.72573085385781
80778,117,27,-80,0.870467167451299
80778,118,27,-82,1.0473501930295588
80778,119,24,-76,0.6504118051214922
80778,120,29,-83,0.6786033093511357
80778,121,34,-98,1.0152845252413305
80778,122,32,-99,0.9549719254854336
80778,123,30,-93,0.5169593825590065
80778,124,41,11,0.8501430219851258
80778,125,47,6,0.929238814910639
80778,126,46,-1,0.7586289227322365
80778,127,51,5,0.79444723116454
80778,128,54,3,1.055347201931487
80778,129,54,0,1.162621670443676
80778,130,54,0,0.9803166704809171
80778,131,56,2,0.7324149632255276
80778,132,60,4,0.2687046654419799
80778,133,76,16,-0.5222547061790614
80778,134,0,-77,0.5450115444782292
80778,135,6,-13,1.0628056231669787
80778,136,4,-15,0.6328447918536845
80778,137,15,-35,0.8653025413795805
80778,138,16,-48,1.2149029114117043
80778,139,10,-37,0.21467670308466738
80778,140,37,-85,0.91088171635144
80778,141,43,6,0.5797108304394444
80778,142,46,3,0.19568650494744425
80778,143,18,-83,0.7017183954003887
80778,144,17,-53,0.8820694286625669
80778,145,15,-48,0.7535259662212577
80778,146,21,-58,1.0343637336912896
80778,147,21,-64,0.9352698609444052
80778,148,19,-60,0.7164700401220171
80778,149,26,-72,0.7709841406820613
80778,150,26,-79,0.8559153144109336
80778,151,24,-75,0.7618698672701851
80778,152,30,-85,1.1980413635758247
80778,153,30,-91,0.9502833443812837
80778,154,28,-87,0.6530684509610147
80778,155,36,8,1.2366964640282005
80778,156,36,0,1.0088701114998135
80778,157,33,-3,0.49875852362864087
80778,158,47,14,0.898276386908233
80778,159,52,5,0.5212149388806676
80778,160,57,5,-0.01841072971923646
80778,161,4,-66,0.7489155554622755
80778,162,2,-9,0.31869815347761465
80778,163,20,-43,0.7034946113830941
80778,164,30,-81,8.07061555646286e-17
80778,165,64,34,-0.04814671575376525
80778,166,28,-36,0.6783189966503922
80778,167,26,-81,0.7999891721610605
80778,168,24,-75,0.6027636593843262
80778,169,29,-83,0.19241626082973115
80778,170,0,-30,0.6206505559634155
80778,171,8,-17,-0.6649081009898489
80778,172,99,91,0.7139407234633989
80778,173,88,-11,1.0108701155877142
80778,174,85,-3,0.9852233973154387
80778,175,85,0,0.5829724375851586
80778,176,93,8,1.264177108467106
80778,177,91,-2,0.6083710937211104
80778,178,99,8,1.2065200808035954
80778,179,97,-2,0.6119174405793864
80778,180,99,2,0.5186449961456527
80778,181,88,-11,0.9008607693699078
80778,182,84,-4,0.5099045067812737
80778,183,95,11,1.1387855341342341
80778,184,93,-2,0.9903587636480018
80778,185,92,-1,0.657590341974236
80778,186,99,7,0.6573730941818245
80778,187,89,-10,1.1676823275841426
80778,188,85,-4,0.3251908527061011
80778,189,99,14,0.8801249954092454
80778,190,96,-3,1.2500191147156992
80778,191,94,-2,0.8514104369470601
80778,192,94,0,0.6302296799821951
80778,193,98,4,0.9318448549697672
80778,194,93,-5,1.2120893628220937
80778,195,90,-3,0.9009572725097791
80778,196,88,-2,0.8073515333848164
80778,197,90,2,0.7045930077550077
80778,198,80,-10,0.8200854593787352
96494,0,43,-8,-0.2904972716826788
96494,1,96,53,1.2216696349988112
96494,2,93,-3,0.6912542339413943
96494,3,99,6,0.8800869781532937
96494,4,99,0,0.9634205791116142
96494,5,99,0,0.8770935556158217
96494,6,99,0,1.0017594708487867
96494,7,97,-2,0.8118356118217248
96494,8,98,1,0.8949754297739981
96494,9,98,0,0.8519168089403415
96494,10,98,0,0.5421689365288448
96494,11,86,-12,0.8652685602522028
96494,12,84,-2,0.8932702392315026
96494,13,83,-1,0.8781739087952989
96494,14,83,0,1.3676543545013522
96494,15,81,-2,0.8530634870773425
96494,16,84,3,0.8759668526851723
96494,17,84,0,0.7894002926045672
96494,18,86,2,0.8205389580733482
96494,19,83,-3,0.4486876045827627
96494,20,98,15,0.8707926840079445
96494,21,96,-2,1.1619471230864278
96494,22,93,-3,0.6928456460924693
96494,23,95,2,0.9866964046684104
96494,24,91,-4,0.9446654656304985
96494,25,86,-5,0.7926483792385727
96494,26,87,1,0.5067962242929895
96494,27,94,7,1.219929395156964
96494,28,88,-6,0.8872718660667028
96494,29,89,1,1.0186939096693712
96494,30,85,-4,0.5852707360900953
96494,31,87,2,0.5366871745554898
96494,32,69,-18,0.5418841813574227
96494,33,76,7,1.0020813334052174
96494,34,80,4,0.9348716202299653
96494,35,78,-2,0.6474779549437267
96494,36,65,-13,5.468762596333828e-17
96494,37,94,29,0.6441211615809519
96494,38,99,5,0.3174278665564641
96494,39,58,-41,0.34065739846972154
96494,40,77,19,0.9480422519385764
96494,41,77,0,0.8540216035193958
96494,42,77,0,0.8168920357466136
96494,43,75,-2,0.7355644783300851
96494,44,77,2,0.591965586993374
96494,45,66,-11,0.10115796593259727
96494,46,92,26,0.8487919661421629
96494,47,95,3,0.9668499623546118
96494,48,94,-1,0.7379455978478248
96494,49,95,1,0.79139401887879
96494,50,94,-1,0.8357812797560954
96494,51,92,-2,0.4545383997441098
96494,52,98,6,0.955599102234412
96494,53,96,-2,0.6381267522896875
96494,54,99,3,-1.0146594501288326
96494,55,0,-99,0.9742913889274913
96494,56,4,-9,1.0598844609896538
96494,57,3,-11,0.7385912436274404
96494,58,12,-28,1.1771160325209629
96494,59,12,-37,1.1747490939324876
96494,60,11,-35,1.2865383990225971
96494,61,10,-32,-0.36736565330705667
96494,62,72,62,0.8699299582565253
96494,63,73,1,0.42507394571585494
96494,64,89,16,-0.2610219321008982
96494,65,21,-68,0.8239698650096011
96494,66,20,-62,0.5705632564412595
96494,67,21,-63,0.6167011311326565
96494,68,16,-54,0.16714848157868678
96494,69,38,-93,0.6389945131296705
96494,70,47,9,1.0961825315678695
96494,71,48,1,0.7548895250945704
96494,72,49,1,1.1306096622099522
96494,73,48,-1,1.0730304941076378
96494,74,47,-1,0.6434097980147243
96494,75,51,4,0.7493054514635776
96494,76,52,1,0.7339851868970431
96494,77,53,1,0.9142273219168561
96494,78,53,0,1.035432006796393
96494,79,52,-1,1.5463723602486312
96494,80,52,0,1.1338226985943023
96494,81,52,0,0.9534554704189379
96494,82,52,0,0.8875817006264345
96494,83,51,-1,1.1007194128289635
96494,84,50,-1,0.877109182713695
96494,85,50,0,0.9126586810785015
96494,86,52,2,1.0754324647613442
96494,87,51,-1,0.5372935854006988
96494,88,65,14,-0.3059275054044478
96494,89,0,-66,0.7033009160069512
96494,90,0,-1,1.0241433014630363
96494,91,0,-1,0.7836202631248703
96494,92,10,-21,1.0355923053144627
96494,93,6,-23,0.32227764314090873
96494,94,28,-63,1.034374484575181
96494,95,32,-93,0.43453623615216924
96494,96,45,13,-0.1966794470635509
96494,97,0,-46,0.6616363487499394
96494,98,0,-1,0.8888110204450765
96494,99,0,-1,0.9744530343072229
96494,100,0,-1,0.7599736524539673
96494,101,1,-3,1.1896204001188257
96494,102,0,-2,1.0708839170239324
96494,103,0,-1,0.6239374823094888
96494,104,4,-9,1.1913503732444237
96494,105,1,-7,0.6324380264651083
96494,106,5,-12,0.7468781767126992
96494,107,9,-24,0.8295200148198077
96494,108,6,-22,0.7402388378754517
96494,109,7,-21,0.5020556739256085
96494,110,15,-38,0.5268152453741812
96494,111,20,-56,0.8933347527852046
96494,112,20,-61,1.0111559261674752
96494,113,17,-55,0.8414633430918825
96494,114,20,-58,0.6634551861726351
96494,115,25,-71,0.7403667098286312
96494,116,25,-76,0.72573085385781
96494,117,27,-80,0.870467167451299
96494,118,27,-82,1.0473501930295588
96494,119,24,-76,0.6504118051214922
96494,120,29,-83,0.6786033093511357
96494,121,34,-98,1.0152845252413305
96494,122,32,-99,0.9549719254854336
96494,123,30,-93,0.5169593825590065
96494,124,41,11,0.8501430219851258
96494,125,47,6,0.929238814910639
96494,126,46,-1,0.7586289227322365
96494,127,51,5,0.79444723116454
96494,128,54,3,1.055347201931487
96494,129,54,0,1.162621670443676
96494,130,54,0,0.9803166704809171
96494,131,56,2,0.7324149632255276
96494,132,60,4,0.2687046654419799
96494,133,76,16,-0.5222547061790614
96494,134,0,-77,0.5450115444782292
96494,135,6,-13,1.0628056231669787
96494,136,4,-15,0.6328447918536845
96494,137,15,-35,0.8653025413795805
96494,138,16,-48,1.2149029114117043
96494,139,10,-37,0.21467670308466738
96494,140,37,-85,0.91088171635144
96494,141,43,6,0.5797108304394444
96494,142,46,3,0.19568650494744425
96494,143,18,-83,0.7017183954003887
96494,144,17,-53,0.8820694286625669
96494,145,15,-48,0.7535259662212577
96494,146,21,-58,1.0343637336912896
96494,147,21,-64,0.9352698609444052
96494,148,19,-60,0.7164700401220171
96494,149,26,-72,0.7709841406820613
96494,150,26,-79,0.8559153144109336
96494,151,24,-75,0.7618698672701851
96494,152,30,-85,1.1980413635758247
96494,153,30,-91,0.9502833443812837
96494,154,28,-87,0.6530684509610147
96494,155,36,8,1.2366964640282005
96494,156,36,0,1.0088701114998135
96494,157,33,-3,0.49875852362864087
96494,158,47,14,0.898276386908233
96494,159,52,5,0.5212149388806676
96494,160,57,5,-0.01841072971923646
96494,161,4,-66,0.7489155554622755
96494,162,2,-9,0.31869815347761465
96494,163,20,-43,0.7034946113830941
96494,164,30,-81,8.07061555646286e-17
96494,165,64,34,-0.04814671575376525
96494,166,28,-36,0.6783189966503922
96494,167,26,-81,0.7999891721610605
96494,168,24,-75,0.6027636593843262
96494,169,29,-83,0.19241626082973115
96494,170,0,-30,0.6206505559634155
96494,171,8,-17,-0.6649081009898489
96494,172,99,91,0.7139407234633989
96494,173,88,-11,1.0108701155877142
96494,174,85,-3,0.9852233973154387
96494,175,85,0,0.5829724375851586
96494,176,93,8,1.264177108467106
96494,177,91,-2,0.6083710937211104
96494,178,99,8,1.2065200808035954
96494,179,97,-2,0.6119174405793864
96494,180,99,2,0.5186449961456527
96494,181,88,-11,0.9008607693699078
96494,182,84,-4,0.5099045067812737
96494,183,95,11,1.1387855341342341
96494,184,93,-2,0.9903587636480018
96494,185,92,-1,0.657590341974236
96494,186,99,7,0.6573730941818245
96494,187,89,-10,1.1676823275841426
96494,188,85,-4,0.3251908527061011
96494,189,99,14,0.8801249954092454
96494,190,96,-3,1.2500191147156992
96494,191,94,-2,0.8514104369470601
96494,192,94,0,0.6302296799821951
96494,193,98,4,0.9318448549697672
96494,194,93,-5,1.2120893628220937
96494,195,90,-3,0.9009572725097791
96494,196,88,-2,0.8073515333848164
96494,197,90,2,0.7045930077550077
96494,198,80,-10,0.8200854593787352
75080,0,43,-8,-0.2904972716826788
75080,1,96,53,1.2216696349988112
75080,2,93,-3,0.6912542339413943
75080,3,99,6,0.8800869781532937
75080,4,99,0,0.9634205791116142
75080,5,99,0,0.8770935556158217
75080,6,99,0,1.0017594708487867
75080,7,97,-2,0.8118356118217248
75080,8,98,1,0.8949754297739981
75080,9,98,0,0.8519168089403415
75080,10,98,0,0.5421689365288448
75080,11,86,-12,0.8652685602522028
75080,12,84,-2,0.8932702392315026
75080,13,83,-1,0.8781739087952989
75080,14,83,0,1.3676543545013522
75080,15,81,-2,0.8530634870773425
75080,16,84,3,0.8759668526851723
75080,17,84,0,0.7894002926045672
75080,18,86,2,0.8205389580733482
75080,19,83,-3,0.4486876045827627
75080,20,98,15,0.8707926840079445
75080,21,96,-2,1.1619471230864278
75080,22,93,-3,0.6928456460924693
75080,23,95,2,0.9866964046684104
75080,24,91,-4,0.9446654656304985
75080,25,86,-5,0.7926483792385727
75080,26,87,1,0.5067962242929895
75080,27,94,7,1.219929395156964
75080,28,88,-6,0.8872718660667028
75080,29,89,1,1.0186939096693712
75080,30,85,-4,0.5852707360900953
75080,31,87,2,0.5366871745554898
75080,32,69,-18,0.5418841813574227
75080,33,76,7,1.0020813334052174
75080,34,80,4,0.9348716202299653
75080,35,78,-2,0.6474779549437267
75080,36,65,-13,5.468762596333828e-17
75080,37,94,29,0.6441211615809519
75080,38,99,5,0.3174278665564641
75080,39,58,-41,0.34065739846972154
75080,40,77,19,0.9480422519385764
75080,41,77,0,0.8540216035193958
75080,42,77,0,0.8168920357466136
75080,43,75,-2,0.7355644783300851
75080,44,77,2,0.591965586993374
75080,45,66,-11,0.10115796593259727
75080,46,92,26,0.8487919661421629
75080,47,95,3,0.9668499623546118
75080,48,94,-1,0.7379455978478248
75080,49,95,1,0.79139401887879
75080,50,94,-1,0.8357812797560954
75080,51,92,-2,0.4545383997441098
75080,52,98,6,0.955599102234412
75080,53,96,-2,0.6381267522896875
75080,54,99,3,-1.0146594501288326
75080,55,0,-99,0.9742913889274913
75080,56,4,-9,1.0598844609896538
75080,57,3,-11,0.7385912436274404
75080,58,12,-28,1.1771160325209629
75080,59,12,-37,1.1747490939324876
75080,60,11,-35,1.2865383990225971
75080,61,10,-32,-0.36736565330705667
75080,62,72,62,0.8699299582565253
75080,63,73,1,0.42507394571585494
75080,64,89,16,-0.2610219321008982
75080,65,21,-68,0.8239698650096011
75080,66,20,-62,0.5705632564412595
75080,67,21,-63,0.6167011311326565
75080,68,16,-54,0.16714848157868678
75080,69,38,-93,0.6389945131296705
75080,70,47,9,1.0961825315678695
75080,71,48,1,0.7548895250945704
75080,72,49,1,1.1306096622099522
75080,73,48,-1,1.0730304941076378
75080,74,47,-1,0.6434097980147243
75080,75,51,4,0.7493054514635776
75080,76,52,1,0.7339851868970431
75080,77,53,1,0.9142273219168561
75080,78,53,0,1.035432006796393
75080,79,52,-1,1.5463723602486312
75080,80,52,0,1.1338226985943023
75080,81,52,0,0.9534554704189379
75080,82,52,0,0.8875817006264345
75080,83,51,-1,1.1007194128289635
75080,84,50,-1,0.877109182713695
75080,85,50,0,0.9126586810785015
75080,86,52,2,1.0754324647613442
75080,87,51,-1,0.5372935854006988
75080,88,65,14,-0.3059275054044478
75080,89,0,-66,0.7033009160069512
75080,90,0,-1,1.0241433014630363
75080,91,0,-1,0.7836202631248703
75080,92,10,-21,1.0355923053144627
75080,93,6,-23,0.32227764314090873
75080,94,28,-63,1.034374484575181
75080,95,32,-93,0.43453623615216924
75080,96,45,13,-0.1966794470635509
75080,97,0,-46,0.6616363487499394
75080,98,0,-1,0.8888110204450765
75080,99,0,-1,0.9744530343072229
75080,100,0,-1,0.7599736524539673
75080,101,1,-3,1.1896204001188257
75080,102,0,-2,1.0708839170239324
75080,103,0,-1,0.6239374823094888
75080,104,4,-9,1.1913503732444237
75080,105,1,-7,0.6324380264651083
75080,106,5,-12,0.7468781767126992
75080,107,9,-24,0.8295200148198077
75080,108,6,-22,0.7402388378754517
75080,109,7,-21,0.5020556739256085
75080,110,15,-38,0.5268152453741812
75080,111,20,-56,0.8933347527852046
75080,112,20,-61,1.0111559261674752
75080,113,17,-55,0.8414633430918825
75080,114,20,-58,0.6634551861726351
75080,115,25,-71,0.7403667098286312
75080,116,25,-76,0.72573085385781
75080,117,27,-80,0.870467167451299
75080,118,27,-82,1.0473501930295588
75080,119,24,-76,0.6504118051214922
75080,120,29,-83,0.6786033093511357
75080,121,34,-98,1.0152845252413305
75080,122,32,-99,0.9549719254854336
75080,123,30,-93,0.5169593825590065
75080,124,41,11,0.8501430219851258
75080,125,47,6,0.929238814910639
75080,126,46,-1,0.7586289227322365
75080,127,51,5,0.79444723116454
75080,128,54,3,1.055347201931487
75080,129,54,0,1.162621670443676
75080,130,54,0,0.9803166704809171
75080,131,56,2,0.7324149632255276
75080,132,60,4,0.2687046654419799
75080,133,76,16,-0.5222547061790614
75080,134,0,-77,0.5450115444782292
75080,135,6,-13,1.0628056231669787
75080,136,4,-15,0.6328447918536845
75080,137,15,-35,0.8653025413795805
75080,138,16,-48,1.2149029114117043
75080,139,10,-37,0.21467670308466738
75080,140,37,-85,0.91088171635144
75080,141,43,6,0.5797108304394444
75080,142,46,3,0.19568650494744425
75080,143,18,-83,0.7017183954003887
75080,144,17,-53,0.8820694286625669
75080,145,15,-48,0.7535259662212577
75080,146,21,-58,1.0343637336912896
75080,147,21,-64,0.9352698609444052
75080,148,19,-60,0.7164700401220171
75080,149,26,-72,0.7709841406820613
75080,150,26,-79,0.8559153144109336
75080,151,24,-75,0.7618698672701851
75080,152,30,-85,1.1980413635758247
75080,153,30,-91,0.9502833443812837
75080,154,28,-87,0.6530684509610147
75080,155,36,8,1.2366964640282005
75080,156,36,0,1.0088701114998135
75080,157,33,-3,0.49875852362864087
75080,158,47,14,0.898276386908233
75080,159,52,5,0.5212149388806676
75080,160,57,5,-0.01841072971923646
75080,161,4,-66,0.7489155554622755
75080,162,2,-9,0.31869815347761465
75080,163,20,-43,0.7034946113830941
75080,164,30,-81,8.07061555646286e-17
75080,165,64,34,-0.04814671575376525
75080,166,28,-36,0.6783189966503922
75080,167,26,-81,0.7999891721610605
75080,168,24,-75,0.6027636593843262
75080,169,29,-83,0.19241626082973115
75080,170,0,-30,0.6206505559634155
75080,171,8,-17,-0.6649081009898489
75080,172,99,91,0.7139407234633989
75080,173,88,-11,1.0108701155877142
75080,174,85,-3,0.9852233973154387
75080,175,85,0,0.5829724375851586
75080,176,93,8,1.264177108467106
75080,177,91,-2,0.6083710937211104
75080,178,99,8,1.2065200808035954
75080,179,97,-2,0.6119174405793864
75080,180,99,2,0.5186449961456527
75080,181,88,-11,0.9008607693699078
75080,182,84,-4,0.5099045067812737
75080,183,95,11,1.1387855341342341
75080,184,93,-2,0.9903587636480018
75080,185,92,-1,0.657590341974236
75080,186,99,7,0.6573730941818245
75080,187,89,-10,1.1676823275841426
75080,188,85,-4,0.3251908527061011
75080,189,99,14,0.8801249954092454
75080,190,96,-3,1.2500191147156992
75080,191,94,-2,0.8514104369470601
75080,192,94,0,0.6302296799821951
75080,193,98,4,0.9318448549697672
75080,194,93,-5,1.2120893628220937
75080,195,90,-3,0.9009572725097791
75080,196,88,-2,0.8073515333848164
75080,197,90,2,0.7045930077550077
75080,198,80,-10,0.8200854593787352
65021,0,43,-8,-0.2904972716826788
65021,1,96,53,1.2216696349988112
65021,2,93,-3,0.6912542339413943
65021,3,99,6,0.8800869781532937
65021,4,99,0,0.9634205791116142
65021,5,99,0,0.8770935556158217
65021,6,99,0,1.0017594708487867
65021,7,97,-2,0.8118356118217248
65021,8,98,1,0.8949754297739981
65021,9,98,0,0.8519168089403415
65021,10,98,0,0.5421689365288448
65021,11,86,-12,0.8652685602522028
65021,12,84,-2,0.8932702392315026
65021,13,83,-1,0.8781739087952989
65021,14,83,0,1.3676543545013522
65021,15,81,-2,0.8530634870773425
65021,16,84,3,0.8759668526851723
65021,17,84,0,0.7894002926045672
65021,18,86,2,0.8205389580733482
65021,19,83,-3,0.4486876045827627
65021,20,98,15,0.8707926840079445
65021,21,96,-2,1.1619471230864278
65021,22,93,-3,0.6928456460924693
65021,23,95,2,0.9866964046684104
65021,24,91,-4,0.9446654656304985
65021,25,86,-5,0.7926483792385727
65021,26,87,1,0.5067962242929895
65021,27,94,7,1.219929395156964
65021,28,88,-6,0.8872718660667028
65021,29,89,1,1.0186939096693712
65021,30,85,-4,0.5852707360900953
65021,31,87,2,0.5366871745554898
65021,32,69,-18,0.5418841813574227
65021,33,76,7,1.0020813334052174
65021,34,80,4,0.9348716202299653
65021,35,78,-2,0.6474779549437267
65021,36,65,-13,5.468762596333828e-17
65021,37,94,29,0.6441211615809519
65021,38,99,5,0.3174278665564641
65021,39,58,-41,0.34065739846972154
65021,40,77,19,0.9480422519385764
65021,41,77,0,0.8540216035193958
65021,42,77,0,0.8168920357466136
65021,43,75,-2,0.7355644783300851
65021,44,77,2,0.591965586993374
65021,45,66,-11,0.10115796593259727
65021,46,92,26,0.8487919661421629
65021,47,95,3,0.9668499623546118
65021,48,94,-1,0.7379455978478248
65021,49,95,1,0.79139401887879
65021,50,94,-1,0.8357812797560954
65021,51,92,-2,0.4545383997441098
65021,52,98,6,0.955599102234412
65021,53,96,-2,0.6381267522896875
65021,54,99,3,-1.0146594501288326
65021,55,0,-99,0.9742913889274913
65021,56,4,-9,1.0598844609896538
65021,57,3,-11,0.7385912436274404
65021,58,12,-28,1.1771160325209629
65021,59,12,-37,1.1747490939324876
65021,60,11,-35,1.2865383990225971
65021,61,10,-32,-0.36736565330705667
65021,62,72,62,0.8699299582565253
65021,63,73,1,0.42507394571585494
65021,64,89,16,-0.2610219321008982
65021,65,21,-68,0.8239698650096011
65021,66,20,-62,0.5705632564412595
65021,67,21,-63,0.6167011311326565
65021,68,16,-54,0.16714848157868678
65021,69,38,-93,0.6389945131296705
65021,70,47,9,1.0961825315678695
65021,71,48,1,0.7548895250945704
65021,72,49,1,1.1306096622099522
65021,73,48,-1,1.0730304941076378
65021,74,47,-1,0.6434097980147243
65021,75,51,4,0.7493054514635776
65021,76,52,1,0.7339851868970431
65021,77,53,1,0.9142273219168561
65021,78,53,0,1.035432006796393
65021,79,52,-1,1.5463723602486312
65021,80,52,0,1.1338226985943023
65021,81,52,0,0.9534554704189379
65021,82,52,0,0.8875817006264345
65021,83,51,-1,1.1007194128289635
65021,84,50,-1,0.877109182713695
65021,85,50,0,0.9126586810785015
65021,86,52,2,1.0754324647613442
65021,87,51,-1,0.5372935854006988
65021,88,65,14,-0.3059275054044478
65021,89,0,-66,0.7033009160069512
65021,90,0,-1,1.0241433014630363
65021,91,0,-1,0.7836202631248703
65021,92,10,-21,1.0355923053144627
65021,93,6,-23,0.32227764314090873
65021,94,28,-63,1.034374484575181
65021,95,32,-93,0.43453623615216924
65021,96,45,13,-0.1966794470635509
65021,97,0,-46,0.6616363487499394
65021,98,0,-1,0.8888110204450765
65021,99,0,-1,0.9744530343072229
65021,100,0,-1,0.7599736524539673
65021,101,1,-3,1.1896204001188257
65021,102,0,-2,1.0708839170239324
65021,103,0,-1,0.6239374823094888
65021,104,4,-9,1.1913503732444237
65021,105,1,-7,0.6324380264651083
65021,106,5,-12,0.7468781767126992
65021,107,9,-24,0.8295200148198077
65021,108,6,-22,0.7402388378754517
65021,109,7,-21,0.5020556739256085
65021,110,15,-38,0.5268152453741812
65021,111,20,-56,0.8933347527852046
65021,112,20,-61,1.0111559261674752
65021,113,17,-55,0.8414633430918825
65021,114,20,-58,0.6634551861726351
65021,115,25,-71,0.7403667098286312
65021,116,25,-76,0.72573085385781
65021,117,27,-80,0.870467167451299
65021,118,27,-82,1.0473501930295588
65021,119,24,-76,0.6504118051214922
65021,120,29,-83,0.6786033093511357
65021,121,34,-98,1.0152845252413305
65021,122,32,-99,0.9549719254854336
65021,123,30,-93,0.5169593825590065
65021,124,41,11,0.8501430219851258
65021,125,47,6,0.929238814910639
65021,126,46,-1,0.7586289227322365
65021,127,51,5,0.79444723116454
65021,128,54,3,1.055347201931487
65021,129,54,0,1.162621670443676
65021,130,54,0,0.9803166704809171
65021,131,56,2,0.7324149632255276
65021,132,60,4,0.2687046654419799
65021,133,76,16,-0.5222547061790614
65021,134,0,-77,0.5450115444782292
65021,135,6,-13,1.0628056231669787
65021,136,4,-15,0.6328447918536845
65021,137,15,-35,0.8653025413795805
65021,138,16,-48,1.2149029114117043
65021,139,10,-37,0.21467670308466738
65021,140,37,-85,0.91088171635144
65021,141,43,6,0.5797108304394444
65021,142,46,3,0.19568650494744425
65021,143,18,-83,0.7017183954003887
65021,144,17,-53,0.8820694286625669
65021,145,15,-48,0.7535259662212577
65021,146,21,-58,1.0343637336912896
65021,147,21,-64,0.9352698609444052
65021,148,19,-60,0.7164700401220171
65021,149,26,-72,0.7709841406820613
65021,150,26,-79,0.8559153144109336
65021,151,24,-75,0.7618698672701851
65021,152,30,-85,1.1980413635758247
65021,153,30,-91,0.9502833443812837
65021,154,28,-87,0.6530684509610147
65021,155,36,8,1.2366964640282005
65021,156,36,0,1.0088701114998135
65021,157,33,-3,0.49875852362864087
65021,158,47,14,0.898276386908233
65021,159,52,5,0.5212149388806676
65021,160,57,5,-0.01841072971923646
65021,161,4,-66,0.7489155554622755
65021,162,2,-9,0.31869815347761465
65021,163,20,-43,0.7034946113830941
65021,164,30,-81,8.07061555646286e-17
65021,165,64,34,-0.04814671575376525
65021,166,28,-36,0.6783189966503922
65021,167,26,-81,0.7999891721610605
65021,168,24,-75,0.6027636593843262
65021,169,29,-83,0.19241626082973115
65021,170,0,-30,0.6206505559634155
65021,171,8,-17,-0.6649081009898489
65021,172,99,91,0.7139407234633989
65021,173,88,-11,1.0108701155877142
65021,174,85,-3,0.9852233973154387
65021,175,85,0,0.5829724375851586
65021,176,93,8,1.264177108467106
65021,177,91,-2,0.6083710937211104
65021,178,99,8,1.2065200808035954
65021,179,97,-2,0.6119174405793864
65021,180,99,2,0.5186449961456527
65021,181,88,-11,0.9008607693699078
65021,182,84,-4,0.5099045067812737
65021,183,95,11,1.1387855341342341
65021,184,93,-2,0.9903587636480018
65021,185,92,-1,0.657590341974236
65021,186,99,7,0.6573730941818245
65021,187,89,-10,1.1676823275841426
65021,188,85,-4,0.3251908527061011
65021,189,99,14,0.8801249954092454
65021,190,96,-3,1.2500191147156992
65021,191,94,-2,0.8514104369470601
65021,192,94,0,0.6302296799821951
65021,193,98,4,0.9318448549697672
65021,194,93,-5,1.2120893628220937
65021,195,90,-3,0.9009572725097791
65021,196,88,-2,0.8073515333848164
65021,197,90,2,0.7045930077550077
65021,198,80,-10,0.8200854593787352
96389,0,43,-8,-0.2904972716826788
96389,1,96,53,1.2216696349988112
96389,2,93,-3,0.6912542339413943
96389,3,99,6,0.8800869781532937
96389,4,99,0,0.9634205791116142
96389,5,99,0,0.8770935556158217
96389,6,99,0,1.0017594708487867
96389,7,97,-2,0.8118356118217248
96389,8,98,1,0.8949754297739981
96389,9,98,0,0.8519168089403415
96389,10,98,0,0.5421689365288448
96389,11,86,-12,0.8652685602522028
96389,12,84,-2,0.8932702392315026
96389,13,83,-1,0.8781739087952989
96389,14,83,0,1.3676543545013522
96389,15,81,-2,0.8530634870773425
96389,16,84,3,0.8759668526851723
96389,17,84,0,0.7894002926045672
96389,18,86,2,0.8205389580733482
96389,19,83,-3,0.4486876045827627
96389,20,98,15,0.8707926840079445
96389,21,96,-2,1.1619471230864278
96389,22,93,-3,0.6928456460924693
96389,23,95,2,0.9866964046684104
96389,24,91,-4,0.9446654656304985
96389,25,86,-5,0.7926483792385727
96389,26,87,1,0.5067962242929895
96389,27,94,7,1.219929395156964
96389,28,88,-6,0.8872718660667028
96389,29,89,1,1.0186939096693712
96389,30,85,-4,0.5852707360900953
96389,31,87,2,0.5366871745554898
96389,32,69,-18,0.5418841813574227
96389,33,76,7,1.0020813334052174
96389,34,80,4,0.9348716202299653
96389,35,78,-2,0.6474779549437267
96389,36,65,-13,5.468762596333828e-17
96389,37,94,29,0.6441211615809519
96389,38,99,5,0.3174278665564641
96389,39,58,-41,0.34065739846972154
96389,40,77,19,0.9480422519385764
96389,41,77,0,0.8540216035193958
96389,42,77,0,0.8168920357466136
96389,43,75,-2,0.7355644783300851
96389,44,77,2,0.591965586993374
96389,45,66,-11,0.10115796593259727
96389,46,92,26,0.8487919661421629
96389,47,95,3,0.9668499623546118
96389,48,94,-1,0.7379455978478248
96389,49,95,1,0.79139401887879
96389,50,94,-1,0.8357812797560954
96389,51,92,-2,0.4545383997441098
96389,52,98,6,0.955599102234412
96389,53,96,-2,0.6381267522896875
96389,54,99,3,-1.0146594501288326
96389,55,0,-99,0.9742913889274913
96389,56,4,-9,1.0598844609896538
96389,57,3,-11,0.7385912436274404
96389,58,12,-28,1.1771160325209629
96389,59,12,-37,1.1747490939324876
96389,60,11,-35,1.2865383990225971
96389,61,10,-32,-0.36736565330705667
96389,62,72,62,0.8699299582565253
96389,63,73,1,0.42507394571585494
96389,64,89,16,-0.2610219321008982
96389,65,21,-68,0.8239698650096011
96389,66,20,-62,0.5705632564412595
96389,67,21,-63,0.6167011311326565
96389,68,16,-54,0.16714848157868678
96389,69,38,-93,0.6389945131296705
96389,70,47,9,1.0961825315678695
96389,71,48,1,0.7548895250945704
96389,72,49,1,1.1306096622099522
96389,73,48,-1,1.0730304941076378
96389,74,47,-1,0.6434097980147243
96389,75,51,4,0.7493054514635776
96389,76,52,1,0.7339851868970431
96389,77,53,1,0.9142273219168561
96389,78,53,0,1.035432006796393
96389,79,52,-1,1.5463723602486312
96389,80,52,0,1.1338226985943023
96389,81,52,0,0.9534554704189379
96389,82,52,0,0.8875817006264345
96389,83,51,-1,1.1007194128289635
96389,84,50,-1,0.877109182713695
96389,85,50,0,0.9126586810785015
96389,86,52,2,1.0754324647613442
96389,87,51,-1,0.5372935854006988
96389,88,65,14,-0.3059275054044478
96389,89,0,-66,0.7033009160069512
96389,90,0,-1,1.0241433014630363
96389,91,0,-1,0.7836202631248703
96389,92,10,-21,1.0355923053144627
96389,93,6,-23,0.32227764314090873
96389,94,28,-63,1.034374484575181
96389,95,32,-93,0.43453623615216924
96389,96,45,13,-0.1966794470635509
96389,97,0,-46,0.6616363487499394
96389,98,0,-1,0.8888110204450765
96389,99,0,-1,0.9744530343072229
96389,100,0,-1,0.7599736524539673
96389,101,1,-3,1.1896204001188257
96389,102,0,-2,1.0708839170239324
96389,103,0,-1,0.6239374823094888
96389,104,4,-9,1.1913503732444237
96389,105,1,-7,0.6324380264651083
96389,106,5,-12,0.7468781767126992
96389,107,9,-24,0.8295200148198077
96389,108,6,-22,0.7402388378754517
96389,109,7,-21,0.5020556739256085
96389,110,15,-38,0.5268152453741812
96389,111,20,-56,0.8933347527852046
96389,112,20,-61,1.0111559261674752
96389,113,17,-55,0.8414633430918825
96389,114,20,-58,0.6634551861726351
96389,115,25,-71,0.7403667098286312
96389,116,25,-76,0.72573085385781
96389,117,27,-80,0.870467167451299
96389,118,27,-82,1.0473501930295588
96389,119,24,-76,0.6504118051214922
96389,120,29,-83,0.6786033093511357
96389,121,34,-98,1.0152845252413305
96389,122,32,-99,0.9549719254854336
96389,123,30,-93,0.5169593825590065
96389,124,41,11,0.8501430219851258
96389,125,47,6,0.929238814910639
96389,126,46,-1,0.7586289227322365
96389,127,51,5,0.79444723116454
96389,128,54,3,1.055347201931487
96389,129,54,0,1.162621670443676
96389,130,54,0,0.9803166704809171
96389,131,56,2,0.7324149632255276
96389,132,60,4,0.2687046654419799
96389,133,76,16,-0.5222547061790614
96389,134,0,-77,0.5450115444782292
96389,135,6,-13,1.0628056231669787
96389,136,4,-15,0.6328447918536845
96389,137,15,-35,0.8653025413795805
96389,138,16,-48,1.2149029114117043
96389,139,10,-37,0.21467670308466738
96389,140,37,-85,0.91088171635144
96389,141,43,6,0.5797108304394444
96389,142,46,3,0.19568650494744425
96389,143,18,-83,0.7017183954003887
96389,144,17,-53,0.8820694286625669
96389,145,15,-48,0.7535259662212577
96389,146,21,-58,1.0343637336912896
96389,147,21,-64,0.9352698609444052
96389,148,19,-60,0.7164700401220171
96389,149,26,-72,0.7709841406820613
96389,150,26,-79,0.8559153144109336
96389,151,24,-75,0.7618698672701851
96389,152,30,-85,1.1980413635758247
96389,153,30,-91,0.9502833443812837
96389,154,28,-87,0.6530684509610147
96389,155,36,8,1.2366964640282005
96389,156,36,0,1.0088701114998135
96389,157,33,-3,0.49875852362864087
96389,158,47,14,0.898276386908233
96389,159,52,5,0.5212149388806676
96389,160,57,5,-0.01841072971923646
96389,161,4,-66,0.7489155554622755
96389,162,2,-9,0.31869815347761465
96389,163,20,-43,0.7034946113830941
96389,164,30,-81,8.07061555646286e-17
96389,165,64,34,-0.04814671575376525
96389,166,28,-36,0.6783189966503922
96389,167,26,-81,0.7999891721610605
96389,168,24,-75,0.6027636593843262
96389,169,29,-83,0.19241626082973115
96389,170,0,-30,0.6206505559634155
96389,171,8,-17,-0.6649081009898489
96389,172,99,91,0.7139407234633989
96389,173,88,-11,1.0108701155877142
96389,174,85,-3,0.9852233973154387
96389,175,85,0,0.5829724375851586
96389,176,93,8,1.264177108467106
96389,177,91,-2,0.6083710937211104
96389,178,99,8,1.2065200808035954
96389,179,97,-2,0.6119174405793864
96389,180,99,2,0.5186449961456527
96389,181,88,-11,0.9008607693699078
96389,182,84,-4,0.5099045067812737
96389,183,95,11,1.1387855341342341
96389,184,93,-2,0.9903587636480018
96389,185,92,-1,0.657590341974236
96389,186,99,7,0.6573730941818245
96389,187,89,-10,1.1676823275841426
96389,188,85,-4,0.3251908527061011
96389,189,99,14,0.8801249954092454
96389,190,96,-3,1.2500191147156992
96389,191,94,-2,0.8514104369470601
96389,192,94,0,0.6302296799821951
96389,193,98,4,0.9318448549697672
96389,194,93,-5,1.2120893628220937
96389,195,90,-3,0.9009572725097791
96389,196,88,-2,0.8073515333848164
96389,197,90,2,0.7045930077550077
96389,198,80,-10,0.8200854593787352
74042,0,43,-8,-0.2904972716826788
74042,1,96,53,1.2216696349988112
74042,2,93,-3,0.6912542339413943
74042,3,99,6,0.8800869781532937
74042,4,99,0,0.9634205791116142
74042,5,99,0,0.8770935556158217
74042,6,99,0,1.0017594708487867
74042,7,97,-2,0.8118356118217248
74042,8,98,1,0.8949754297739981
74042,9,98,0,0.8519168089403415
74042,10,98,0,0.5421689365288448
74042,11,86,-12,0.8652685602522028
74042,12,84,-2,0.8932702392315026
74042,13,83,-1,0.8781739087952989
74042,14,83,0,1.3676543545013522
74042,15,81,-2,0.8530634870773425
74042,16,84,3,0.8759668526851723
74042,17,84,0,0.7894002926045672
74042,18,86,2,0.8205389580733482
74042,19,83,-3,0.4486876045827627
74042,20,98,15,0.8707926840079445
74042,21,96,-2,1.1619471230864278
74042,22,93,-3,0.6928456460924693
74042,23,95,2,0.9866964046684104
74042,24,91,-4,0.9446654656304985
74042,25,86,-5,0.7926483792385727
74042,26,87,1,0.5067962242929895
74042,27,94,7,1.219929395156964
74042,28,88,-6,0.8872718660667028
74042,29,89,1,1.0186939096693712
74042,30,85,-4,0.5852707360900953
74042,31,87,2,0.5366871745554898
74042,32,69,-18,0.5418841813574227
74042,33,76,7,1.0020813334052174
74042,34,80,4,0.9348716202299653
74042,35,78,-2,0.6474779549437267
74042,36,65,-13,5.468762596333828e-17
74042,37,94,29,0.6441211615809519
74042,38,99,5,0.3174278665564641
74042,39,58,-41,0.34065739846972154
74042,40,77,19,0.9480422519385764
74042,41,77,0,0.8540216035193958
74042,42,77,0,0.8168920357466136
74042,43,75,-2,0.7355644783300851
74042,44,77,2,0.591965586993374
74042,45,66,-11,0.10115796593259727
74042,46,92,26,0.8487919661421629
74042,47,95,3,0.9668499623546118
74042,48,94,-1,0.7379455978478248
74042,49,95,1,0.79139401887879
74042,50,94,-1,0.8357812797560954
74042,51,92,-2,0.4545383997441098
74042,52,98,6,0.955599102234412
74042,53,96,-2,0.6381267522896875
74042,54,99,3,-1.0146594501288326
74042,55,0,-99,0.9742913889274913
74042,56,4,-9,1.0598844609896538
74042,57,3,-11,0.7385912436274404
74042,58,12,-28,1.1771160325209629
74042,59,12,-37,1.1747490939324876
74042,60,11,-35,1.2865383990225971
74042,61,10,-32,-0.36736565330705667
74042,62,72,62,0.8699299582565253
74042,63,73,1,0.42507394571585494
74042,64,89,16,-0.2610219321008982
74042,65,21,-68,0.8239698650096011
74042,66,20,-62,0.5705632564412595
74042,67,21,-63,0.6167011311326565
74042,68,16,-54,0.16714848157868678
74042,69,38,-93,0.6389945131296705
74042,70,47,9,1.0961825315678695
74042,71,48,1,0.7548895250945704
74042,72,49,1,1.1306096622099522
74042,73,48,-1,1.0730304941076378
74042,74,47,-1,0.6434097980147243
74042,75,51,4,0.7493054514635776
74042,76,52,1,0.7339851868970431
74042,77,53,1,0.9142273219168561
74042,78,53,0,1.035432006796393
74042,79,52,-1,1.5463723602486312
74042,80,52,0,1.1338226985943023
74042,81,52,0,0.9534554704189379
74042,82,52,0,0.8875817006264345
74042,83,51,-1,1.1007194128289635
74042,84,50,-1,0.877109182713695
74042,85,50,0,0.9126586810785015
74042,86,52,2,1.0754324647613442
74042,87,51,-1,0.5372935854006988
74042,88,65,14,-0.3059275054044478
74042,89,0,-66,0.7033009160069512
74042,90,0,-1,1.0241433014630363
74042,91,0,-1,0.7836202631248703
74042,92,10,-21,1.0355923053144627
74042,93,6,-23,0.32227764314090873
74042,94,28,-63,1.034374484575181
74042,95,32,-93,0.43453623615216924
74042,96,45,13,-0.1966794470635509
74042,97,0,-46,0.6616363487499394
74042,98,0,-1,0.8888110204450765
74042,99,0,-1,0.9744530343072229
74042,100,0,-1,0.7599736524539673
74042,101,1,-3,1.1896204001188257
74042,102,0,-2,1.0708839170239324
74042,103,0,-1,0.6239374823094888
74042,104,4,-9,1.1913503732444237
74042,105,1,-7,0.6324380264651083
74042,106,5,-12,0.7468781767126992
74042,107,9,-24,0.8295200148198077
74042,108,6,-22,0.7402388378754517
74042,109,7,-21,0.5020556739256085
74042,110,15,-38,0.5268152453741812
74042,111,20,-56,0.8933347527852046
74042,112,20,-61,1.0111559261674752
74042,113,17,-55,0.8414633430918825
74042,114,20,-58,0.6634551861726351
74042,115,25,-71,0.7403667098286312
74042,116,25,-76,0.72573085385781
74042,117,27,-80,0.870467167451299
74042,118,27,-82,1.0473501930295588
74042,119,24,-76,0.6504118051214922
74042,120,29,-83,0.6786033093511357
74042,121,34,-98,1.0152845252413305
74042,122,32,-99,0.9549719254854336
74042,123,30,-93,0.5169593825590065
74042,124,41,11,0.8501430219851258
74042,125,47,6,0.929238814910639
74042,126,46,-1,0.7586289227322365
74042,127,51,5,0.79444723116454
74042,128,54,3,1.055347201931487
74042,129,54,0,1.162621670443676
74042,130,54,0,0.9803166704809171
74042,131,56,2,0.7324149632255276
74042,132,60,4,0.2687046654419799
74042,133,76,16,-0.5222547061790614
74042,134,0,-77,0.5450115444782292
74042,135,6,-13,1.0628056231669787
74042,136,4,-15,0.6328447918536845
74042,137,15,-35,0.8653025413795805
74042,138,16,-48,1.2149029114117043
74042,139,10,-37,0.21467670308466738
74042,140,37,-85,0.91088171635144
74042,141,43,6,0.5797108304394444
74042,142,46,3,0.19568650494744425
74042,143,18,-83,0.7017183954003887
74042,144,17,-53,0.8820694286625669
74042,145,15,-48,0.7535259662212577
74042,146,21,-58,1.0343637336912896
74042,147,21,-64,0.9352698609444052
74042,148,19,-60,0.7164700401220171
74042,149,26,-72,0.7709841406820613
74042,150,26,-79,0.8559153144109336
74042,151,24,-75,0.7618698672701851
74042,152,30,-85,1.1980413635758247
74042,153,30,-91,0.9502833443812837
74042,154,28,-87,0.6530684509610147
74042,155,36,8,1.2366964640282005
74042,156,36,0,1.0088701114998135
74042,157,33,-3,0.49875852362864087
74042,158,47,14,0.898276386908233
74042,159,52,5,0.5212149388806676
74042,160,57,5,-0.01841072971923646
74042,161,4,-66,0.7489155554622755
74042,162,2,-9,0.31869815347761465
74042,163,20,-43,0.7034946113830941
74042,164,30,-81,8.07061555646286e-17
74042,165,64,34,-0.04814671575376525
74042,166,28,-36,0.6783189966503922
74042,167,26,-81,0.7999891721610605
74042,168,24,-75,0.6027636593843262
74042,169,29,-83,0.19241626082973115
74042,170,0,-30,0.6206505559634155
74042,171,8,-17,-0.6649081009898489
74042,172,99,91,0.7139407234633989
74042,173,88,-11,1.0108701155877142
74042,174,85,-3,0.9852233973154387
74042,175,85,0,0.5829724375851586
74042,176,93,8,1.264177108467106
74042,177,91,-2,0.6083710937211104
74042,178,99,8,1.2065200808035954
74042,179,97,-2,0.6119174405793864
74042,180,99,2,0.5186449961456527
74042,181,88,-11,0.9008607693699078
74042,182,84,-4,0.5099045067812737
74042,183,95,11,1.1387855341342341
74042,184,93,-2,0.9903587636480018
74042,185,92,-1,0.657590341974236
74042,186,99,7,0.6573730941818245
74042,187,89,-10,1.1676823275841426
74042,188,85,-4,0.3251908527061011
74042,189,99,14,0.8801249954092454
74042,190,96,-3,1.2500191147156992
74042,191,94,-2,0.8514104369470601
74042,192,94,0,0.6302296799821951
74042,193,98,4,0.9318448549697672
74042,194,93,-5,1.2120893628220937
74042,195,90,-3,0.9009572725097791
74042,196,88,-2,0.8073515333848164
74042,197,90,2,0.7045930077550077
74042,198,80,-10,0.8200854593787352
89461,0,43,-8,-0.2904972716826788
89461,1,96,53,1.2216696349988112
89461,2,93,-3,0.6912542339413943
89461,3,99,6,0.8800869781532937
89461,4,99,0,0.9634205791116142
89461,5,99,0,0.8770935556158217
89461,6,99,0,1.0017594708487867
89461,7,97,-2,0.8118356118217248
89461,8,98,1,0.8949754297739981
89461,9,98,0,0.8519168089403415
89461,10,98,0,0.5421689365288448
89461,11,86,-12,0.8652685602522028
89461,12,84,-2,0.8932702392315026
89461,13,83,-1,0.8781739087952989
89461,14,83,0,1.3676543545013522
89461,15,81,-2,0.8530634870773425
89461,16,84,3,0.8759668526851723
89461,17,84,0,0.7894002926045672
89461,18,86,2,0.8205389580733482
89461,19,83,-3,0.4486876045827627
89461,20,98,15,0.8707926840079445
89461,21,96,-2,1.1619471230864278
89461,22,93,-3,0.6928456460924693
89461,23,95,2,0.9866964046684104
89461,24,91,-4,0.9446654656304985
89461,25,86,-5,0.7926483792385727
89461,26,87,1,0.5067962242929895
89461,27,94,7,1.219929395156964
89461,28,88,-6,0.8872718660667028
89461,29,89,1,1.0186939096693712
89461,30,85,-4,0.5852707360900953
89461,31,87,2,0.5366871745554898
89461,32,69,-18,0.5418841813574227
89461,33,76,7,1.0020813334052174
89461,34,80,4,0.9348716202299653
89461,35,78,-2,0.6474779549437267
89461,36,65,-13,5.468762596333828e-17
89461,37,94,29,0.6441211615809519
89461,38,99,5,0.3174278665564641
89461,39,58,-41,0.34065739846972154
89461,40,77,19,0.9480422519385764
89461,41,77,0,0.8540216035193958
89461,42,77,0,0.8168920357466136
89461,43,75,-2,0.7355644783300851
89461,44,77,2,0.591965586993374
89461,45,66,-11,0.10115796593259727
89461,46,92,26,0.8487919661421629
89461,47,95,3,0.9668499623546118
89461,48,94,-1,0.7379455978478248
89461,49,95,1,0.79139401887879
89461,50,94,-1,0.8357812797560954
89461,51,92,-2,0.4545383997441098
89461,52,98,6,0.955599102234412
89461,53,96,-2,0.6381267522896875
89461,54,99,3,-1.0146594501288326
89461,55,0,-99,0.9742913889274913
89461,56,4,-9,1.0598844609896538
89461,57,3,-11,0.7385912436274404
89461,58,12,-28,1.1771160325209629
89461,59,12,-37,1.1747490939324876
89461,60,11,-35,1.2865383990225971
89461,61,10,-32,-0.36736565330705667
89461,62,72,62,0.8699299582565253
89461,63,73,1,0.42507394571585494
89461,64,89,16,-0.2610219321008982
89461,65,21,-68,0.8239698650096011
89461,66,20,-62,0.5705632564412595
89461,67,21,-63,0.6167011311326565
89461,68,16,-54,0.16714848157868678
89461,69,38,-93,0.6389945131296705
89461,70,47,9,1.0961825315678695
89461,71,48,1,0.7548895250945704
89461,72,49,1,1.1306096622099522
89461,73,48,-1,1.0730304941076378
89461,74,47,-1,0.6434097980147243
89461,75,51,4,0.7493054514635776
89461,76,52,1,0.7339851868970431
89461,77,53,1,0.9142273219168561
89461,78,53,0,1.035432006796393
89461,79,52,-1,1.5463723602486312
89461,80,52,0,1.1338226985943023
89461,81,52,0,0.9534554704189379
89461,82,52,0,0.8875817006264345
89461,83,51,-1,1.1007194128289635
89461,84,50,-1,0.877109182713695
89461,85,50,0,0.9126586810785015
89461,86,52,2,1.0754324647613442
89461,87,51,-1,0.5372935854006988
89461,88,65,14,-0.3059275054044478
89461,89,0,-66,0.7033009160069512
89461,90,0,-1,1.0241433014630363
89461,91,0,-1,0.7836202631248703
89461,92,10,-21,1.0355923053144627
89461,93,6,-23,0.32227764314090873
89461,94,28,-63,1.034374484575181
89461,95,32,-93,0.43453623615216924
89461,96,45,13,-0.1966794470635509
89461,97,0,-46,0.6616363487499394
89461,98,0,-1,0.8888110204450765
89461,99,0,-1,0.9744530343072229
89461,100,0,-1,0.7599736524539673
89461,101,1,-3,1.1896204001188257
89461,102,0,-2,1.0708839170239324
89461,103,0,-1,0.6239374823094888
89461,104,4,-9,1.1913503732444237
89461,105,1,-7,0.6324380264651083
89461,106,5,-12,0.7468781767126992
89461,107,9,-24,0.8295200148198077
89461,108,6,-22,0.7402388378754517
89461,109,7,-21,0.5020556739256085
89461,110,15,-38,0.5268152453741812
89461,111,20,-56,0.8933347527852046
89461,112,20,-61,1.0111559261674752
89461,113,17,-55,0.8414633430918825
89461,114,20,-58,0.6634551861726351
89461,115,25,-71,0.7403667098286312
89461,116,25,-76,0.72573085385781
89461,117,27,-80,0.870467167451299
89461,118,27,-82,1.0473501930295588
89461,119,24,-76,0.6504118051214922
89461,120,29,-83,0.6786033093511357
89461,121,34,-98,1.0152845252413305
89461,122,32,-99,0.9549719254854336
89461,123,30,-93,0.5169593825590065
89461,124,41,11,0.8501430219851258
89461,125,47,6,0.929238814910639
89461,126,46,-1,0.7586289227322365
89461,127,51,5,0.79444723116454
89461,128,54,3,1.055347201931487
89461,129,54,0,1.162621670443676
89461,130,54,0,0.9803166704809171
89461,131,56,2,0.7324149632255276
89461,132,60,4,0.2687046654419799
89461,133,76,16,-0.5222547061790614
89461,134,0,-77,0.5450115444782292
89461,135,6,-13,1.0628056231669787
89461,136,4,-15,0.6328447918536845
89461,137,15,-35,0.8653025413795805
89461,138,16,-48,1.2149029114117043
89461,139,10,-37,0.21467670308466738
89461,140,37,-85,0.91088171635144
89461,141,43,6,0.5797108304394444
89461,142,46,3,0.19568650494744425
89461,143,18,-83,0.7017183954003887
89461,144,17,-53,0.8820694286625669
89461,145,15,-48,0.7535259662212577
89461,146,21,-58,1.0343637336912896
89461,147,21,-64,0.9352698609444052
89461,148,19,-60,0.7164700401220171
89461,149,26,-72,0.7709841406820613
89461,150,26,-79,0.8559153144109336
89461,151,24,-75,0.7618698672701851
89461,152,30,-85,1.1980413635758247
89461,153,30,-91,0.9502833443812837
89461,154,28,-87,0.6530684509610147
89461,155,36,8,1.2366964640282005
89461,156,36,0,1.0088701114998135
89461,157,33,-3,0.49875852362864087
89461,158,47,14,0.898276386908233
89461,159,52,5,0.5212149388806676
89461,160,57,5,-0.01841072971923646
89461,161,4,-66,0.7489155554622755
89461,162,2,-9,0.31869815347761465
89461,163,20,-43,0.7034946113830941
89461,164,30,-81,8.07061555646286e-17
89461,165,64,34,-0.04814671575376525
89461,166,28,-36,0.6783189966503922
89461,167,26,-81,0.7999891721610605
89461,168,24,-75,0.6027636593843262
89461,169,29,-83,0.19241626082973115
89461,170,0,-30,0.6206505559634155
89461,171,8,-17,-0.6649081009898489
89461,172,99,91,0.7139407234633989
89461,173,88,-11,1.0108701155877142
89461,174,85,-3,0.9852233973154387
89461,175,85,0,0.5829724375851586
89461,176,93,8,1.264177108467106
89461,177,91,-2,0.6083710937211104
89461,178,99,8,1.2065200808035954
89461,179,97,-2,0.6119174405793864
89461,180,99,2,0.5186449961456527
89461,181,88,-11,0.9008607693699078
89461,182,84,-4,0.5099045067812737
89461,183,95,11,1.1387855341342341
89461,184,93,-2,0.9903587636480018
89461,185,92,-1,0.657590341974236
89461,186,99,7,0.6573730941818245
89461,187,89,-10,1.1676823275841426
89461,188,85,-4,0.3251908527061011
89461,189,99,14,0.8801249954092454
89461,190,96,-3,1.2500191147156992
89461,191,94,-2,0.8514104369470601
89461,192,94,0,0.6302296799821951
89461,193,98,4,0.9318448549697672
89461,194,93,-5,1.2120893628220937
89461,195,90,-3,0.9009572725097791
89461,196,88,-2,0.8073515333848164
89461,197,90,2,0.7045930077550077
89461,198,80,-10,0.8200854593787352
64701,0,43,-8,-0.2904972716826788
64701,1,96,53,1.2216696349988112
64701,2,93,-3,0.6912542339413943
64701,3,99,6,0.8800869781532937
64701,4,99,0,0.9634205791116142
64701,5,99,0,0.8770935556158217
64701,6,99,0,1.0017594708487867
64701,7,97,-2,0.8118356118217248
64701,8,98,1,0.8949754297739981
64701,9,98,0,0.8519168089403415
64701,10,98,0,0.5421689365288448
64701,11,86,-12,0.8652685602522028
64701,12,84,-2,0.8932702392315026
64701,13,83,-1,0.8781739087952989
64701,14,83,0,1.3676543545013522
64701,15,81,-2,0.8530634870773425
64701,16,84,3,0.8759668526851723
64701,17,84,0,0.7894002926045672
64701,18,86,2,0.8205389580733482
64701,19,83,-3,0.4486876045827627
64701,20,98,15,0.8707926840079445
64701,21,96,-2,1.1619471230864278
64701,22,93,-3,0.6928456460924693
64701,23,95,2,0.9866964046684104
64701,24,91,-4,0.9446654656304985
64701,25,86,-5,0.7926483792385727
64701,26,87,1,0.5067962242929895
64701,27,94,7,1.219929395156964
64701,28,88,-6,0.8872718660667028
64701,29,89,1,1.0186939096693712
64701,30,85,-4,0.5852707360900953
64701,31,87,2,0.5366871745554898
64701,32,69,-18,0.5418841813574227
64701,33,76,7,1.0020813334052174
64701,34,80,4,0.9348716202299653
64701,35,78,-2,0.6474779549437267
64701,36,65,-13,5.468762596333828e-17
64701,37,94,29,0.6441211615809519
64701,38,99,5,0.3174278665564641
64701,39,58,-41,0.34065739846972154
64701,40,77,19,0.9480422519385764
64701,41,77,0,0.8540216035193958
64701,42,77,0,0.8168920357466136
64701,43,75,-2,0.7355644783300851
64701,44,77,2,0.591965586993374
64701,45,66,-11,0.10115796593259727
64701,46,92,26,0.8487919661421629
64701,47,95,3,0.9668499623546118
64701,48,94,-1,0.7379455978478248
64701,49,95,1,0.79139401887879
64701,50,94,-1,0.8357812797560954
64701,51,92,-2,0.4545383997441098
64701,52,98,6,0.955599102234412
64701,53,96,-2,0.6381267522896875
64701,54,99,3,-1.0146594501288326
64701,55,0,-99,0.9742913889274913
64701,56,4,-9,1.0598844609896538
64701,57,3,-11,0.7385912436274404
64701,58,12,-28,1.1771160325209629
64701,59,12,-37,1.1747490939324876
64701,60,11,-35,1.2865383990225971
64701,61,10,-32,-0.36736565330705667
64701,62,72,62,0.8699299582565253
64701,63,73,1,0.42507394571585494
64701,64,89,16,-0.2610219321008982
64701,65,21,-68,0.8239698650096011
64701,66,20,-62,0.5705632564412595
64701,67,21,-63,0.6167011311326565
64701,68,16,-54,0.16714848157868678
64701,69,38,-93,0.6389945131296705
64701,70,47,9,1.0961825315678695
64701,71,48,1,0.7548895250945704
64701,72,49,1,1.1306096622099522
64701,73,48,-1,1.0730304941076378
64701,74,47,-1,0.6434097980147243
64701,75,51,4,0.7493054514635776
64701,76,52,1,0.7339851868970431
64701,77,53,1,0.9142273219168561
64701,78,53,0,1.035432006796393
64701,79,52,-1,1.5463723602486312
64701,80,52,0,1.1338226985943023
64701,81,52,0,0.9534554704189379
64701,82,52,0,0.8875817006264345
64701,83,51,-1,1.1007194128289635
64701,84,50,-1,0.877109182713695
64701,85,50,0,0.9126586810785015
64701,86,52,2,1.0754324647613442
64701,87,51,-1,0.5372935854006988
64701,88,65,14,-0.3059275054044478
64701,89,0,-66,0.7033009160069512
64701,90,0,-1,1.0241433014630363
64701,91,0,-1,0.7836202631248703
64701,92,10,-21,1.0355923053144627
64701,93,6,-23,0.32227764314090873
64701,94,28,-63,1.034374484575181
64701,95,32,-93,0.43453623615216924
64701,96,45,13,-0.1966794470635509
64701,97,0,-46,0.6616363487499394
64701,98,0,-1,0.8888110204450765
64701,99,0,-1,0.9744530343072229
64701,100,0,-1,0.7599736524539673
64701,101,1,-3,1.1896204001188257
64701,102,0,-2,1.0708839170239324
64701,103,0,-1,0.6239374823094888
64701,104,4,-9,1.1913503732444237
64701,105,1,-7,0.6324380264651083
64701,106,5,-12,0.7468781767126992
64701,107,9,-24,0.8295200148198077
64701,108,6,-22,0.7402388378754517
64701,109,7,-21,0.5020556739256085
64701,110,15,-38,0.5268152453741812
64701,111,20,-56,0.8933347527852046
64701,112,20,-61,1.0111559261674752
64701,113,17,-55,0.8414633430918825
64701,114,20,-58,0.6634551861726351
64701,115,25,-71,0.7403667098286312
64701,116,25,-76,0.72573085385781
64701,117,27,-80,0.870467167451299
64701,118,27,-82,1.0473501930295588
64701,119,24,-76,0.6504118051214922
64701,120,29,-83,0.6786033093511357
64701,121,34,-98,1.0152845252413305
64701,122,32,-99,0.9549719254854336
64701,123,30,-93,0.5169593825590065
64701,124,41,11,0.8501430219851258
64701,125,47,6,0.929238814910639
64701,126,46,-1,0.7586289227322365
64701,127,51,5,0.79444723116454
64701,128,54,3,1.055347201931487
64701,129,54,0,1.162621670443676
64701,130,54,0,0.9803166704809171
64701,131,56,2,0.7324149632255276
64701,132,60,4,0.2687046654419799
64701,133,76,16,-0.5222547061790614
64701,134,0,-77,0.5450115444782292
64701,135,6,-13,1.0628056231669787
64701,136,4,-15,0.6328447918536845
64701,137,15,-35,0.8653025413795805
64701,138,16,-48,1.2149029114117043
64701,139,10,-37,0.21467670308466738
64701,140,37,-85,0.91088171635144
64701,141,43,6,0.5797108304394444
64701,142,46,3,0.19568650494744425
64701,143,18,-83,0.7017183954003887
64701,144,17,-53,0.8820694286625669
64701,145,15,-48,0.7535259662212577
64701,146,21,-58,1.0343637336912896
64701,147,21,-64,0.9352698609444052
64701,148,19,-60,0.7164700401220171
64701,149,26,-72,0.7709841406820613
64701,150,26,-79,0.8559153144109336
64701,151,24,-75,0.7618698672701851
64701,152,30,-85,1.1980413635758247
64701,153,30,-91,0.9502833443812837
64701,154,28,-87,0.6530684509610147
64701,155,36,8,1.2366964640282005
64701,156,36,0,1.0088701114998135
64701,157,33,-3,0.49875852362864087
64701,158,47,14,0.898276386908233
64701,159,52,5,0.5212149388806676
64701,160,57,5,-0.01841072971923646
64701,161,4,-66,0.7489155554622755
64701,162,2,-9,0.31869815347761465
64701,163,20,-43,0.7034946113830941
64701,164,30,-81,8.07061555646286e-17
64701,165,64,34,-0.04814671575376525
64701,166,28,-36,0.6783189966503922
64701,167,26,-81,0.7999891721610605
64701,168,24,-75,0.6027636593843262
64701,169,29,-83,0.19241626082973115
64701,170,0,-30,0.6206505559634155
64701,171,8,-17,-0.6649081009898489
64701,172,99,91,0.7139407234633989
64701,173,88,-11,1.0108701155877142
64701,174,85,-3,0.9852233973154387
64701,175,85,0,0.5829724375851586
64701,176,93,8,1.264177108467106
64701,177,91,-2,0.6083710937211104
64701,178,99,8,1.2065200808035954
64701,179,97,-2,0.6119174405793864
64701,180,99,2,0.5186449961456527
64701,181,88,-11,0.9008607693699078
64701,182,84,-4,0.5099045067812737
64701,183,95,11,1.1387855341342341
64701,184,93,-2,0.9903587636480018
64701,185,92,-1,0.657590341974236
64701,186,99,7,0.6573730941818245
64701,187,89,-10,1.1676823275841426
64701,188,85,-4,0.3251908527061011
64701,189,99,14,0.8801249954092454
64701,190,96,-3,1.2500191147156992
64701,191,94,-2,0.8514104369470601
64701,192,94,0,0.6302296799821951
64701,193,98,4,0.9318448549697672
64701,194,93,-5,1.2120893628220937
64701,195,90,-3,0.9009572725097791
64701,196,88,-2,0.8073515333848164
64701,197,90,2,0.7045930077550077
64701,198,80,-10,0.8200854593787352
42907,0,43,-8,-0.2904972716826788
42907,1,96,53,1.2216696349988112
42907,2,93,-3,0.6912542339413943
42907,3,99,6,0.8800869781532937
42907,4,99,0,0.9634205791116142
42907,5,99,0,0.8770935556158217
42907,6,99,0,1.0017594708487867
42907,7,97,-2,0.8118356118217248
42907,8,98,1,0.8949754297739981
42907,9,98,0,0.8519168089403415
42907,10,98,0,0.5421689365288448
42907,11,86,-12,0.8652685602522028
42907,12,84,-2,0.8932702392315026
42907,13,83,-1,0.8781739087952989
42907,14,83,0,1.3676543545013522
42907,15,81,-2,0.8530634870773425
42907,16,84,3,0.8759668526851723
42907,17,84,0,0.7894002926045672
42907,18,86,2,0.8205389580733482
42907,19,83,-3,0.4486876045827627
42907,20,98,15,0.8707926840079445
42907,21,96,-2,1.1619471230864278
42907,22,93,-3,0.6928456460924693
42907,23,95,2,0.9866964046684104
42907,24,91,-4,0.9446654656304985
42907,25,86,-5,0.7926483792385727
42907,26,87,1,0.5067962242929895
42907,27,94,7,1.219929395156964
42907,28,88,-6,0.8872718660667028
42907,29,89,1,1.0186939096693712
42907,30,85,-4,0.5852707360900953
42907,31,87,2,0.5366871745554898
42907,32,69,-18,0.5418841813574227
42907,33,76,7,1.0020813334052174
42907,34,80,4,0.9348716202299653
42907,35,78,-2,0.6474779549437267
42907,36,65,-13,5.468762596333828e-17
42907,37,94,29,0.6441211615809519
42907,38,99,5,0.3174278665564641
42907,39,58,-41,0.34065739846972154
42907,40,77,19,0.9480422519385764
42907,41,77,0,0.8540216035193958
42907,42,77,0,0.8168920357466136
42907,43,75,-2,0.7355644783300851
42907,44,77,2,0.591965586993374
42907,45,66,-11,0.10115796593259727
42907,46,92,26,0.8487919661421629
42907,47,95,3,0.9668499623546118
42907,48,94,-1,0.7379455978478248
42907,49,95,1,0.79139401887879
42907,50,94,-1,0.8357812797560954
42907,51,92,-2,0.4545383997441098
42907,52,98,6,0.955599102234412
42907,53,96,-2,0.6381267522896875
42907,54,99,3,-1.0146594501288326
42907,55,0,-99,0.9742913889274913
42907,56,4,-9,1.0598844609896538
42907,57,3,-11,0.7385912436274404
42907,58,12,-28,1.1771160325209629
42907,59,12,-37,1.1747490939324876
42907,60,11,-35,1.2865383990225971
42907,61,10,-32,-0.36736565330705667
42907,62,72,62,0.8699299582565253
42907,63,73,1,0.42507394571585494
42907,64,89,16,-0.2610219321008982
42907,65,21,-68,0.8239698650096011
42907,66,20,-62,0.5705632564412595
42907,67,21,-63,0.6167011311326565
42907,68,16,-54,0.16714848157868678
42907,69,38,-93,0.6389945131296705
42907,70,47,9,1.0961825315678695
42907,71,48,1,0.7548895250945704
42907,72,49,1,1.1306096622099522
42907,73,48,-1,1.0730304941076378
42907,74,47,-1,0.6434097980147243
42907,75,51,4,0.7493054514635776
42907,76,52,1,0.7339851868970431
42907,77,53,1,0.9142273219168561
42907,78,53,0,1.035432006796393
42907,79,52,-1,1.5463723602486312
42907,80,52,0,1.1338226985943023
42907,81,52,0,0.9534554704189379
42907,82,52,0,0.8875817006264345
42907,83,51,-1,1.1007194128289635
42907,84,50,-1,0.877109182713695
42907,85,50,0,0.9126586810785015
42907,86,52,2,1.0754324647613442
42907,87,51,-1,0.5372935854006988
42907,88,65,14,-0.3059275054044478
42907,89,0,-66,0.7033009160069512
42907,90,0,-1,1.0241433014630363
42907,91,0,-1,0.7836202631248703
42907,92,10,-21,1.0355923053144627
42907,93,6,-23,0.32227764314090873
42907,94,28,-63,1.034374484575181
42907,95,32,-93,0.43453623615216924
42907,96,45,13,-0.1966794470635509
42907,97,0,-46,0.6616363487499394
42907,98,0,-1,0.8888110204450765
42907,99,0,-1,0.9744530343072229
42907,100,0,-1,0.7599736524539673
42907,101,1,-3,1.1896204001188257
42907,102,0,-2,1.0708839170239324
42907,103,0,-1,0.6239374823094888
42907,104,4,-9,1.1913503732444237
42907,105,1,-7,0.6324380264651083
42907,106,5,-12,0.7468781767126992
42907,107,9,-24,0.8295200148198077
42907,108,6,-22,0.7402388378754517
42907,109,7,-21,0.5020556739256085
42907,110,15,-38,0.5268152453741812
42907,111,20,-56,0.8933347527852046
42907,112,20,-61,1.0111559261674752
42907,113,17,-55,0.8414633430918825
42907,114,20,-58,0.6634551861726351
42907,115,25,-71,0.7403667098286312
42907,116,25,-76,0.72573085385781
42907,117,27,-80,0.870467167451299
42907,118,27,-82,1.0473501930295588
42907,119,24,-76,0.6504118051214922
42907,120,29,-83,0.6786033093511357
42907,121,34,-98,1.0152845252413305
42907,122,32,-99,0.9549719254854336
42907,123,30,-93,0.5169593825590065
42907,124,41,11,0.8501430219851258
42907,125,47,6,0.929238814910639
42907,126,46,-1,0.7586289227322365
42907,127,51,5,0.79444723116454
42907,128,54,3,1.055347201931487
42907,129,54,0,1.162621670443676
42907,130,54,0,0.9803166704809171
42907,131,56,2,0.7324149632255276
42907,132,60,4,0.2687046654419799
42907,133,76,16,-0.5222547061790614
42907,134,0,-77,0.5450115444782292
42907,135,6,-13,1.0628056231669787
42907,136,4,-15,0.6328447918536845
42907,137,15,-35,0.8653025413795805
42907,138,16,-48,1.2149029114117043
42907,139,10,-37,0.21467670308466738
42907,140,37,-85,0.91088171635144
42907,141,43,6,0.5797108304394444
42907,142,46,3,0.19568650494744425
42907,143,18,-83,0.7017183954003887
42907,144,17,-53,0.8820694286625669
42907,145,15,-48,0.7535259662212577
42907,146,21,-58,1.0343637336912896
42907,147,21,-64,0.9352698609444052
42907,148,19,-60,0.7164700401220171
42907,149,26,-72,0.7709841406820613
42907,150,26,-79,0.8559153144109336
42907,151,24,-75,0.7618698672701851
42907,152,30,-85,1.1980413635758247
42907,153,30,-91,0.9502833443812837
42907,154,28,-87,0.6530684509610147
42907,155,36,8,1.2366964640282005
42907,156,36,0,1.0088701114998135
42907,157,33,-3,0.49875852362864087
42907,158,47,14,0.898276386908233
42907,159,52,5,0.5212149388806676
42907,160,57,5,-0.01841072971923646
42907,161,4,-66,0.7489155554622755
42907,162,2,-9,0.31869815347761465
42907,163,20,-43,0.7034946113830941
42907,164,30,-81,8.07061555646286e-17
42907,165,64,34,-0.04814671575376525
42907,166,28,-36,0.6783189966503922
42907,167,26,-81,0.7999891721610605
42907,168,24,-75,0.6027636593843262
42907,169,29,-83,0.19241626082973115
42907,170,0,-30,0.6206505559634155
42907,171,8,-17,-0.6649081009898489
42907,172,99,91,0.7139407234633989
42907,173,88,-11,1.0108701155877142
42907,174,85,-3,0.9852233973154387
42907,175,85,0,0.5829724375851586
42907,176,93,8,1.264177108467106
42907,177,91,-2,0.6083710937211104
42907,178,99,8,1.2065200808035954
42907,179,97,-2,0.6119174405793864
42907,180,99,2,0.5186449961456527
42907,181,88,-11,0.9008607693699078
42907,182,84,-4,0.5099045067812737
42907,183,95,11,1.1387855341342341
42907,184,93,-2,0.9903587636480018
42907,185,92,-1,0.657590341974236
42907,186,99,7,0.6573730941818245
42907,187,89,-10,1.1676823275841426
42907,188,85,-4,0.3251908527061011
42907,189,99,14,0.8801249954092454
42907,190,96,-3,1.2500191147156992
42907,191,94,-2,0.8514104369470601
42907,192,94,0,0.6302296799821951
42907,193,98,4,0.9318448549697672
42907,194,93,-5,1.2120893628220937
42907,195,90,-3,0.9009572725097791
42907,196,88,-2,0.8073515333848164
42907,197,90,2,0.7045930077550077
42907,198,80,-10,0.8200854593787352
69544,0,43,-8,-0.2904972716826788
69544,1,96,53,1.2216696349988112
69544,2,93,-3,0.6912542339413943
69544,3,99,6,0.8800869781532937
69544,4,99,0,0.9634205791116142
69544,5,99,0,0.8770935556158217
69544,6,99,0,1.0017594708487867
69544,7,97,-2,0.8118356118217248
69544,8,98,1,0.8949754297739981
69544,9,98,0,0.8519168089403415
69544,10,98,0,0.5421689365288448
69544,11,86,-12,0.8652685602522028
69544,12,84,-2,0.8932702392315026
69544,13,83,-1,0.8781739087952989
69544,14,83,0,1.3676543545013522
69544,15,81,-2,0.8530634870773425
69544,16,84,3,0.8759668526851723
69544,17,84,0,0.7894002926045672
69544,18,86,2,0.8205389580733482
69544,19,83,-3,0.4486876045827627
69544,20,98,15,0.8707926840079445
69544,21,96,-2,1.1619471230864278
69544,22,93,-3,0.6928456460924693
69544,23,95,2,0.9866964046684104
69544,24,91,-4,0.9446654656304985
69544,25,86,-5,0.7926483792385727
69544,26,87,1,0.5067962242929895
69544,27,94,7,1.219929395156964
69544,28,88,-6,0.8872718660667028
69544,29,89,1,1.0186939096693712
69544,30,85,-4,0.5852707360900953
69544,31,87,2,0.5366871745554898
69544,32,69,-18,0.5418841813574227
69544,33,76,7,1.0020813334052174
69544,34,80,4,0.9348716202299653
69544,35,78,-2,0.6474779549437267
69544,36,65,-13,5.468762596333828e-17
69544,37,94,29,0.6441211615809519
69544,38,99,5,0.3174278665564641
69544,39,58,-41,0.34065739846972154
69544,40,77,19,0.9480422519385764
69544,41,77,0,0.8540216035193958
69544,42,77,0,0.8168920357466136
69544,43,75,-2,0.7355644783300851
69544,44,77,2,0.591965586993374
69544,45,66,-11,0.10115796593259727
69544,46,92,26,0.8487919661421629
69544,47,95,3,0.9668499623546118
69544,48,94,-1,0.7379455978478248
69544,49,95,1,0.79139401887879
69544,50,94,-1,0.8357812797560954
69544,51,92,-2,0.4545383997441098
69544,52,98,6,0.955599102234412
69544,53,96,-2,0.6381267522896875
69544,54,99,3,-1.0146594501288326
69544,55,0,-99,0.9742913889274913
69544,56,4,-9,1.0598844609896538
69544,57,3,-11,0.7385912436274404
69544,58,12,-28,1.1771160325209629
69544,59,12,-37,1.1747490939324876
69544,60,11,-35,1.2865383990225971
69544,61,10,-32,-0.36736565330705667
69544,62,72,62,0.8699299582565253
69544,63,73,1,0.42507394571585494
69544,64,89,16,-0.2610219321008982
69544,65,21,-68,0.8239698650096011
69544,66,20,-62,0.5705632564412595
69544,67,21,-63,0.6167011311326565
69544,68,16,-54,0.16714848157868678
69544,69,38,-93,0.6389945131296705
69544,70,47,9,1.0961825315678695
69544,71,48,1,0.7548895250945704
69544,72,49,1,1.1306096622099522
69544,73,48,-1,1.0730304941076378
69544,74,47,-1,0.6434097980147243
69544,75,51,4,0.7493054514635776
69544,76,52,1,0.7339851868970431
69544,77,53,1,0.9142273219168561
69544,78,53,0,1.035432006796393
69544,79,52,-1,1.5463723602486312
69544,80,52,0,1.1338226985943023
69544,81,52,0,0.9534554704189379
69544,82,52,0,0.8875817006264345
69544,83,51,-1,1.1007194128289635
69544,84,50,-1,0.877109182713695
69544,85,50,0,0.9126586810785015
69544,86,52,2,1.0754324647613442
69544,87,51,-1,0.5372935854006988
69544,88,65,14,-0.3059275054044478
69544,89,0,-66,0.7033009160069512
69544,90,0,-1,1.0241433014630363
69544,91,0,-1,0.7836202631248703
69544,92,10,-21,1.0355923053144627
69544,93,6,-23,0.32227764314090873
69544,94,28,-63,1.034374484575181
69544,95,32,-93,0.43453623615216924
69544,96,45,13,-0.1966794470635509
69544,97,0,-46,0.6616363487499394
69544,98,0,-1,0.8888110204450765
69544,99,0,-1,0.9744530343072229
69544,100,0,-1,0.7599736524539673
69544,101,1,-3,1.1896204001188257
69544,102,0,-2,1.0708839170239324
69544,103,0,-1,0.6239374823094888
69544,104,4,-9,1.1913503732444237
69544,105,1,-7,0.6324380264651083
69544,106,5,-12,0.7468781767126992
69544,107,9,-24,0.8295200148198077
69544,108,6,-22,0.7402388378754517
69544,109,7,-21,0.5020556739256085
69544,110,15,-38,0.5268152453741812
69544,111,20,-56,0.8933347527852046
69544,112,20,-61,1.0111559261674752
69544,113,17,-55,0.8414633430918825
69544,114,20,-58,0.6634551861726351
69544,115,25,-71,0.7403667098286312
69544,116,25,-76,0.72573085385781
69544,117,27,-80,0.870467167451299
69544,118,27,-82,1.0473501930295588
69544,119,24,-76,0.6504118051214922
69544,120,29,-83,0.6786033093511357
69544,121,34,-98,1.0152845252413305
69544,122,32,-99,0.9549719254854336
69544,123,30,-93,0.5169593825590065
69544,124,41,11,0.8501430219851258
69544,125,47,6,0.929238814910639
69544,126,46,-1,0.7586289227322365
69544,127,51,5,0.79444723116454
69544,128,54,3,1.055347201931487
69544,129,54,0,1.162621670443676
69544,130,54,0,0.9803166704809171
69544,131,56,2,0.7324149632255276
69544,132,60,4,0.2687046654419799
69544,133,76,16,-0.5222547061790614
69544,134,0,-77,0.5450115444782292
69544,135,6,-13,1.0628056231669787
69544,136,4,-15,0.6328447918536845
69544,137,15,-35,0.8653025413795805
69544,138,16,-48,1.2149029114117043
69544,139,10,-37,0.21467670308466738
69544,140,37,-85,0.91088171635144
69544,141,43,6,0.5797108304394444
69544,142,46,3,0.19568650494744425
69544,143,18,-83,0.7017183954003887
69544,144,17,-53,0.8820694286625669
69544,145,15,-48,0.7535259662212577
69544,146,21,-58,1.0343637336912896
69544,147,21,-64,0.9352698609444052
69544,148,19,-60,0.7164700401220171
69544,149,26,-72,0.7709841406820613
69544,150,26,-79,0.8559153144109336
69544,151,24,-75,0.7618698672701851
69544,152,30,-85,1.1980413635758247
69544,153,30,-91,0.9502833443812837
69544,154,28,-87,0.6530684509610147
69544,155,36,8,1.2366964640282005
69544,156,36,0,1.0088701114998135
69544,157,33,-3,0.49875852362864087
69544,158,47,14,0.898276386908233
69544,159,52,5,0.5212149388806676
69544,160,57,5,-0.01841072971923646
69544,161,4,-66,0.7489155554622755
69544,162,2,-9,0.31869815347761465
69544,163,20,-43,0.7034946113830941
69544,164,30,-81,8.07061555646286e-17
69544,165,64,34,-0.04814671575376525
69544,166,28,-36,0.6783189966503922
69544,167,26,-81,0.7999891721610605
69544,168,24,-75,0.6027636593843262
69544,169,29,-83,0.19241626082973115
69544,170,0,-30,0.6206505559634155
69544,171,8,-17,-0.6649081009898489
69544,172,99,91,0.7139407234633989
69544,173,88,-11,1.0108701155877142
69544,174,85,-3,0.9852233973154387
69544,175,85,0,0.5829724375851586
69544,176,93,8,1.264177108467106
69544,177,91,-2,0.6083710937211104
69544,178,99,8,1.2065200808035954
69544,179,97,-2,0.6119174405793864
69544,180,99,2,0.5186449961456527
69544,181,88,-11,0.9008607693699078
69544,182,84,-4,0.5099045067812737
69544,183,95,11,1.1387855341342341
69544,184,93,-2,0.9903587636480018
69544,185,92,-1,0.657590341974236
69544,186,99,7,0.6573730941818245
69544,187,89,-10,1.1676823275841426
69544,188,85,-4,0.3251908527061011
69544,189,99,14,0.8801249954092454
69544,190,96,-3,1.2500191147156992
69544,191,94,-2,0.8514104369470601
69544,192,94,0,0.6302296799821951
69544,193,98,4,0.9318448549697672
69544,194,93,-5,1.2120893628220937
69544,195,90,-3,0.9009572725097791
69544,196,88,-2,0.8073515333848164
69544,197,90,2,0.7045930077550077
69544,198,80,-10,0.8200854593787352
32499,0,43,-8,-0.2904972716826788
32499,1,96,53,1.2216696349988112
32499,2,93,-3,0.6912542339413943
32499,3,99,6,0.8800869781532937
32499,4,99,0,0.9634205791116142
32499,5,99,0,0.8770935556158217
32499,6,99,0,1.0017594708487867
32499,7,97,-2,0.8118356118217248
32499,8,98,1,0.8949754297739981
32499,9,98,0,0.8519168089403415
32499,10,98,0,0.5421689365288448
32499,11,86,-12,0.8652685602522028
32499,12,84,-2,0.8932702392315026
32499,13,83,-1,0.8781739087952989
32499,14,83,0,1.3676543545013522
32499,15,81,-2,0.8530634870773425
32499,16,84,3,0.8759668526851723
32499,17,84,0,0.7894002926045672
32499,18,86,2,0.8205389580733482
32499,19,83,-3,0.4486876045827627
32499,20,98,15,0.8707926840079445
32499,21,96,-2,1.1619471230864278
32499,22,93,-3,0.6928456460924693
32499,23,95,2,0.9866964046684104
32499,24,91,-4,0.9446654656304985
32499,25,86,-5,0.7926483792385727
32499,26,87,1,0.5067962242929895
32499,27,94,7,1.219929395156964
32499,28,88,-6,0.8872718660667028
32499,29,89,1,1.0186939096693712
32499,30,85,-4,0.5852707360900953
32499,31,87,2,0.5366871745554898
32499,32,69,-18,0.5418841813574227
32499,33,76,7,1.0020813334052174
32499,34,80,4,0.9348716202299653
32499,35,78,-2,0.6474779549437267
32499,36,65,-13,5.468762596333828e-17
32499,37,94,29,0.6441211615809519
32499,38,99,5,0.3174278665564641
32499,39,58,-41,0.34065739846972154
32499,40,77,19,0.9480422519385764
32499,41,77,0,0.8540216035193958
32499,42,77,0,0.8168920357466136
32499,43,75,-2,0.7355644783300851
32499,44,77,2,0.591965586993374
32499,45,66,-11,0.10115796593259727
32499,46,92,26,0.8487919661421629
32499,47,95,3,0.9668499623546118
32499,48,94,-1,0.7379455978478248
32499,49,95,1,0.79139401887879
32499,50,94,-1,0.8357812797560954
32499,51,92,-2,0.4545383997441098
32499,52,98,6,0.955599102234412
32499,53,96,-2,0.6381267522896875
32499,54,99,3,-1.0146594501288326
32499,55,0,-99,0.9742913889274913
32499,56,4,-9,1.0598844609896538
32499,57,3,-11,0.7385912436274404
32499,58,12,-28,1.1771160325209629
32499,59,12,-37,1.1747490939324876
32499,60,11,-35,1.2865383990225971
32499,61,10,-32,-0.36736565330705667
32499,62,72,62,0.8699299582565253
32499,63,73,1,0.42507394571585494
32499,64,89,16,-0.2610219321008982
32499,65,21,-68,0.8239698650096011
32499,66,20,-62,0.5705632564412595
32499,67,21,-63,0.6167011311326565
32499,68,16,-54,0.16714848157868678
32499,69,38,-93,0.6389945131296705
32499,70,47,9,1.0961825315678695
32499,71,48,1,0.7548895250945704
32499,72,49,1,1.1306096622099522
32499,73,48,-1,1.0730304941076378
32499,74,47,-1,0.6434097980147243
32499,75,51,4,0.7493054514635776
32499,76,52,1,0.7339851868970431
32499,77,53,1,0.9142273219168561
32499,78,53,0,1.035432006796393
32499,79,52,-1,1.5463723602486312
32499,80,52,0,1.1338226985943023
32499,81,52,0,0.9534554704189379
32499,82,52,0,0.8875817006264345
32499,83,51,-1,1.1007194128289635
32499,84,50,-1,0.877109182713695
32499,85,50,0,0.9126586810785015
32499,86,52,2,1.0754324647613442
32499,87,51,-1,0.5372935854006988
32499,88,65,14,-0.3059275054044478
32499,89,0,-66,0.7033009160069512
32499,90,0,-1,1.0241433014630363
32499,91,0,-1,0.7836202631248703
32499,92,10,-21,1.0355923053144627
32499,93,6,-23,0.32227764314090873
32499,94,28,-63,1.034374484575181
32499,95,32,-93,0.43453623615216924
32499,96,45,13,-0.1966794470635509
32499,97,0,-46,0.6616363487499394
32499,98,0,-1,0.8888110204450765
32499,99,0,-1,0.9744530343072229
32499,100,0,-1,0.7599736524539673
32499,101,1,-3,1.1896204001188257
32499,102,0,-2,1.0708839170239324
32499,103,0,-1,0.6239374823094888
32499,104,4,-9,1.1913503732444237
32499,105,1,-7,0.6324380264651083
32499,106,5,-12,0.7468781767126992
32499,107,9,-24,0.8295200148198077
32499,108,6,-22,0.7402388378754517
32499,109,7,-21,0.5020556739256085
32499,110,15,-38,0.5268152453741812
32499,111,20,-56,0.8933347527852046
32499,112,20,-61,1.0111559261674752
32499,113,17,-55,0.8414633430918825
32499,114,20,-58,0.6634551861726351
32499,115,25,-71,0.7403667098286312
32499,116,25,-76,0.72573085385781
32499,117,27,-80,0.870467167451299
32499,118,27,-82,1.0473501930295588
32499,119,24,-76,0.6504118051214922
32499,120,29,-83,0.6786033093511357
32499,121,34,-98,1.0152845252413305
32499,122,32,-99,0.9549719254854336
32499,123,30,-93,0.5169593825590065
32499,124,41,11,0.8501430219851258
32499,125,47,6,0.929238814910639
32499,126,46,-1,0.7586289227322365
32499,127,51,5,0.79444723116454
32499,128,54,3,1.055347201931487
32499,129,54,0,1.162621670443676
32499,130,54,0,0.9803166704809171
32499,131,56,2,0.7324149632255276
32499,132,60,4,0.2687046654419799
32499,133,76,16,-0.5222547061790614
32499,134,0,-77,0.5450115444782292
32499,135,6,-13,1.0628056231669787
32499,136,4,-15,0.6328447918536845
32499,137,15,-35,0.8653025413795805
32499,138,16,-48,1.2149029114117043
32499,139,10,-37,0.21467670308466738
32499,140,37,-85,0.91088171635144
32499,141,43,6,0.5797108304394444
32499,142,46,3,0.19568650494744425
32499,143,18,-83,0.7017183954003887
32499,144,17,-53,0.8820694286625669
32499,145,15,-48,0.7535259662212577
32499,146,21,-58,1.0343637336912896
32499,147,21,-64,0.9352698609444052
32499,148,19,-60,0.7164700401220171
32499,149,26,-72,0.7709841406820613
32499,150,26,-79,0.8559153144109336
32499,151,24,-75,0.7618698672701851
32499,152,30,-85,1.1980413635758247
32499,153,30,-91,0.9502833443812837
32499,154,28,-87,0.6530684509610147
32499,155,36,8,1.2366964640282005
32499,156,36,0,1.0088701114998135
32499,157,33,-3,0.49875852362864087
32499,158,47,14,0.898276386908233
32499,159,52,5,0.5212149388806676
32499,160,57,5,-0.01841072971923646
32499,161,4,-66,0.7489155554622755
32499,162,2,-9,0.31869815347761465
32499,163,20,-43,0.7034946113830941
32499,164,30,-81,8.07061555646286e-17
32499,165,64,34,-0.04814671575376525
32499,166,28,-36,0.6783189966503922
32499,167,26,-81,0.7999891721610605
32499,168,24,-75,0.6027636593843262
32499,169,29,-83,0.19241626082973115
32499,170,0,-30,0.6206505559634155
32499,171,8,-17,-0.6649081009898489
32499,172,99,91,0.7139407234633989
32499,173,88,-11,1.0108701155877142
32499,174,85,-3,0.9852233973154387
32499,175,85,0,0.5829724375851586
32499,176,93,8,1.264177108467106
32499,177,91,-2,0.6083710937211104
32499,178,99,8,1.2065200808035954
32499,179,97,-2,0.6119174405793864
32499,180,99,2,0.5186449961456527
32499,181,88,-11,0.9008607693699078
32499,182,84,-4,0.5099045067812737
32499,183,95,11,1.1387855341342341
32499,184,93,-2,0.9903587636480018
32499,185,92,-1,0.657590341974236
32499,186,99,7,0.6573730941818245
32499,187,89,-10,1.1676823275841426
32499,188,85,-4,0.3251908527061011
32499,189,99,14,0.8801249954092454
32499,190,96,-3,1.2500191147156992
32499,191,94,-2,0.8514104369470601
32499,192,94,0,0.6302296799821951
32499,193,98,4,0.9318448549697672
32499,194,93,-5,1.2120893628220937
32499,195,90,-3,0.9009572725097791
32499,196,88,-2,0.8073515333848164
32499,197,90,2,0.7045930077550077
32499,198,80,-10,0.8200854593787352
84465,0,43,-8,-0.2904972716826788
84465,1,96,53,1.2216696349988112
84465,2,93,-3,0.6912542339413943
84465,3,99,6,0.8800869781532937
84465,4,99,0,0.9634205791116142
84465,5,99,0,0.8770935556158217
84465,6,99,0,1.0017594708487867
84465,7,97,-2,0.8118356118217248
84465,8,98,1,0.8949754297739981
84465,9,98,0,0.8519168089403415
84465,10,98,0,0.5421689365288448
84465,11,86,-12,0.8652685602522028
84465,12,84,-2,0.8932702392315026
84465,13,83,-1,0.8781739087952989
84465,14,83,0,1.3676543545013522
84465,15,81,-2,0.8530634870773425
84465,16,84,3,0.8759668526851723
84465,17,84,0,0.7894002926045672
84465,18,86,2,0.8205389580733482
84465,19,83,-3,0.4486876045827627
84465,20,98,15,0.8707926840079445
84465,21,96,-2,1.1619471230864278
84465,22,93,-3,0.6928456460924693
84465,23,95,2,0.9866964046684104
84465,24,91,-4,0.9446654656304985
84465,25,86,-5,0.7926483792385727
84465,26,87,1,0.5067962242929895
84465,27,94,7,1.219929395156964
84465,28,88,-6,0.8872718660667028
84465,29,89,1,1.0186939096693712
84465,30,85,-4,0.5852707360900953
84465,31,87,2,0.5366871745554898
84465,32,69,-18,0.5418841813574227
84465,33,76,7,1.0020813334052174
84465,34,80,4,0.9348716202299653
84465,35,78,-2,0.6474779549437267
84465,36,65,-13,5.468762596333828e-17
84465,37,94,29,0.6441211615809519
84465,38,99,5,0.3174278665564641
84465,39,58,-41,0.34065739846972154
84465,40,77,19,0.9480422519385764
84465,41,77,0,0.8540216035193958
84465,42,77,0,0.8168920357466136
84465,43,75,-2,0.7355644783300851
84465,44,77,2,0.591965586993374
84465,45,66,-11,0.10115796593259727
84465,46,92,26,0.8487919661421629
84465,47,95,3,0.9668499623546118
84465,48,94,-1,0.7379455978478248
84465,49,95,1,0.79139401887879
84465,50,94,-1,0.8357812797560954
84465,51,92,-2,0.4545383997441098
84465,52,98,6,0.955599102234412
84465,53,96,-2,0.6381267522896875
84465,54,99,3,-1.0146594501288326
84465,55,0,-99,0.9742913889274913
84465,56,4,-9,1.0598844609896538
84465,57,3,-11,0.7385912436274404
84465,58,12,-28,1.1771160325209629
84465,59,12,-37,1.1747490939324876
84465,60,11,-35,1.2865383990225971
84465,61,10,-32,-0.36736565330705667
84465,62,72,62,0.8699299582565253
84465,63,73,1,0.42507394571585494
84465,64,89,16,-0.2610219321008982
84465,65,21,-68,0.8239698650096011
84465,66,20,-62,0.5705632564412595
84465,67,21,-63,0.6167011311326565
84465,68,16,-54,0.16714848157868678
84465,69,38,-93,0.6389945131296705
84465,70,47,9,1.0961825315678695
84465,71,48,1,0.7548895250945704
84465,72,49,1,1.1306096622099522
84465,73,48,-1,1.0730304941076378
84465,74,47,-1,0.6434097980147243
84465,75,51,4,0.7493054514635776
84465,76,52,1,0.7339851868970431
84465,77,53,1,0.9142273219168561
84465,78,53,0,1.035432006796393
84465,79,52,-1,1.5463723602486312
84465,80,52,0,1.1338226985943023
84465,81,52,0,0.9534554704189379
84465,82,52,0,0.8875817006264345
84465,83,51,-1,1.1007194128289635
84465,84,50,-1,0.877109182713695
84465,85,50,0,0.9126586810785015
84465,86,52,2,1.0754324647613442
84465,87,51,-1,0.5372935854006988
84465,88,65,14,-0.3059275054044478
84465,89,0,-66,0.7033009160069512
84465,90,0,-1,1.0241433014630363
84465,91,0,-1,0.7836202631248703
84465,92,10,-21,1.0355923053144627
84465,93,6,-23,0.32227764314090873
84465,94,28,-63,1.034374484575181
84465,95,32,-93,0.43453623615216924
84465,96,45,13,-0.1966794470635509
84465,97,0,-46,0.6616363487499394
84465,98,0,-1,0.8888110204450765
84465,99,0,-1,0.9744530343072229
84465,100,0,-1,0.7599736524539673
84465,101,1,-3,1.1896204001188257
84465,102,0,-2,1.0708839170239324
84465,103,0,-1,0.6239374823094888
84465,104,4,-9,1.1913503732444237
84465,105,1,-7,0.6324380264651083
84465,106,5,-12,0.7468781767126992
84465,107,9,-24,0.8295200148198077
84465,108,6,-22,0.7402388378754517
84465,109,7,-21,0.5020556739256085
84465,110,15,-38,0.5268152453741812
84465,111,20,-56,0.8933347527852046
84465,112,20,-61,1.0111559261674752
84465,113,17,-55,0.8414633430918825
84465,114,20,-58,0.6634551861726351
84465,115,25,-71,0.7403667098286312
84465,116,25,-76,0.72573085385781
84465,117,27,-80,0.870467167451299
84465,118,27,-82,1.0473501930295588
84465,119,24,-76,0.6504118051214922
84465,120,29,-83,0.6786033093511357
84465,121,34,-98,1.0152845252413305
84465,122,32,-99,0.9549719254854336
84465,123,30,-93,0.5169593825590065
84465,124,41,11,0.8501430219851258
84465,125,47,6,0.929238814910639
84465,126,46,-1,0.7586289227322365
84465,127,51,5,0.79444723116454
84465,128,54,3,1.055347201931487
84465,129,54,0,1.162621670443676
84465,130,54,0,0.9803166704809171
84465,131,56,2,0.7324149632255276
84465,132,60,4,0.2687046654419799
84465,133,76,16,-0.5222547061790614
84465,134,0,-77,0.5450115444782292
84465,135,6,-13,1.0628056231669787
84465,136,4,-15,0.6328447918536845
84465,137,15,-35,0.8653025413795805
84465,138,16,-48,1.2149029114117043
84465,139,10,-37,0.21467670308466738
84465,140,37,-85,0.91088171635144
84465,141,43,6,0.5797108304394444
84465,142,46,3,0.19568650494744425
84465,143,18,-83,0.7017183954003887
84465,144,17,-53,0.8820694286625669
84465,145,15,-48,0.7535259662212577
84465,146,21,-58,1.0343637336912896
84465,147,21,-64,0.9352698609444052
84465,148,19,-60,0.7164700401220171
84465,149,26,-72,0.7709841406820613
84465,150,26,-79,0.8559153144109336
84465,151,24,-75,0.7618698672701851
84465,152,30,-85,1.1980413635758247
84465,153,30,-91,0.9502833443812837
84465,154,28,-87,0.6530684509610147
84465,155,36,8,1.2366964640282005
84465,156,36,0,1.0088701114998135
84465,157,33,-3,0.49875852362864087
84465,158,47,14,0.898276386908233
84465,159,52,5,0.5212149388806676
84465,160,57,5,-0.01841072971923646
84465,161,4,-66,0.7489155554622755
84465,162,2,-9,0.31869815347761465
84465,163,20,-43,0.7034946113830941
84465,164,30,-81,8.07061555646286e-17
84465,165,64,34,-0.04814671575376525
84465,166,28,-36,0.6783189966503922
84465,167,26,-81,0.7999891721610605
84465,168,24,-75,0.6027636593843262
84465,169,29,-83,0.19241626082973115
84465,170,0,-30,0.6206505559634155
84465,171,8,-17,-0.6649081009898489
84465,172,99,91,0.7139407234633989
84465,173,88,-11,1.0108701155877142
84465,174,85,-3,0.9852233973154387
84465,175,85,0,0.5829724375851586
84465,176,93,8,1.264177108467106
84465,177,91,-2,0.6083710937211104
84465,178,99,8,1.2065200808035954
84465,179,97,-2,0.6119174405793864
84465,180,99,2,0.5186449961456527
84465,181,88,-11,0.9008607693699078
84465,182,84,-4,0.5099045067812737
84465,183,95,11,1.1387855341342341
84465,184,93,-2,0.9903587636480018
84465,185,92,-1,0.657590341974236
84465,186,99,7,0.6573730941818245
84465,187,89,-10,1.1676823275841426
84465,188,85,-4,0.3251908527061011
84465,189,99,14,0.8801249954092454
84465,190,96,-3,1.2500191147156992
84465,191,94,-2,0.8514104369470601
84465,192,94,0,0.6302296799821951
84465,193,98,4,0.9318448549697672
84465,194,93,-5,1.2120893628220937
84465,195,90,-3,0.9009572725097791
84465,196,88,-2,0.8073515333848164
84465,197,90,2,0.7045930077550077
84465,198,80,-10,0.8200854593787352
31122,0,43,-8,-0.2904972716826788
31122,1,96,53,1.2216696349988112
31122,2,93,-3,0.6912542339413943
31122,3,99,6,0.8800869781532937
31122,4,99,0,0.9634205791116142
31122,5,99,0,0.8770935556158217
31122,6,99,0,1.0017594708487867
31122,7,97,-2,0.8118356118217248
31122,8,98,1,0.8949754297739981
31122,9,98,0,0.8519168089403415
31122,10,98,0,0.5421689365288448
31122,11,86,-12,0.8652685602522028
31122,12,84,-2,0.8932702392315026
31122,13,83,-1,0.8781739087952989
31122,14,83,0,1.3676543545013522
31122,15,81,-2,0.8530634870773425
31122,16,84,3,0.8759668526851723
31122,17,84,0,0.7894002926045672
31122,18,86,2,0.8205389580733482
31122,19,83,-3,0.4486876045827627
31122,20,98,15,0.8707926840079445
31122,21,96,-2,1.1619471230864278
31122,22,93,-3,0.6928456460924693
31122,23,95,2,0.9866964046684104
31122,24,91,-4,0.9446654656304985
31122,25,86,-5,0.7926483792385727
31122,26,87,1,0.5067962242929895
31122,27,94,7,1.219929395156964
31122,28,88,-6,0.8872718660667028
31122,29,89,1,1.0186939096693712
31122,30,85,-4,0.5852707360900953
31122,31,87,2,0.5366871745554898
31122,32,69,-18,0.5418841813574227
31122,33,76,7,1.0020813334052174
31122,34,80,4,0.9348716202299653
31122,35,78,-2,0.6474779549437267
31122,36,65,-13,5.468762596333828e-17
31122,37,94,29,0.6441211615809519
31122,38,99,5,0.3174278665564641
31122,39,58,-41,0.34065739846972154
31122,40,77,19,0.9480422519385764
31122,41,77,0,0.8540216035193958
31122,42,77,0,0.8168920357466136
31122,43,75,-2,0.7355644783300851
31122,44,77,2,0.591965586993374
31122,45,66,-11,0.10115796593259727
31122,46,92,26,0.8487919661421629
31122,47,95,3,0.9668499623546118
31122,48,94,-1,0.7379455978478248
31122,49,95,1,0.79139401887879
31122,50,94,-1,0.8357812797560954
31122,51,92,-2,0.4545383997441098
31122,52,98,6,0.955599102234412
31122,53,96,-2,0.6381267522896875
31122,54,99,3,-1.0146594501288326
31122,55,0,-99,0.9742913889274913
31122,56,4,-9,1.0598844609896538
31122,57,3,-11,0.7385912436274404
31122,58,12,-28,1.1771160325209629
31122,59,12,-37,1.1747490939324876
31122,60,11,-35,1.2865383990225971
31122,61,10,-32,-0.36736565330705667
31122,62,72,62,0.8699299582565253
31122,63,73,1,0.42507394571585494
31122,64,89,16,-0.2610219321008982
31122,65,21,-68,0.8239698650096011
31122,66,20,-62,0.5705632564412595
31122,67,21,-63,0.6167011311326565
31122,68,16,-54,0.16714848157868678
31122,69,38,-93,0.6389945131296705
31122,70,47,9,1.0961825315678695
31122,71,48,1,0.7548895250945704
31122,72,49,1,1.1306096622099522
31122,73,48,-1,1.0730304941076378
31122,74,47,-1,0.6434097980147243
31122,75,51,4,0.7493054514635776
31122,76,52,1,0.7339851868970431
31122,77,53,1,0.9142273219168561
31122,78,53,0,1.035432006796393
31122,79,52,-1,1.5463723602486312
31122,80,52,0,1.1338226985943023
31122,81,52,0,0.9534554704189379
31122,82,52,0,0.8875817006264345
31122,83,51,-1,1.1007194128289635
31122,84,50,-1,0.877109182713695
31122,85,50,0,0.9126586810785015
31122,86,52,2,1.0754324647613442
31122,87,51,-1,0.5372935854006988
31122,88,65,14,-0.3059275054044478
31122,89,0,-66,0.7033009160069512
31122,90,0,-1,1.0241433014630363
31122,91,0,-1,0.7836202631248703
31122,92,10,-21,1.0355923053144627
31122,93,6,-23,0.32227764314090873
31122,94,28,-63,1.034374484575181
31122,95,32,-93,0.43453623615216924
31122,96,45,13,-0.1966794470635509
31122,97,0,-46,0.6616363487499394
31122,98,0,-1,0.8888110204450765
31122,99,0,-1,0.9744530343072229
31122,100,0,-1,0.7599736524539673
31122,101,1,-3,1.1896204001188257
31122,102,0,-2,1.0708839170239324
31122,103,0,-1,0.6239374823094888
31122,104,4,-9,1.1913503732444237
31122,105,1,-7,0.6324380264651083
31122,106,5,-12,0.7468781767126992
31122,107,9,-24,0.8295200148198077
31122,108,6,-22,0.7402388378754517
31122,109,7,-21,0.5020556739256085
31122,110,15,-38,0.5268152453741812
31122,111,20,-56,0.8933347527852046
31122,112,20,-61,1.0111559261674752
31122,113,17,-55,0.8414633430918825
31122,114,20,-58,0.6634551861726351
31122,115,25,-71,0.7403667098286312
31122,116,25,-76,0.72573085385781
31122,117,27,-80,0.870467167451299
31122,118,27,-82,1.0473501930295588
31122,119,24,-76,0.6504118051214922
31122,120,29,-83,0.6786033093511357
31122,121,34,-98,1.0152845252413305
31122,122,32,-99,0.9549719254854336
31122,123,30,-93,0.5169593825590065
31122,124,41,11,0.8501430219851258
31122,125,47,6,0.929238814910639
31122,126,46,-1,0.7586289227322365
31122,127,51,5,0.79444723116454
31122,128,54,3,1.055347201931487
31122,129,54,0,1.162621670443676
31122,130,54,0,0.9803166704809171
31122,131,56,2,0.7324149632255276
31122,132,60,4,0.2687046654419799
31122,133,76,16,-0.5222547061790614
31122,134,0,-77,0.5450115444782292
31122,135,6,-13,1.0628056231669787
31122,136,4,-15,0.6328447918536845
31122,137,15,-35,0.8653025413795805
31122,138,16,-48,1.2149029114117043
31122,139,10,-37,0.21467670308466738
31122,140,37,-85,0.91088171635144
31122,141,43,6,0.5797108304394444
31122,142,46,3,0.19568650494744425
31122,143,18,-83,0.7017183954003887
31122,144,17,-53,0.8820694286625669
31122,145,15,-48,0.7535259662212577
31122,146,21,-58,1.0343637336912896
31122,147,21,-64,0.9352698609444052
31122,148,19,-60,0.7164700401220171
31122,149,26,-72,0.7709841406820613
31122,150,26,-79,0.8559153144109336
31122,151,24,-75,0.7618698672701851
31122,152,30,-85,1.1980413635758247
31122,153,30,-91,0.9502833443812837
31122,154,28,-87,0.6530684509610147
31122,155,36,8,1.2366964640282005
31122,156,36,0,1.0088701114998135
31122,157,33,-3,0.49875852362864087
31122,158,47,14,0.898276386908233
31122,159,52,5,0.5212149388806676
31122,160,57,5,-0.01841072971923646
31122,161,4,-66,0.7489155554622755
31122,162,2,-9,0.31869815347761465
31122,163,20,-43,0.7034946113830941
31122,164,30,-81,8.07061555646286e-17
31122,165,64,34,-0.04814671575376525
31122,166,28,-36,0.6783189966503922
31122,167,26,-81,0.7999891721610605
31122,168,24,-75,0.6027636593843262
31122,169,29,-83,0.19241626082973115
31122,170,0,-30,0.6206505559634155
31122,171,8,-17,-0.6649081009898489
31122,172,99,91,0.7139407234633989
31122,173,88,-11,1.0108701155877142
31122,174,85,-3,0.9852233973154387
31122,175,85,0,0.5829724375851586
31122,176,93,8,1.264177108467106
31122,177,91,-2,0.6083710937211104
31122,178,99,8,1.2065200808035954
31122,179,97,-2,0.6119174405793864
31122,180,99,2,0.5186449961456527
31122,181,88,-11,0.9008607693699078
31122,182,84,-4,0.5099045067812737
31122,183,95,11,1.1387855341342341
31122,184,93,-2,0.9903587636480018
31122,185,92,-1,0.657590341974236
31122,186,99,7,0.6573730941818245
31122,187,89,-10,1.1676823275841426
31122,188,85,-4,0.3251908527061011
31122,189,99,14,0.8801249954092454
31122,190,96,-3,1.2500191147156992
31122,191,94,-2,0.8514104369470601
31122,192,94,0,0.6302296799821951
31122,193,98,4,0.9318448549697672
31122,194,93,-5,1.2120893628220937
31122,195,90,-3,0.9009572725097791
31122,196,88,-2,0.8073515333848164
31122,197,90,2,0.7045930077550077
31122,198,80,-10,0.8200854593787352
76416,0,43,-8,-0.2904972716826788
76416,1,96,53,1.2216696349988112
76416,2,93,-3,0.6912542339413943
76416,3,99,6,0.8800869781532937
76416,4,99,0,0.9634205791116142
76416,5,99,0,0.8770935556158217
76416,6,99,0,1.0017594708487867
76416,7,97,-2,0.8118356118217248
76416,8,98,1,0.8949754297739981
76416,9,98,0,0.8519168089403415
76416,10,98,0,0.5421689365288448
76416,11,86,-12,0.8652685602522028
76416,12,84,-2,0.8932702392315026
76416,13,83,-1,0.8781739087952989
76416,14,83,0,1.3676543545013522
76416,15,81,-2,0.8530634870773425
76416,16,84,3,0.8759668526851723
76416,17,84,0,0.7894002926045672
76416,18,86,2,0.8205389580733482
76416,19,83,-3,0.4486876045827627
76416,20,98,15,0.8707926840079445
76416,21,96,-2,1.1619471230864278
76416,22,93,-3,0.6928456460924693
76416,23,95,2,0.9866964046684104
76416,24,91,-4,0.9446654656304985
76416,25,86,-5,0.7926483792385727
76416,26,87,1,0.5067962242929895
76416,27,94,7,1.219929395156964
76416,28,88,-6,0.8872718660667028
76416,29,89,1,1.0186939096693712
76416,30,85,-4,0.5852707360900953
76416,31,87,2,0.5366871745554898
76416,32,69,-18,0.5418841813574227
76416,33,76,7,1.0020813334052174
76416,34,80,4,0.9348716202299653
76416,35,78,-2,0.6474779549437267
76416,36,65,-13,5.468762596333828e-17
76416,37,94,29,0.6441211615809519
76416,38,99,5,0.3174278665564641
76416,39,58,-41,0.34065739846972154
76416,40,77,19,0.9480422519385764
76416,41,77,0,0.8540216035193958
76416,42,77,0,0.8168920357466136
76416,43,75,-2,0.7355644783300851
76416,44,77,2,0.591965586993374
76416,45,66,-11,0.10115796593259727
76416,46,92,26,0.8487919661421629
76416,47,95,3,0.9668499623546118
76416,48,94,-1,0.7379455978478248
76416,49,95,1,0.79139401887879
76416,50,94,-1,0.8357812797560954
76416,51,92,-2,0.4545383997441098
76416,52,98,6,0.955599102234412
76416,53,96,-2,0.6381267522896875
76416,54,99,3,-1.0146594501288326
76416,55,0,-99,0.9742913889274913
76416,56,4,-9,1.0598844609896538
76416,57,3,-11,0.7385912436274404
76416,58,12,-28,1.1771160325209629
76416,59,12,-37,1.1747490939324876
76416,60,11,-35,1.2865383990225971
76416,61,10,-32,-0.36736565330705667
76416,62,72,62,0.8699299582565253
76416,63,73,1,0.42507394571585494
76416,64,89,16,-0.2610219321008982
76416,65,21,-68,0.8239698650096011
76416,66,20,-62,0.5705632564412595
76416,67,21,-63,0.6167011311326565
76416,68,16,-54,0.16714848157868678
76416,69,38,-93,0.6389945131296705
76416,70,47,9,1.0961825315678695
76416,71,48,1,0.7548895250945704
76416,72,49,1,1.1306096622099522
76416,73,48,-1,1.0730304941076378
76416,74,47,-1,0.6434097980147243
76416,75,51,4,0.7493054514635776
76416,76,52,1,0.7339851868970431
76416,77,53,1,0.9142273219168561
76416,78,53,0,1.035432006796393
76416,79,52,-1,1.5463723602486312
76416,80,52,0,1.1338226985943023
76416,81,52,0,0.9534554704189379
76416,82,52,0,0.8875817006264345
76416,83,51,-1,1.1007194128289635
76416,84,50,-1,0.877109182713695
76416,85,50,0,0.9126586810785015
76416,86,52,2,1.0754324647613442
76416,87,51,-1,0.5372935854006988
76416,88,65,14,-0.3059275054044478
76416,89,0,-66,0.7033009160069512
76416,90,0,-1,1.0241433014630363
76416,91,0,-1,0.7836202631248703
76416,92,10,-21,1.0355923053144627
76416,93,6,-23,0.32227764314090873
76416,94,28,-63,1.034374484575181
76416,95,32,-93,0.43453623615216924
76416,96,45,13,-0.1966794470635509
76416,97,0,-46,0.6616363487499394
76416,98,0,-1,0.8888110204450765
76416,99,0,-1,0.9744530343072229
76416,100,0,-1,0.7599736524539673
76416,101,1,-3,1.1896204001188257
76416,102,0,-2,1.0708839170239324
76416,103,0,-1,0.6239374823094888
76416,104,4,-9,1.1913503732444237
76416,105,1,-7,0.6324380264651083
76416,106,5,-12,0.7468781767126992
76416,107,9,-24,0.8295200148198077
76416,108,6,-22,0.7402388378754517
76416,109,7,-21,0.5020556739256085
76416,110,15,-38,0.5268152453741812
76416,111,20,-56,0.8933347527852046
76416,112,20,-61,1.0111559261674752
76416,113,17,-55,0.8414633430918825
76416,114,20,-58,0.6634551861726351
76416,115,25,-71,0.7403667098286312
76416,116,25,-76,0.72573085385781
76416,117,27,-80,0.870467167451299
76416,118,27,-82,1.0473501930295588
76416,119,24,-76,0.6504118051214922
76416,120,29,-83,0.6786033093511357
76416,121,34,-98,1.0152845252413305
76416,122,32,-99,0.9549719254854336
76416,123,30,-93,0.5169593825590065
76416,124,41,11,0.8501430219851258
76416,125,47,6,0.929238814910639
76416,126,46,-1,0.7586289227322365
76416,127,51,5,0.79444723116454
76416,128,54,3,1.055347201931487
76416,129,54,0,1.162621670443676
76416,130,54,0,0.9803166704809171
76416,131,56,2,0.7324149632255276
76416,132,60,4,0.2687046654419799
76416,133,76,16,-0.5222547061790614
76416,134,0,-77,0.5450115444782292
76416,135,6,-13,1.0628056231669787
76416,136,4,-15,0.6328447918536845
76416,137,15,-35,0.8653025413795805
76416,138,16,-48,1.2149029114117043
76416,139,10,-37,0.21467670308466738
76416,140,37,-85,0.91088171635144
76416,141,43,6,0.5797108304394444
76416,142,46,3,0.19568650494744425
76416,143,18,-83,0.7017183954003887
76416,144,17,-53,0.8820694286625669
76416,145,15,-48,0.7535259662212577
76416,146,21,-58,1.0343637336912896
76416,147,21,-64,0.9352698609444052
76416,148,19,-60,0.7164700401220171
76416,149,26,-72,0.7709841406820613
76416,150,26,-79,0.8559153144109336
76416,151,24,-75,0.7618698672701851
76416,152,30,-85,1.1980413635758247
76416,153,30,-91,0.9502833443812837
76416,154,28,-87,0.6530684509610147
76416,155,36,8,1.2366964640282005
76416,156,36,0,1.0088701114998135
76416,157,33,-3,0.49875852362864087
76416,158,47,14,0.898276386908233
76416,159,52,5,0.5212149388806676
76416,160,57,5,-0.01841072971923646
76416,161,4,-66,0.7489155554622755
76416,162,2,-9,0.31869815347761465
76416,163,20,-43,0.7034946113830941
76416,164,30,-81,8.07061555646286e-17
76416,165,64,34,-0.04814671575376525
76416,166,28,-36,0.6783189966503922
76416,167,26,-81,0.7999891721610605
76416,168,24,-75,0.6027636593843262
76416,169,29,-83,0.19241626082973115
76416,170,0,-30,0.6206505559634155
76416,171,8,-17,-0.6649081009898489
76416,172,99,91,0.7139407234633989
76416,173,88,-11,1.0108701155877142
76416,174,85,-3,0.9852233973154387
76416,175,85,0,0.5829724375851586
76416,176,93,8,1.264177108467106
76416,177,91,-2,0.6083710937211104
76416,178,99,8,1.2065200808035954
76416,179,97,-2,0.6119174405793864
76416,180,99,2,0.5186449961456527
76416,181,88,-11,0.9008607693699078
76416,182,84,-4,0.5099045067812737
76416,183,95,11,1.1387855341342341
76416,184,93,-2,0.9903587636480018
76416,185,92,-1,0.657590341974236
76416,186,99,7,0.6573730941818245
76416,187,89,-10,1.1676823275841426
76416,188,85,-4,0.3251908527061011
76416,189,99,14,0.8801249954092454
76416,190,96,-3,1.2500191147156992
76416,191,94,-2,0.8514104369470601
76416,192,94,0,0.6302296799821951
76416,193,98,4,0.9318448549697672
76416,194,93,-5,1.2120893628220937
76416,195,90,-3,0.9009572725097791
76416,196,88,-2,0.8073515333848164
76416,197,90,2,0.7045930077550077
76416,198,80,-10,0.8200854593787352
73182,0,43,-8,-0.2904972716826788
73182,1,96,53,1.2216696349988112
73182,2,93,-3,0.6912542339413943
73182,3,99,6,0.8800869781532937
73182,4,99,0,0.9634205791116142
73182,5,99,0,0.8770935556158217
73182,6,99,0,1.0017594708487867
73182,7,97,-2,0.8118356118217248
73182,8,98,1,0.8949754297739981
73182,9,98,0,0.8519168089403415
73182,10,98,0,0.5421689365288448
73182,11,86,-12,0.8652685602522028
73182,12,84,-2,0.8932702392315026
73182,13,83,-1,0.8781739087952989
73182,14,83,0,1.3676543545013522
73182,15,81,-2,0.8530634870773425
73182,16,84,3,0.8759668526851723
73182,17,84,0,0.7894002926045672
73182,18,86,2,0.8205389580733482
73182,19,83,-3,0.4486876045827627
73182,20,98,15,0.8707926840079445
73182,21,96,-2,1.1619471230864278
73182,22,93,-3,0.6928456460924693
73182,23,95,2,0.9866964046684104
73182,24,91,-4,0.9446654656304985
73182,25,86,-5,0.7926483792385727
73182,26,87,1,0.5067962242929895
73182,27,94,7,1.219929395156964
73182,28,88,-6,0.8872718660667028
73182,29,89,1,1.0186939096693712
73182,30,85,-4,0.5852707360900953
73182,31,87,2,0.5366871745554898
73182,32,69,-18,0.5418841813574227
73182,33,76,7,1.0020813334052174
73182,34,80,4,0.9348716202299653
73182,35,78,-2,0.6474779549437267
73182,36,65,-13,5.468762596333828e-17
73182,37,94,29,0.6441211615809519
73182,38,99,5,0.3174278665564641
73182,39,58,-41,0.34065739846972154
73182,40,77,19,0.9480422519385764
73182,41,77,0,0.8540216035193958
73182,42,77,0,0.8168920357466136
73182,43,75,-2,0.7355644783300851
73182,44,77,2,0.591965586993374
73182,45,66,-11,0.10115796593259727
73182,46,92,26,0.8487919661421629
73182,47,95,3,0.9668499623546118
73182,48,94,-1,0.7379455978478248
73182,49,95,1,0.79139401887879
73182,50,94,-1,0.8357812797560954
73182,51,92,-2,0.4545383997441098
73182,52,98,6,0.955599102234412
73182,53,96,-2,0.6381267522896875
73182,54,99,3,-1.0146594501288326
73182,55,0,-99,0.9742913889274913
73182,56,4,-9,1.0598844609896538
73182,57,3,-11,0.7385912436274404
73182,58,12,-28,1.1771160325209629
73182,59,12,-37,1.1747490939324876
73182,60,11,-35,1.2865383990225971
73182,61,10,-32,-0.36736565330705667
73182,62,72,62,0.8699299582565253
73182,63,73,1,0.42507394571585494
73182,64,89,16,-0.2610219321008982
73182,65,21,-68,0.8239698650096011
73182,66,20,-62,0.5705632564412595
73182,67,21,-63,0.6167011311326565
73182,68,16,-54,0.16714848157868678
73182,69,38,-93,0.6389945131296705
73182,70,47,9,1.0961825315678695
73182,71,48,1,0.7548895250945704
73182,72,49,1,1.1306096622099522
73182,73,48,-1,1.0730304941076378
73182,74,47,-1,0.6434097980147243
73182,75,51,4,0.7493054514635776
73182,76,52,1,0.7339851868970431
73182,77,53,1,0.9142273219168561
73182,78,53,0,1.035432006796393
73182,79,52,-1,1.5463723602486312
73182,80,52,0,1.1338226985943023
73182,81,52,0,0.9534554704189379
73182,82,52,0,0.8875817006264345
73182,83,51,-1,1.1007194128289635
73182,84,50,-1,0.877109182713695
73182,85,50,0,0.9126586810785015
73182,86,52,2,1.0754324647613442
73182,87,51,-1,0.5372935854006988
73182,88,65,14,-0.3059275054044478
73182,89,0,-66,0.7033009160069512
73182,90,0,-1,1.0241433014630363
73182,91,0,-1,0.7836202631248703
73182,92,10,-21,1.0355923053144627
73182,93,6,-23,0.32227764314090873
73182,94,28,-63,1.034374484575181
73182,95,32,-93,0.43453623615216924
73182,96,45,13,-0.1966794470635509
73182,97,0,-46,0.6616363487499394
73182,98,0,-1,0.8888110204450765
73182,99,0,-1,0.9744530343072229
73182,100,0,-1,0.7599736524539673
73182,101,1,-3,1.1896204001188257
73182,102,0,-2,1.0708839170239324
73182,103,0,-1,0.6239374823094888
73182,104,4,-9,1.1913503732444237
73182,105,1,-7,0.6324380264651083
73182,106,5,-12,0.7468781767126992
73182,107,9,-24,0.8295200148198077
73182,108,6,-22,0.7402388378754517
73182,109,7,-21,0.5020556739256085
73182,110,15,-38,0.5268152453741812
73182,111,20,-56,0.8933347527852046
73182,112,20,-61,1.0111559261674752
73182,113,17,-55,0.8414633430918825
73182,114,20,-58,0.6634551861726351
73182,115,25,-71,0.7403667098286312
73182,116,25,-76,0.72573085385781
73182,117,27,-80,0.870467167451299
73182,118,27,-82,1.0473501930295588
73182,119,24,-76,0.6504118051214922
73182,120,29,-83,0.6786033093511357
73182,121,34,-98,1.0152845252413305
73182,122,32,-99,0.9549719254854336
73182,123,30,-93,0.5169593825590065
73182,124,41,11,0.8501430219851258
73182,125,47,6,0.929238814910639
73182,126,46,-1,0.7586289227322365
73182,127,51,5,0.79444723116454
73182,128,54,3,1.055347201931487
73182,129,54,0,1.162621670443676
73182,130,54,0,0.9803166704809171
73182,131,56,2,0.7324149632255276
73182,132,60,4,0.2687046654419799
73182,133,76,16,-0.5222547061790614
73182,134,0,-77,0.5450115444782292
73182,135,6,-13,1.0628056231669787
73182,136,4,-15,0.6328447918536845
73182,137,15,-35,0.8653025413795805
73182,138,16,-48,1.2149029114117043
73182,139,10,-37,0.21467670308466738
73182,140,37,-85,0.91088171635144
73182,141,43,6,0.5797108304394444
73182,142,46,3,0.19568650494744425
73182,143,18,-83,0.7017183954003887
73182,144,17,-53,0.8820694286625669
73182,145,15,-48,0.7535259662212577
73182,146,21,-58,1.0343637336912896
73182,147,21,-64,0.9352698609444052
73182,148,19,-60,0.7164700401220171
73182,149,26,-72,0.7709841406820613
73182,150,26,-79,0.8559153144109336
73182,151,24,-75,0.7618698672701851
73182,152,30,-85,1.1980413635758247
73182,153,30,-91,0.9502833443812837
73182,154,28,-87,0.6530684509610147
73182,155,36,8,1.2366964640282005
73182,156,36,0,1.0088701114998135
73182,157,33,-3,0.49875852362864087
73182,158,47,14,0.898276386908233
73182,159,52,5,0.5212149388806676
73182,160,57,5,-0.01841072971923646
73182,161,4,-66,0.7489155554622755
73182,162,2,-9,0.31869815347761465
73182,163,20,-43,0.7034946113830941
73182,164,30,-81,8.07061555646286e-17
73182,165,64,34,-0.04814671575376525
73182,166,28,-36,0.6783189966503922
73182,167,26,-81,0.7999891721610605
73182,168,24,-75,0.6027636593843262
73182,169,29,-83,0.19241626082973115
73182,170,0,-30,0.6206505559634155
73182,171,8,-17,-0.6649081009898489
73182,172,99,91,0.7139407234633989
73182,173,88,-11,1.0108701155877142
73182,174,85,-3,0.9852233973154387
73182,175,85,0,0.5829724375851586
73182,176,93,8,1.264177108467106
73182,177,91,-2,0.6083710937211104
73182,178,99,8,1.2065200808035954
73182,179,97,-2,0.6119174405793864
73182,180,99,2,0.5186449961456527
73182,181,88,-11,0.9008607693699078
73182,182,84,-4,0.5099045067812737
73182,183,95,11,1.1387855341342341
73182,184,93,-2,0.9903587636480018
73182,185,92,-1,0.657590341974236
73182,186,99,7,0.6573730941818245
73182,187,89,-10,1.1676823275841426
73182,188,85,-4,0.3251908527061011
73182,189,99,14,0.8801249954092454
73182,190,96,-3,1.2500191147156992
73182,191,94,-2,0.8514104369470601
73182,192,94,0,0.6302296799821951
73182,193,98,4,0.9318448549697672
73182,194,93,-5,1.2120893628220937
73182,195,90,-3,0.9009572725097791
73182,196,88,-2,0.8073515333848164
73182,197,90,2,0.7045930077550077
73182,198,80,-10,0.8200854593787352
96462,0,43,-8,-0.2904972716826788
96462,1,96,53,1.2216696349988112
96462,2,93,-3,0.6912542339413943
96462,3,99,6,0.8800869781532937
96462,4,99,0,0.9634205791116142
96462,5,99,0,0.8770935556158217
96462,6,99,0,1.0017594708487867
96462,7,97,-2,0.8118356118217248
96462,8,98,1,0.8949754297739981
96462,9,98,0,0.8519168089403415
96462,10,98,0,0.5421689365288448
96462,11,86,-12,0.8652685602522028
96462,12,84,-2,0.8932702392315026
96462,13,83,-1,0.8781739087952989
96462,14,83,0,1.3676543545013522
96462,15,81,-2,0.8530634870773425
96462,16,84,3,0.8759668526851723
96462,17,84,0,0.7894002926045672
96462,18,86,2,0.8205389580733482
96462,19,83,-3,0.4486876045827627
96462,20,98,15,0.8707926840079445
96462,21,96,-2,1.1619471230864278
96462,22,93,-3,0.6928456460924693
96462,23,95,2,0.9866964046684104
96462,24,91,-4,0.9446654656304985
96462,25,86,-5,0.7926483792385727
96462,26,87,1,0.5067962242929895
96462,27,94,7,1.219929395156964
96462,28,88,-6,0.8872718660667028
96462,29,89,1,1.0186939096693712
96462,30,85,-4,0.5852707360900953
96462,31,87,2,0.5366871745554898
96462,32,69,-18,0.5418841813574227
96462,33,76,7,1.0020813334052174
96462,34,80,4,0.9348716202299653
96462,35,78,-2,0.6474779549437267
96462,36,65,-13,5.468762596333828e-17
96462,37,94,29,0.6441211615809519
96462,38,99,5,0.3174278665564641
96462,39,58,-41,0.34065739846972154
96462,40,77,19,0.9480422519385764
96462,41,77,0,0.8540216035193958
96462,42,77,0,0.8168920357466136
96462,43,75,-2,0.7355644783300851
96462,44,77,2,0.591965586993374
96462,45,66,-11,0.10115796593259727
96462,46,92,26,0.8487919661421629
96462,47,95,3,0.9668499623546118
96462,48,94,-1,0.7379455978478248
96462,49,95,1,0.79139401887879
96462,50,94,-1,0.8357812797560954
96462,51,92,-2,0.4545383997441098
96462,52,98,6,0.955599102234412
96462,53,96,-2,0.6381267522896875
96462,54,99,3,-1.0146594501288326
96462,55,0,-99,0.9742913889274913
96462,56,4,-9,1.0598844609896538
96462,57,3,-11,0.7385912436274404
96462,58,12,-28,1.1771160325209629
96462,59,12,-37,1.1747490939324876
96462,60,11,-35,1.2865383990225971
96462,61,10,-32,-0.36736565330705667
96462,62,72,62,0.8699299582565253
96462,63,73,1,0.42507394571585494
96462,64,89,16,-0.2610219321008982
96462,65,21,-68,0.8239698650096011
96462,66,20,-62,0.5705632564412595
96462,67,21,-63,0.6167011311326565
96462,68,16,-54,0.16714848157868678
96462,69,38,-93,0.6389945131296705
96462,70,47,9,1.0961825315678695
96462,71,48,1,0.7548895250945704
96462,72,49,1,1.1306096622099522
96462,73,48,-1,1.0730304941076378
96462,74,47,-1,0.6434097980147243
96462,75,51,4,0.7493054514635776
96462,76,52,1,0.7339851868970431
96462,77,53,1,0.9142273219168561
96462,78,53,0,1.035432006796393
96462,79,52,-1,1.5463723602486312
96462,80,52,0,1.1338226985943023
96462,81,52,0,0.9534554704189379
96462,82,52,0,0.8875817006264345
96462,83,51,-1,1.1007194128289635
96462,84,50,-1,0.877109182713695
96462,85,50,0,0.9126586810785015
96462,86,52,2,1.0754324647613442
96462,87,51,-1,0.5372935854006988
96462,88,65,14,-0.3059275054044478
96462,89,0,-66,0.7033009160069512
96462,90,0,-1,1.0241433014630363
96462,91,0,-1,0.7836202631248703
96462,92,10,-21,1.0355923053144627
96462,93,6,-23,0.32227764314090873
96462,94,28,-63,1.034374484575181
96462,95,32,-93,0.43453623615216924
96462,96,45,13,-0.1966794470635509
96462,97,0,-46,0.6616363487499394
96462,98,0,-1,0.8888110204450765
96462,99,0,-1,0.9744530343072229
96462,100,0,-1,0.7599736524539673
96462,101,1,-3,1.1896204001188257
96462,102,0,-2,1.0708839170239324
96462,103,0,-1,0.6239374823094888
96462,104,4,-9,1.1913503732444237
96462,105,1,-7,0.6324380264651083
96462,106,5,-12,0.7468781767126992
96462,107,9,-24,0.8295200148198077
96462,108,6,-22,0.7402388378754517
96462,109,7,-21,0.5020556739256085
96462,110,15,-38,0.5268152453741812
96462,111,20,-56,0.8933347527852046
96462,112,20,-61,1.0111559261674752
96462,113,17,-55,0.8414633430918825
96462,114,20,-58,0.6634551861726351
96462,115,25,-71,0.7403667098286312
96462,116,25,-76,0.72573085385781
96462,117,27,-80,0.870467167451299
96462,118,27,-82,1.0473501930295588
96462,119,24,-76,0.6504118051214922
96462,120,29,-83,0.6786033093511357
96462,121,34,-98,1.0152845252413305
96462,122,32,-99,0.9549719254854336
96462,123,30,-93,0.5169593825590065
96462,124,41,11,0.8501430219851258
96462,125,47,6,0.929238814910639
96462,126,46,-1,0.7586289227322365
96462,127,51,5,0.79444723116454
96462,128,54,3,1.055347201931487
96462,129,54,0,1.162621670443676
96462,130,54,0,0.9803166704809171
96462,131,56,2,0.7324149632255276
96462,132,60,4,0.2687046654419799
96462,133,76,16,-0.5222547061790614
96462,134,0,-77,0.5450115444782292
96462,135,6,-13,1.0628056231669787
96462,136,4,-15,0.6328447918536845
96462,137,15,-35,0.8653025413795805
96462,138,16,-48,1.2149029114117043
96462,139,10,-37,0.21467670308466738
96462,140,37,-85,0.91088171635144
96462,141,43,6,0.5797108304394444
96462,142,46,3,0.19568650494744425
96462,143,18,-83,0.7017183954003887
96462,144,17,-53,0.8820694286625669
96462,145,15,-48,0.7535259662212577
96462,146,21,-58,1.0343637336912896
96462,147,21,-64,0.9352698609444052
96462,148,19,-60,0.7164700401220171
96462,149,26,-72,0.7709841406820613
96462,150,26,-79,0.8559153144109336
96462,151,24,-75,0.7618698672701851
96462,152,30,-85,1.1980413635758247
96462,153,30,-91,0.9502833443812837
96462,154,28,-87,0.6530684509610147
96462,155,36,8,1.2366964640282005
96462,156,36,0,1.0088701114998135
96462,157,33,-3,0.49875852362864087
96462,158,47,14,0.898276386908233
96462,159,52,5,0.5212149388806676
96462,160,57,5,-0.01841072971923646
96462,161,4,-66,0.7489155554622755
96462,162,2,-9,0.31869815347761465
96462,163,20,-43,0.7034946113830941
96462,164,30,-81,8.07061555646286e-17
96462,165,64,34,-0.04814671575376525
96462,166,28,-36,0.6783189966503922
96462,167,26,-81,0.7999891721610605
96462,168,24,-75,0.6027636593843262
96462,169,29,-83,0.19241626082973115
96462,170,0,-30,0.6206505559634155
96462,171,8,-17,-0.6649081009898489
96462,172,99,91,0.7139407234633989
96462,173,88,-11,1.0108701155877142
96462,174,85,-3,0.9852233973154387
96462,175,85,0,0.5829724375851586
96462,176,93,8,1.264177108467106
96462,177,91,-2,0.6083710937211104
96462,178,99,8,1.2065200808035954
96462,179,97,-2,0.6119174405793864
96462,180,99,2,0.5186449961456527
96462,181,88,-11,0.9008607693699078
96462,182,84,-4,0.5099045067812737
96462,183,95,11,1.1387855341342341
96462,184,93,-2,0.9903587636480018
96462,185,92,-1,0.657590341974236
96462,186,99,7,0.6573730941818245
96462,187,89,-10,1.1676823275841426
96462,188,85,-4,0.3251908527061011
96462,189,99,14,0.8801249954092454
96462,190,96,-3,1.2500191147156992
96462,191,94,-2,0.8514104369470601
96462,192,94,0,0.6302296799821951
96462,193,98,4,0.9318448549697672
96462,194,93,-5,1.2120893628220937
96462,195,90,-3,0.9009572725097791
96462,196,88,-2,0.8073515333848164
96462,197,90,2,0.7045930077550077
96462,198,80,-10,0.8200854593787352
87268,0,43,-8,-0.2904972716826788
87268,1,96,53,1.2216696349988112
87268,2,93,-3,0.6912542339413943
87268,3,99,6,0.8800869781532937
87268,4,99,0,0.9634205791116142
87268,5,99,0,0.8770935556158217
87268,6,99,0,1.0017594708487867
87268,7,97,-2,0.8118356118217248
87268,8,98,1,0.8949754297739981
87268,9,98,0,0.8519168089403415
87268,10,98,0,0.5421689365288448
87268,11,86,-12,0.8652685602522028
87268,12,84,-2,0.8932702392315026
87268,13,83,-1,0.8781739087952989
87268,14,83,0,1.3676543545013522
87268,15,81,-2,0.8530634870773425
87268,16,84,3,0.8759668526851723
87268,17,84,0,0.7894002926045672
87268,18,86,2,0.8205389580733482
87268,19,83,-3,0.4486876045827627
87268,20,98,15,0.8707926840079445
87268,21,96,-2,1.1619471230864278
87268,22,93,-3,0.6928456460924693
87268,23,95,2,0.9866964046684104
87268,24,91,-4,0.9446654656304985
87268,25,86,-5,0.7926483792385727
87268,26,87,1,0.5067962242929895
87268,27,94,7,1.219929395156964
87268,28,88,-6,0.8872718660667028
87268,29,89,1,1.0186939096693712
87268,30,85,-4,0.5852707360900953
87268,31,87,2,0.5366871745554898
87268,32,69,-18,0.5418841813574227
87268,33,76,7,1.0020813334052174
87268,34,80,4,0.9348716202299653
87268,35,78,-2,0.6474779549437267
87268,36,65,-13,5.468762596333828e-17
87268,37,94,29,0.6441211615809519
87268,38,99,5,0.3174278665564641
87268,39,58,-41,0.34065739846972154
87268,40,77,19,0.9480422519385764
87268,41,77,0,0.8540216035193958
87268,42,77,0,0.8168920357466136
87268,43,75,-2,0.7355644783300851
87268,44,77,2,0.591965586993374
87268,45,66,-11,0.10115796593259727
87268,46,92,26,0.8487919661421629
87268,47,95,3,0.9668499623546118
87268,48,94,-1,0.7379455978478248
87268,49,95,1,0.79139401887879
87268,50,94,-1,0.8357812797560954
87268,51,92,-2,0.4545383997441098
87268,52,98,6,0.955599102234412
87268,53,96,-2,0.6381267522896875
87268,54,99,3,-1.0146594501288326
87268,55,0,-99,0.9742913889274913
87268,56,4,-9,1.0598844609896538
87268,57,3,-11,0.7385912436274404
87268,58,12,-28,1.1771160325209629
87268,59,12,-37,1.1747490939324876
87268,60,11,-35,1.2865383990225971
87268,61,10,-32,-0.36736565330705667
87268,62,72,62,0.8699299582565253
87268,63,73,1,0.42507394571585494
87268,64,89,16,-0.2610219321008982
87268,65,21,-68,0.8239698650096011
87268,66,20,-62,0.5705632564412595
87268,67,21,-63,0.6167011311326565
87268,68,16,-54,0.16714848157868678
87268,69,38,-93,0.6389945131296705
87268,70,47,9,1.0961825315678695
87268,71,48,1,0.7548895250945704
87268,72,49,1,1.1306096622099522
87268,73,48,-1,1.0730304941076378
87268,74,47,-1,0.6434097980147243
87268,75,51,4,0.7493054514635776
87268,76,52,1,0.7339851868970431
87268,77,53,1,0.9142273219168561
87268,78,53,0,1.035432006796393
87268,79,52,-1,1.5463723602486312
87268,80,52,0,1.1338226985943023
87268,81,52,0,0.9534554704189379
87268,82,52,0,0.8875817006264345
87268,83,51,-1,1.1007194128289635
87268,84,50,-1,0.877109182713695
87268,85,50,0,0.9126586810785015
87268,86,52,2,1.0754324647613442
87268,87,51,-1,0.5372935854006988
87268,88,65,14,-0.3059275054044478
87268,89,0,-66,0.7033009160069512
87268,90,0,-1,1.0241433014630363
87268,91,0,-1,0.7836202631248703
87268,92,10,-21,1.0355923053144627
87268,93,6,-23,0.32227764314090873
87268,94,28,-63,1.034374484575181
87268,95,32,-93,0.43453623615216924
87268,96,45,13,-0.1966794470635509
87268,97,0,-46,0.6616363487499394
87268,98,0,-1,0.8888110204450765
87268,99,0,-1,0.9744530343072229
87268,100,0,-1,0.7599736524539673
87268,101,1,-3,1.1896204001188257
87268,102,0,-2,1.0708839170239324
87268,103,0,-1,0.6239374823094888
87268,104,4,-9,1.1913503732444237
87268,105,1,-7,0.6324380264651083
87268,106,5,-12,0.7468781767126992
87268,107,9,-24,0.8295200148198077
87268,108,6,-22,0.7402388378754517
87268,109,7,-21,0.5020556739256085
87268,110,15,-38,0.5268152453741812
87268,111,20,-56,0.8933347527852046
87268,112,20,-61,1.0111559261674752
87268,113,17,-55,0.8414633430918825
87268,114,20,-58,0.6634551861726351
87268,115,25,-71,0.7403667098286312
87268,116,25,-76,0.72573085385781
87268,117,27,-80,0.870467167451299
87268,118,27,-82,1.0473501930295588
87268,119,24,-76,0.6504118051214922
87268,120,29,-83,0.6786033093511357
87268,121,34,-98,1.0152845252413305
87268,122,32,-99,0.9549719254854336
87268,123,30,-93,0.5169593825590065
87268,124,41,11,0.8501430219851258
87268,125,47,6,0.929238814910639
87268,126,46,-1,0.7586289227322365
87268,127,51,5,0.79444723116454
87268,128,54,3,1.055347201931487
87268,129,54,0,1.162621670443676
87268,130,54,0,0.9803166704809171
87268,131,56,2,0.7324149632255276
87268,132,60,4,0.2687046654419799
87268,133,76,16,-0.5222547061790614
87268,134,0,-77,0.5450115444782292
87268,135,6,-13,1.0628056231669787
87268,136,4,-15,0.6328447918536845
87268,137,15,-35,0.8653025413795805
87268,138,16,-48,1.2149029114117043
87268,139,10,-37,0.21467670308466738
87268,140,37,-85,0.91088171635144
87268,141,43,6,0.5797108304394444
87268,142,46,3,0.19568650494744425
87268,143,18,-83,0.7017183954003887
87268,144,17,-53,0.8820694286625669
87268,145,15,-48,0.7535259662212577
87268,146,21,-58,1.0343637336912896
87268,147,21,-64,0.9352698609444052
87268,148,19,-60,0.7164700401220171
87268,149,26,-72,0.7709841406820613
87268,150,26,-79,0.8559153144109336
87268,151,24,-75,0.7618698672701851
87268,152,30,-85,1.1980413635758247
87268,153,30,-91,0.9502833443812837
87268,154,28,-87,0.6530684509610147
87268,155,36,8,1.2366964640282005
87268,156,36,0,1.0088701114998135
87268,157,33,-3,0.49875852362864087
87268,158,47,14,0.898276386908233
87268,159,52,5,0.5212149388806676
87268,160,57,5,-0.01841072971923646
87268,161,4,-66,0.7489155554622755
87268,162,2,-9,0.31869815347761465
87268,163,20,-43,0.7034946113830941
87268,164,30,-81,8.07061555646286e-17
87268,165,64,34,-0.04814671575376525
87268,166,28,-36,0.6783189966503922
87268,167,26,-81,0.7999891721610605
87268,168,24,-75,0.6027636593843262
87268,169,29,-83,0.19241626082973115
87268,170,0,-30,0.6206505559634155
87268,171,8,-17,-0.6649081009898489
87268,172,99,91,0.7139407234633989
87268,173,88,-11,1.0108701155877142
87268,174,85,-3,0.9852233973154387
87268,175,85,0,0.5829724375851586
87268,176,93,8,1.264177108467106
87268,177,91,-2,0.6083710937211104
87268,178,99,8,1.2065200808035954
87268,179,97,-2,0.6119174405793864
87268,180,99,2,0.5186449961456527
87268,181,88,-11,0.9008607693699078
87268,182,84,-4,0.5099045067812737
87268,183,95,11,1.1387855341342341
87268,184,93,-2,0.9903587636480018
87268,185,92,-1,0.657590341974236
87268,186,99,7,0.6573730941818245
87268,187,89,-10,1.1676823275841426
87268,188,85,-4,0.3251908527061011
87268,189,99,14,0.8801249954092454
87268,190,96,-3,1.2500191147156992
87268,191,94,-2,0.8514104369470601
87268,192,94,0,0.6302296799821951
87268,193,98,4,0.9318448549697672
87268,194,93,-5,1.2120893628220937
87268,195,90,-3,0.9009572725097791
87268,196,88,-2,0.8073515333848164
87268,197,90,2,0.7045930077550077
87268,198,80,-10,0.8200854593787352
36356,0,43,-8,-0.2904972716826788
36356,1,96,53,1.2216696349988112
36356,2,93,-3,0.6912542339413943
36356,3,99,6,0.8800869781532937
36356,4,99,0,0.9634205791116142
36356,5,99,0,0.8770935556158217
36356,6,99,0,1.0017594708487867
36356,7,97,-2,0.8118356118217248
36356,8,98,1,0.8949754297739981
36356,9,98,0,0.8519168089403415
36356,10,98,0,0.5421689365288448
36356,11,86,-12,0.8652685602522028
36356,12,84,-2,0.8932702392315026
36356,13,83,-1,0.8781739087952989
36356,14,83,0,1.3676543545013522
36356,15,81,-2,0.8530634870773425
36356,16,84,3,0.8759668526851723
36356,17,84,0,0.7894002926045672
36356,18,86,2,0.8205389580733482
36356,19,83,-3,0.4486876045827627
36356,20,98,15,0.8707926840079445
36356,21,96,-2,1.1619471230864278
36356,22,93,-3,0.6928456460924693
36356,23,95,2,0.9866964046684104
36356,24,91,-4,0.9446654656304985
36356,25,86,-5,0.7926483792385727
36356,26,87,1,0.5067962242929895
36356,27,94,7,1.219929395156964
36356,28,88,-6,0.8872718660667028
36356,29,89,1,1.0186939096693712
36356,30,85,-4,0.5852707360900953
36356,31,87,2,0.5366871745554898
36356,32,69,-18,0.5418841813574227
36356,33,76,7,1.0020813334052174
36356,34,80,4,0.9348716202299653
36356,35,78,-2,0.6474779549437267
36356,36,65,-13,5.468762596333828e-17
36356,37,94,29,0.6441211615809519
36356,38,99,5,0.3174278665564641
36356,39,58,-41,0.34065739846972154
36356,40,77,19,0.9480422519385764
36356,41,77,0,0.8540216035193958
36356,42,77,0,0.8168920357466136
36356,43,75,-2,0.7355644783300851
36356,44,77,2,0.591965586993374
36356,45,66,-11,0.10115796593259727
36356,46,92,26,0.8487919661421629
36356,47,95,3,0.9668499623546118
36356,48,94,-1,0.7379455978478248
36356,49,95,1,0.79139401887879
36356,50,94,-1,0.8357812797560954
36356,51,92,-2,0.4545383997441098
36356,52,98,6,0.955599102234412
36356,53,96,-2,0.6381267522896875
36356,54,99,3,-1.0146594501288326
36356,55,0,-99,0.9742913889274913
36356,56,4,-9,1.0598844609896538
36356,57,3,-11,0.7385912436274404
36356,58,12,-28,1.1771160325209629
36356,59,12,-37,1.1747490939324876
36356,60,11,-35,1.2865383990225971
36356,61,10,-32,-0.36736565330705667
36356,62,72,62,0.8699299582565253
36356,63,73,1,0.42507394571585494
36356,64,89,16,-0.2610219321008982
36356,65,21,-68,0.8239698650096011
36356,66,20,-62,0.5705632564412595
36356,67,21,-63,0.6167011311326565
36356,68,16,-54,0.16714848157868678
36356,69,38,-93,0.6389945131296705
36356,70,47,9,1.0961825315678695
36356,71,48,1,0.7548895250945704
36356,72,49,1,1.1306096622099522
36356,73,48,-1,1.0730304941076378
36356,74,47,-1,0.6434097980147243
36356,75,51,4,0.7493054514635776
36356,76,52,1,0.7339851868970431
36356,77,53,1,0.9142273219168561
36356,78,53,0,1.035432006796393
36356,79,52,-1,1.5463723602486312
36356,80,52,0,1.1338226985943023
36356,81,52,0,0.9534554704189379
36356,82,52,0,0.8875817006264345
36356,83,51,-1,1.1007194128289635
36356,84,50,-1,0.877109182713695
36356,85,50,0,0.9126586810785015
36356,86,52,2,1.0754324647613442
36356,87,51,-1,0.5372935854006988
36356,88,65,14,-0.3059275054044478
36356,89,0,-66,0.7033009160069512
36356,90,0,-1,1.0241433014630363
36356,91,0,-1,0.7836202631248703
36356,92,10,-21,1.0355923053144627
36356,93,6,-23,0.32227764314090873
36356,94,28,-63,1.034374484575181
36356,95,32,-93,0.43453623615216924
36356,96,45,13,-0.1966794470635509
36356,97,0,-46,0.6616363487499394
36356,98,0,-1,0.8888110204450765
36356,99,0,-1,0.9744530343072229
36356,100,0,-1,0.7599736524539673
36356,101,1,-3,1.1896204001188257
36356,102,0,-2,1.0708839170239324
36356,103,0,-1,0.6239374823094888
36356,104,4,-9,1.1913503732444237
36356,105,1,-7,0.6324380264651083
36356,106,5,-12,0.7468781767126992
36356,107,9,-24,0.8295200148198077
36356,108,6,-22,0.7402388378754517
36356,109,7,-21,0.5020556739256085
36356,110,15,-38,0.5268152453741812
36356,111,20,-56,0.8933347527852046
36356,112,20,-61,1.0111559261674752
36356,113,17,-55,0.8414633430918825
36356,114,20,-58,0.6634551861726351
36356,115,25,-71,0.7403667098286312
36356,116,25,-76,0.72573085385781
36356,117,27,-80,0.870467167451299
36356,118,27,-82,1.0473501930295588
36356,119,24,-76,0.6504118051214922
36356,120,29,-83,0.6786033093511357
36356,121,34,-98,1.0152845252413305
36356,122,32,-99,0.9549719254854336
36356,123,30,-93,0.5169593825590065
36356,124,41,11,0.8501430219851258
36356,125,47,6,0.929238814910639
36356,126,46,-1,0.7586289227322365
36356,127,51,5,0.79444723116454
36356,128,54,3,1.055347201931487
36356,129,54,0,1.162621670443676
36356,130,54,0,0.9803166704809171
36356,131,56,2,0.7324149632255276
36356,132,60,4,0.2687046654419799
36356,133,76,16,-0.5222547061790614
36356,134,0,-77,0.5450115444782292
36356,135,6,-13,1.0628056231669787
36356,136,4,-15,0.6328447918536845
36356,137,15,-35,0.8653025413795805
36356,138,16,-48,1.2149029114117043
36356,139,10,-37,0.21467670308466738
36356,140,37,-85,0.91088171635144
36356,141,43,6,0.5797108304394444
36356,142,46,3,0.19568650494744425
36356,143,18,-83,0.7017183954003887
36356,144,17,-53,0.8820694286625669
36356,145,15,-48,0.7535259662212577
36356,146,21,-58,1.0343637336912896
36356,147,21,-64,0.9352698609444052
36356,148,19,-60,0.7164700401220171
36356,149,26,-72,0.7709841406820613
36356,150,26,-79,0.8559153144109336
36356,151,24,-75,0.7618698672701851
36356,152,30,-85,1.1980413635758247
36356,153,30,-91,0.9502833443812837
36356,154,28,-87,0.6530684509610147
36356,155,36,8,1.2366964640282005
36356,156,36,0,1.0088701114998135
36356,157,33,-3,0.49875852362864087
36356,158,47,14,0.898276386908233
36356,159,52,5,0.5212149388806676
36356,160,57,5,-0.01841072971923646
36356,161,4,-66,0.7489155554622755
36356,162,2,-9,0.31869815347761465
36356,163,20,-43,0.7034946113830941
36356,164,30,-81,8.07061555646286e-17
36356,165,64,34,-0.04814671575376525
36356,166,28,-36,0.6783189966503922
36356,167,26,-81,0.7999891721610605
36356,168,24,-75,0.6027636593843262
36356,169,29,-83,0.19241626082973115
36356,170,0,-30,0.6206505559634155
36356,171,8,-17,-0.6649081009898489
36356,172,99,91,0.7139407234633989
36356,173,88,-11,1.0108701155877142
36356,174,85,-3,0.9852233973154387
36356,175,85,0,0.5829724375851586
36356,176,93,8,1.264177108467106
36356,177,91,-2,0.6083710937211104
36356,178,99,8,1.2065200808035954
36356,179,97,-2,0.6119174405793864
36356,180,99,2,0.5186449961456527
36356,181,88,-11,0.9008607693699078
36356,182,84,-4,0.5099045067812737
36356,183,95,11,1.1387855341342341
36356,184,93,-2,0.9903587636480018
36356,185,92,-1,0.657590341974236
36356,186,99,7,0.6573730941818245
36356,187,89,-10,1.1676823275841426
36356,188,85,-4,0.3251908527061011
36356,189,99,14,0.8801249954092454
36356,190,96,-3,1.2500191147156992
36356,191,94,-2,0.8514104369470601
36356,192,94,0,0.6302296799821951
36356,193,98,4,0.9318448549697672
36356,194,93,-5,1.2120893628220937
36356,195,90,-3,0.9009572725097791
36356,196,88,-2,0.8073515333848164
36356,197,90,2,0.7045930077550077
36356,198,80,-10,0.8200854593787352
26273,0,43,-8,-0.2904972716826788
26273,1,96,53,1.2216696349988112
26273,2,93,-3,0.6912542339413943
26273,3,99,6,0.8800869781532937
26273,4,99,0,0.9634205791116142
26273,5,99,0,0.8770935556158217
26273,6,99,0,1.0017594708487867
26273,7,97,-2,0.8118356118217248
26273,8,98,1,0.8949754297739981
26273,9,98,0,0.8519168089403415
26273,10,98,0,0.5421689365288448
26273,11,86,-12,0.8652685602522028
26273,12,84,-2,0.8932702392315026
26273,13,83,-1,0.8781739087952989
26273,14,83,0,1.3676543545013522
26273,15,81,-2,0.8530634870773425
26273,16,84,3,0.8759668526851723
26273,17,84,0,0.7894002926045672
26273,18,86,2,0.8205389580733482
26273,19,83,-3,0.4486876045827627
26273,20,98,15,0.8707926840079445
26273,21,96,-2,1.1619471230864278
26273,22,93,-3,0.6928456460924693
26273,23,95,2,0.9866964046684104
26273,24,91,-4,0.9446654656304985
26273,25,86,-5,0.7926483792385727
26273,26,87,1,0.5067962242929895
26273,27,94,7,1.219929395156964
26273,28,88,-6,0.8872718660667028
26273,29,89,1,1.0186939096693712
26273,30,85,-4,0.5852707360900953
26273,31,87,2,0.5366871745554898
26273,32,69,-18,0.5418841813574227
26273,33,76,7,1.0020813334052174
26273,34,80,4,0.9348716202299653
26273,35,78,-2,0.6474779549437267
26273,36,65,-13,5.468762596333828e-17
26273,37,94,29,0.6441211615809519
26273,38,99,5,0.3174278665564641
26273,39,58,-41,0.34065739846972154
26273,40,77,19,0.9480422519385764
26273,41,77,0,0.8540216035193958
26273,42,77,0,0.8168920357466136
26273,43,75,-2,0.7355644783300851
26273,44,77,2,0.591965586993374
26273,45,66,-11,0.10115796593259727
26273,46,92,26,0.8487919661421629
26273,47,95,3,0.9668499623546118
26273,48,94,-1,0.7379455978478248
26273,49,95,1,0.79139401887879
26273,50,94,-1,0.8357812797560954
26273,51,92,-2,0.4545383997441098
26273,52,98,6,0.955599102234412
26273,53,96,-2,0.6381267522896875
26273,54,99,3,-1.0146594501288326
26273,55,0,-99,0.9742913889274913
26273,56,4,-9,1.0598844609896538
26273,57,3,-11,0.7385912436274404
26273,58,12,-28,1.1771160325209629
26273,59,12,-37,1.1747490939324876
26273,60,11,-35,1.2865383990225971
26273,61,10,-32,-0.36736565330705667
26273,62,72,62,0.8699299582565253
26273,63,73,1,0.42507394571585494
26273,64,89,16,-0.2610219321008982
26273,65,21,-68,0.8239698650096011
26273,66,20,-62,0.5705632564412595
26273,67,21,-63,0.6167011311326565
26273,68,16,-54,0.16714848157868678
26273,69,38,-93,0.6389945131296705
26273,70,47,9,1.0961825315678695
26273,71,48,1,0.7548895250945704
26273,72,49,1,1.1306096622099522
26273,73,48,-1,1.0730304941076378
26273,74,47,-1,0.6434097980147243
26273,75,51,4,0.7493054514635776
26273,76,52,1,0.7339851868970431
26273,77,53,1,0.9142273219168561
26273,78,53,0,1.035432006796393
26273,79,52,-1,1.5463723602486312
26273,80,52,0,1.1338226985943023
26273,81,52,0,0.9534554704189379
26273,82,52,0,0.8875817006264345
26273,83,51,-1,1.1007194128289635
26273,84,50,-1,0.877109182713695
26273,85,50,0,0.9126586810785015
26273,86,52,2,1.0754324647613442
26273,87,51,-1,0.5372935854006988
26273,88,65,14,-0.3059275054044478
26273,89,0,-66,0.7033009160069512
26273,90,0,-1,1.0241433014630363
26273,91,0,-1,0.7836202631248703
26273,92,10,-21,1.0355923053144627
26273,93,6,-23,0.32227764314090873
26273,94,28,-63,1.034374484575181
26273,95,32,-93,0.43453623615216924
26273,96,45,13,-0.1966794470635509
26273,97,0,-46,0.6616363487499394
26273,98,0,-1,0.8888110204450765
26273,99,0,-1,0.9744530343072229
26273,100,0,-1,0.7599736524539673
26273,101,1,-3,1.1896204001188257
26273,102,0,-2,1.0708839170239324
26273,103,0,-1,0.6239374823094888
26273,104,4,-9,1.1913503732444237
26273,105,1,-7,0.6324380264651083
26273,106,5,-12,0.7468781767126992
26273,107,9,-24,0.8295200148198077
26273,108,6,-22,0.7402388378754517
26273,109,7,-21,0.5020556739256085
26273,110,15,-38,0.5268152453741812
26273,111,20,-56,0.8933347527852046
26273,112,20,-61,1.0111559261674752
26273,113,17,-55,0.8414633430918825
26273,114,20,-58,0.6634551861726351
26273,115,25,-71,0.7403667098286312
26273,116,25,-76,0.72573085385781
26273,117,27,-80,0.870467167451299
26273,118,27,-82,1.0473501930295588
26273,119,24,-76,0.6504118051214922
26273,120,29,-83,0.6786033093511357
26273,121,34,-98,1.0152845252413305
26273,122,32,-99,0.9549719254854336
26273,123,30,-93,0.5169593825590065
26273,124,41,11,0.8501430219851258
26273,125,47,6,0.929238814910639
26273,126,46,-1,0.7586289227322365
26273,127,51,5,0.79444723116454
26273,128,54,3,1.055347201931487
26273,129,54,0,1.162621670443676
26273,130,54,0,0.9803166704809171
26273,131,56,2,0.7324149632255276
26273,132,60,4,0.2687046654419799
26273,133,76,16,-0.5222547061790614
26273,134,0,-77,0.5450115444782292
26273,135,6,-13,1.0628056231669787
26273,136,4,-15,0.6328447918536845
26273,137,15,-35,0.8653025413795805
26273,138,16,-48,1.2149029114117043
26273,139,10,-37,0.21467670308466738
26273,140,37,-85,0.91088171635144
26273,141,43,6,0.5797108304394444
26273,142,46,3,0.19568650494744425
26273,143,18,-83,0.7017183954003887
26273,144,17,-53,0.8820694286625669
26273,145,15,-48,0.7535259662212577
26273,146,21,-58,1.0343637336912896
26273,147,21,-64,0.9352698609444052
26273,148,19,-60,0.7164700401220171
26273,149,26,-72,0.7709841406820613
26273,150,26,-79,0.8559153144109336
26273,151,24,-75,0.7618698672701851
26273,152,30,-85,1.1980413635758247
26273,153,30,-91,0.9502833443812837
26273,154,28,-87,0.6530684509610147
26273,155,36,8,1.2366964640282005
26273,156,36,0,1.0088701114998135
26273,157,33,-3,0.49875852362864087
26273,158,47,14,0.898276386908233
26273,159,52,5,0.5212149388806676
26273,160,57,5,-0.01841072971923646
26273,161,4,-66,0.7489155554622755
26273,162,2,-9,0.31869815347761465
26273,163,20,-43,0.7034946113830941
26273,164,30,-81,8.07061555646286e-17
26273,165,64,34,-0.04814671575376525
26273,166,28,-36,0.6783189966503922
26273,167,26,-81,0.7999891721610605
26273,168,24,-75,0.6027636593843262
26273,169,29,-83,0.19241626082973115
26273,170,0,-30,0.6206505559634155
26273,171,8,-17,-0.6649081009898489
26273,172,99,91,0.7139407234633989
26273,173,88,-11,1.0108701155877142
26273,174,85,-3,0.9852233973154387
26273,175,85,0,0.5829724375851586
26273,176,93,8,1.264177108467106
26273,177,91,-2,0.6083710937211104
26273,178,99,8,1.2065200808035954
26273,179,97,-2,0.6119174405793864
26273,180,99,2,0.5186449961456527
26273,181,88,-11,0.9008607693699078
26273,182,84,-4,0.5099045067812737
26273,183,95,11,1.1387855341342341
26273,184,93,-2,0.9903587636480018
26273,185,92,-1,0.657590341974236
26273,186,99,7,0.6573730941818245
26273,187,89,-10,1.1676823275841426
26273,188,85,-4,0.3251908527061011
26273,189,99,14,0.8801249954092454
26273,190,96,-3,1.2500191147156992
26273,191,94,-2,0.8514104369470601
26273,192,94,0,0.6302296799821951
26273,193,98,4,0.9318448549697672
26273,194,93,-5,1.2120893628220937
26273,195,90,-3,0.9009572725097791
26273,196,88,-2,0.8073515333848164
26273,197,90,2,0.7045930077550077
26273,198,80,-10,0.8200854593787352
89156,0,43,-8,-0.2904972716826788
89156,1,96,53,1.2216696349988112
89156,2,93,-3,0.6912542339413943
89156,3,99,6,0.8800869781532937
89156,4,99,0,0.9634205791116142
89156,5,99,0,0.8770935556158217
89156,6,99,0,1.0017594708487867
89156,7,97,-2,0.8118356118217248
89156,8,98,1,0.8949754297739981
89156,9,98,0,0.8519168089403415
89156,10,98,0,0.5421689365288448
89156,11,86,-12,0.8652685602522028
89156,12,84,-2,0.8932702392315026
89156,13,83,-1,0.8781739087952989
89156,14,83,0,1.3676543545013522
89156,15,81,-2,0.8530634870773425
89156,16,84,3,0.8759668526851723
89156,17,84,0,0.7894002926045672
89156,18,86,2,0.8205389580733482
89156,19,83,-3,0.4486876045827627
89156,20,98,15,0.8707926840079445
89156,21,96,-2,1.1619471230864278
89156,22,93,-3,0.6928456460924693
89156,23,95,2,0.9866964046684104
89156,24,91,-4,0.9446654656304985
89156,25,86,-5,0.7926483792385727
89156,26,87,1,0.5067962242929895
89156,27,94,7,1.219929395156964
89156,28,88,-6,0.8872718660667028
89156,29,89,1,1.0186939096693712
89156,30,85,-4,0.5852707360900953
89156,31,87,2,0.5366871745554898
89156,32,69,-18,0.5418841813574227
89156,33,76,7,1.0020813334052174
89156,34,80,4,0.9348716202299653
89156,35,78,-2,0.6474779549437267
89156,36,65,-13,5.468762596333828e-17
89156,37,94,29,0.6441211615809519
89156,38,99,5,0.3174278665564641
89156,39,58,-41,0.34065739846972154
89156,40,77,19,0.9480422519385764
89156,41,77,0,0.8540216035193958
89156,42,77,0,0.8168920357466136
89156,43,75,-2,0.7355644783300851
89156,44,77,2,0.591965586993374
89156,45,66,-11,0.10115796593259727
89156,46,92,26,0.8487919661421629
89156,47,95,3,0.9668499623546118
89156,48,94,-1,0.7379455978478248
89156,49,95,1,0.79139401887879
89156,50,94,-1,0.8357812797560954
89156,51,92,-2,0.4545383997441098
89156,52,98,6,0.955599102234412
89156,53,96,-2,0.6381267522896875
89156,54,99,3,-1.0146594501288326
89156,55,0,-99,0.9742913889274913
89156,56,4,-9,1.0598844609896538
89156,57,3,-11,0.7385912436274404
89156,58,12,-28,1.1771160325209629
89156,59,12,-37,1.1747490939324876
89156,60,11,-35,1.2865383990225971
89156,61,10,-32,-0.36736565330705667
89156,62,72,62,0.8699299582565253
89156,63,73,1,0.42507394571585494
89156,64,89,16,-0.2610219321008982
89156,65,21,-68,0.8239698650096011
89156,66,20,-62,0.5705632564412595
89156,67,21,-63,0.6167011311326565
89156,68,16,-54,0.16714848157868678
89156,69,38,-93,0.6389945131296705
89156,70,47,9,1.0961825315678695
89156,71,48,1,0.7548895250945704
89156,72,49,1,1.1306096622099522
89156,73,48,-1,1.0730304941076378
89156,74,47,-1,0.6434097980147243
89156,75,51,4,0.7493054514635776
89156,76,52,1,0.7339851868970431
89156,77,53,1,0.9142273219168561
89156,78,53,0,1.035432006796393
89156,79,52,-1,1.5463723602486312
89156,80,52,0,1.1338226985943023
89156,81,52,0,0.9534554704189379
89156,82,52,0,0.8875817006264345
89156,83,51,-1,1.1007194128289635
89156,84,50,-1,0.877109182713695
89156,85,50,0,0.9126586810785015
89156,86,52,2,1.0754324647613442
89156,87,51,-1,0.5372935854006988
89156,88,65,14,-0.3059275054044478
89156,89,0,-66,0.7033009160069512
89156,90,0,-1,1.0241433014630363
89156,91,0,-1,0.7836202631248703
89156,92,10,-21,1.0355923053144627
89156,93,6,-23,0.32227764314090873
89156,94,28,-63,1.034374484575181
89156,95,32,-93,0.43453623615216924
89156,96,45,13,-0.1966794470635509
89156,97,0,-46,0.6616363487499394
89156,98,0,-1,0.8888110204450765
89156,99,0,-1,0.9744530343072229
89156,100,0,-1,0.7599736524539673
89156,101,1,-3,1.1896204001188257
89156,102,0,-2,1.0708839170239324
89156,103,0,-1,0.6239374823094888
89156,104,4,-9,1.1913503732444237
89156,105,1,-7,0.6324380264651083
89156,106,5,-12,0.7468781767126992
89156,107,9,-24,0.8295200148198077
89156,108,6,-22,0.7402388378754517
89156,109,7,-21,0.5020556739256085
89156,110,15,-38,0.5268152453741812
89156,111,20,-56,0.8933347527852046
89156,112,20,-61,1.0111559261674752
89156,113,17,-55,0.8414633430918825
89156,114,20,-58,0.6634551861726351
89156,115,25,-71,0.7403667098286312
89156,116,25,-76,0.72573085385781
89156,117,27,-80,0.870467167451299
89156,118,27,-82,1.0473501930295588
89156,119,24,-76,0.6504118051214922
89156,120,29,-83,0.6786033093511357
89156,121,34,-98,1.0152845252413305
89156,122,32,-99,0.9549719254854336
89156,123,30,-93,0.5169593825590065
89156,124,41,11,0.8501430219851258
89156,125,47,6,0.929238814910639
89156,126,46,-1,0.7586289227322365
89156,127,51,5,0.79444723116454
89156,128,54,3,1.055347201931487
89156,129,54,0,1.162621670443676
89156,130,54,0,0.9803166704809171
89156,131,56,2,0.7324149632255276
89156,132,60,4,0.2687046654419799
89156,133,76,16,-0.5222547061790614
89156,134,0,-77,0.5450115444782292
89156,135,6,-13,1.0628056231669787
89156,136,4,-15,0.6328447918536845
89156,137,15,-35,0.8653025413795805
89156,138,16,-48,1.2149029114117043
89156,139,10,-37,0.21467670308466738
89156,140,37,-85,0.91088171635144
89156,141,43,6,0.5797108304394444
89156,142,46,3,0.19568650494744425
89156,143,18,-83,0.7017183954003887
89156,144,17,-53,0.8820694286625669
89156,145,15,-48,0.7535259662212577
89156,146,21,-58,1.0343637336912896
89156,147,21,-64,0.9352698609444052
89156,148,19,-60,0.7164700401220171
89156,149,26,-72,0.7709841406820613
89156,150,26,-79,0.8559153144109336
89156,151,24,-75,0.7618698672701851
89156,152,30,-85,1.1980413635758247
89156,153,30,-91,0.9502833443812837
89156,154,28,-87,0.6530684509610147
89156,155,36,8,1.2366964640282005
89156,156,36,0,1.0088701114998135
89156,157,33,-3,0.49875852362864087
89156,158,47,14,0.898276386908233
89156,159,52,5,0.5212149388806676
89156,160,57,5,-0.01841072971923646
89156,161,4,-66,0.7489155554622755
89156,162,2,-9,0.31869815347761465
89156,163,20,-43,0.7034946113830941
89156,164,30,-81,8.07061555646286e-17
89156,165,64,34,-0.04814671575376525
89156,166,28,-36,0.6783189966503922
89156,167,26,-81,0.7999891721610605
89156,168,24,-75,0.6027636593843262
89156,169,29,-83,0.19241626082973115
89156,170,0,-30,0.6206505559634155
89156,171,8,-17,-0.6649081009898489
89156,172,99,91,0.7139407234633989
89156,173,88,-11,1.0108701155877142
89156,174,85,-3,0.9852233973154387
89156,175,85,0,0.5829724375851586
89156,176,93,8,1.264177108467106
89156,177,91,-2,0.6083710937211104
89156,178,99,8,1.2065200808035954
89156,179,97,-2,0.6119174405793864
89156,180,99,2,0.5186449961456527
89156,181,88,-11,0.9008607693699078
89156,182,84,-4,0.5099045067812737
89156,183,95,11,1.1387855341342341
89156,184,93,-2,0.9903587636480018
89156,185,92,-1,0.657590341974236
89156,186,99,7,0.6573730941818245
89156,187,89,-10,1.1676823275841426
89156,188,85,-4,0.3251908527061011
89156,189,99,14,0.8801249954092454
89156,190,96,-3,1.2500191147156992
89156,191,94,-2,0.8514104369470601
89156,192,94,0,0.6302296799821951
89156,193,98,4,0.9318448549697672
89156,194,93,-5,1.2120893628220937
89156,195,90,-3,0.9009572725097791
89156,196,88,-2,0.8073515333848164
89156,197,90,2,0.7045930077550077
89156,198,80,-10,0.8200854593787352
30294,0,43,-8,-0.2904972716826788
30294,1,96,53,1.2216696349988112
30294,2,93,-3,0.6912542339413943
30294,3,99,6,0.8800869781532937
30294,4,99,0,0.9634205791116142
30294,5,99,0,0.8770935556158217
30294,6,99,0,1.0017594708487867
30294,7,97,-2,0.8118356118217248
30294,8,98,1,0.8949754297739981
30294,9,98,0,0.8519168089403415
30294,10,98,0,0.5421689365288448
30294,11,86,-12,0.8652685602522028
30294,12,84,-2,0.8932702392315026
30294,13,83,-1,0.8781739087952989
30294,14,83,0,1.3676543545013522
30294,15,81,-2,0.8530634870773425
30294,16,84,3,0.8759668526851723
30294,17,84,0,0.7894002926045672
30294,18,86,2,0.8205389580733482
30294,19,83,-3,0.4486876045827627
30294,20,98,15,0.8707926840079445
30294,21,96,-2,1.1619471230864278
30294,22,93,-3,0.6928456460924693
30294,23,95,2,0.9866964046684104
30294,24,91,-4,0.9446654656304985
30294,25,86,-5,0.7926483792385727
30294,26,87,1,0.5067962242929895
30294,27,94,7,1.219929395156964
30294,28,88,-6,0.8872718660667028
30294,29,89,1,1.0186939096693712
30294,30,85,-4,0.5852707360900953
30294,31,87,2,0.5366871745554898
30294,32,69,-18,0.5418841813574227
30294,33,76,7,1.0020813334052174
30294,34,80,4,0.9348716202299653
30294,35,78,-2,0.6474779549437267
30294,36,65,-13,5.468762596333828e-17
30294,37,94,29,0.6441211615809519
30294,38,99,5,0.3174278665564641
30294,39,58,-41,0.34065739846972154
30294,40,77,19,0.9480422519385764
30294,41,77,0,0.8540216035193958
30294,42,77,0,0.8168920357466136
30294,43,75,-2,0.7355644783300851
30294,44,77,2,0.591965586993374
30294,45,66,-11,0.10115796593259727
30294,46,92,26,0.8487919661421629
30294,47,95,3,0.9668499623546118
30294,48,94,-1,0.7379455978478248
30294,49,95,1,0.79139401887879
30294,50,94,-1,0.8357812797560954
30294,51,92,-2,0.4545383997441098
30294,52,98,6,0.955599102234412
30294,53,96,-2,0.6381267522896875
30294,54,99,3,-1.0146594501288326
30294,55,0,-99,0.9742913889274913
30294,56,4,-9,1.0598844609896538
30294,57,3,-11,0.7385912436274404
30294,58,12,-28,1.1771160325209629
30294,59,12,-37,1.1747490939324876
30294,60,11,-35,1.2865383990225971
30294,61,10,-32,-0.36736565330705667
30294,62,72,62,0.8699299582565253
30294,63,73,1,0.42507394571585494
30294,64,89,16,-0.2610219321008982
30294,65,21,-68,0.8239698650096011
30294,66,20,-62,0.5705632564412595
30294,67,21,-63,0.6167011311326565
30294,68,16,-54,0.16714848157868678
30294,69,38,-93,0.6389945131296705
30294,70,47,9,1.0961825315678695
30294,71,48,1,0.7548895250945704
30294,72,49,1,1.1306096622099522
30294,73,48,-1,1.0730304941076378
30294,74,47,-1,0.6434097980147243
30294,75,51,4,0.7493054514635776
30294,76,52,1,0.7339851868970431
30294,77,53,1,0.9142273219168561
30294,78,53,0,1.035432006796393
30294,79,52,-1,1.5463723602486312
30294,80,52,0,1.1338226985943023
30294,81,52,0,0.9534554704189379
30294,82,52,0,0.8875817006264345
30294,83,51,-1,1.1007194128289635
30294,84,50,-1,0.877109182713695
30294,85,50,0,0.9126586810785015
30294,86,52,2,1.0754324647613442
30294,87,51,-1,0.5372935854006988
30294,88,65,14,-0.3059275054044478
30294,89,0,-66,0.7033009160069512
30294,90,0,-1,1.0241433014630363
30294,91,0,-1,0.7836202631248703
30294,92,10,-21,1.0355923053144627
30294,93,6,-23,0.32227764314090873
30294,94,28,-63,1.034374484575181
30294,95,32,-93,0.43453623615216924
30294,96,45,13,-0.1966794470635509
30294,97,0,-46,0.6616363487499394
30294,98,0,-1,0.8888110204450765
30294,99,0,-1,0.9744530343072229
30294,100,0,-1,0.7599736524539673
30294,101,1,-3,1.1896204001188257
30294,102,0,-2,1.0708839170239324
30294,103,0,-1,0.6239374823094888
30294,104,4,-9,1.1913503732444237
30294,105,1,-7,0.6324380264651083
30294,106,5,-12,0.7468781767126992
30294,107,9,-24,0.8295200148198077
30294,108,6,-22,0.7402388378754517
30294,109,7,-21,0.5020556739256085
30294,110,15,-38,0.5268152453741812
30294,111,20,-56,0.8933347527852046
30294,112,20,-61,1.0111559261674752
30294,113,17,-55,0.8414633430918825
30294,114,20,-58,0.6634551861726351
30294,115,25,-71,0.7403667098286312
30294,116,25,-76,0.72573085385781
30294,117,27,-80,0.870467167451299
30294,118,27,-82,1.0473501930295588
30294,119,24,-76,0.6504118051214922
30294,120,29,-83,0.6786033093511357
30294,121,34,-98,1.0152845252413305
30294,122,32,-99,0.9549719254854336
30294,123,30,-93,0.5169593825590065
30294,124,41,11,0.8501430219851258
30294,125,47,6,0.929238814910639
30294,126,46,-1,0.7586289227322365
30294,127,51,5,0.79444723116454
30294,128,54,3,1.055347201931487
30294,129,54,0,1.162621670443676
30294,130,54,0,0.9803166704809171
30294,131,56,2,0.7324149632255276
30294,132,60,4,0.2687046654419799
30294,133,76,16,-0.5222547061790614
30294,134,0,-77,0.5450115444782292
30294,135,6,-13,1.0628056231669787
30294,136,4,-15,0.6328447918536845
30294,137,15,-35,0.8653025413795805
30294,138,16,-48,1.2149029114117043
30294,139,10,-37,0.21467670308466738
30294,140,37,-85,0.91088171635144
30294,141,43,6,0.5797108304394444
30294,142,46,3,0.19568650494744425
30294,143,18,-83,0.7017183954003887
30294,144,17,-53,0.8820694286625669
30294,145,15,-48,0.7535259662212577
30294,146,21,-58,1.0343637336912896
30294,147,21,-64,0.9352698609444052
30294,148,19,-60,0.7164700401220171
30294,149,26,-72,0.7709841406820613
30294,150,26,-79,0.8559153144109336
30294,151,24,-75,0.7618698672701851
30294,152,30,-85,1.1980413635758247
30294,153,30,-91,0.9502833443812837
30294,154,28,-87,0.6530684509610147
30294,155,36,8,1.2366964640282005
30294,156,36,0,1.0088701114998135
30294,157,33,-3,0.49875852362864087
30294,158,47,14,0.898276386908233
30294,159,52,5,0.5212149388806676
30294,160,57,5,-0.01841072971923646
30294,161,4,-66,0.7489155554622755
30294,162,2,-9,0.31869815347761465
30294,163,20,-43,0.7034946113830941
30294,164,30,-81,8.07061555646286e-17
30294,165,64,34,-0.04814671575376525
30294,166,28,-36,0.6783189966503922
30294,167,26,-81,0.7999891721610605
30294,168,24,-75,0.6027636593843262
30294,169,29,-83,0.19241626082973115
30294,170,0,-30,0.6206505559634155
30294,171,8,-17,-0.6649081009898489
30294,172,99,91,0.7139407234633989
30294,173,88,-11,1.0108701155877142
30294,174,85,-3,0.9852233973154387
30294,175,85,0,0.5829724375851586
30294,176,93,8,1.264177108467106
30294,177,91,-2,0.6083710937211104
30294,178,99,8,1.2065200808035954
30294,179,97,-2,0.6119174405793864
30294,180,99,2,0.5186449961456527
30294,181,88,-11,0.9008607693699078
30294,182,84,-4,0.5099045067812737
30294,183,95,11,1.1387855341342341
30294,184,93,-2,0.9903587636480018
30294,185,92,-1,0.657590341974236
30294,186,99,7,0.6573730941818245
30294,187,89,-10,1.1676823275841426
30294,188,85,-4,0.3251908527061011
30294,189,99,14,0.8801249954092454
30294,190,96,-3,1.2500191147156992
30294,191,94,-2,0.8514104369470601
30294,192,94,0,0.6302296799821951
30294,193,98,4,0.9318448549697672
30294,194,93,-5,1.2120893628220937
30294,195,90,-3,0.9009572725097791
30294,196,88,-2,0.8073515333848164
30294,197,90,2,0.7045930077550077
30294,198,80,-10,0.8200854593787352
44437,0,43,-8,-0.2904972716826788
44437,1,96,53,1.2216696349988112
44437,2,93,-3,0.6912542339413943
44437,3,99,6,0.8800869781532937
44437,4,99,0,0.9634205791116142
44437,5,99,0,0.8770935556158217
44437,6,99,0,1.0017594708487867
44437,7,97,-2,0.8118356118217248
44437,8,98,1,0.8949754297739981
44437,9,98,0,0.8519168089403415
44437,10,98,0,0.5421689365288448
44437,11,86,-12,0.8652685602522028
44437,12,84,-2,0.8932702392315026
44437,13,83,-1,0.8781739087952989
44437,14,83,0,1.3676543545013522
44437,15,81,-2,0.8530634870773425
44437,16,84,3,0.8759668526851723
44437,17,84,0,0.7894002926045672
44437,18,86,2,0.8205389580733482
44437,19,83,-3,0.4486876045827627
44437,20,98,15,0.8707926840079445
44437,21,96,-2,1.1619471230864278
44437,22,93,-3,0.6928456460924693
44437,23,95,2,0.9866964046684104
44437,24,91,-4,0.9446654656304985
44437,25,86,-5,0.7926483792385727
44437,26,87,1,0.5067962242929895
44437,27,94,7,1.219929395156964
44437,28,88,-6,0.8872718660667028
44437,29,89,1,1.0186939096693712
44437,30,85,-4,0.5852707360900953
44437,31,87,2,0.5366871745554898
44437,32,69,-18,0.5418841813574227
44437,33,76,7,1.0020813334052174
44437,34,80,4,0.9348716202299653
44437,35,78,-2,0.6474779549437267
44437,36,65,-13,5.468762596333828e-17
44437,37,94,29,0.6441211615809519
44437,38,99,5,0.3174278665564641
44437,39,58,-41,0.34065739846972154
44437,40,77,19,0.9480422519385764
44437,41,77,0,0.8540216035193958
44437,42,77,0,0.8168920357466136
44437,43,75,-2,0.7355644783300851
44437,44,77,2,0.591965586993374
44437,45,66,-11,0.10115796593259727
44437,46,92,26,0.8487919661421629
44437,47,95,3,0.9668499623546118
44437,48,94,-1,0.7379455978478248
44437,49,95,1,0.79139401887879
44437,50,94,-1,0.8357812797560954
44437,51,92,-2,0.4545383997441098
44437,52,98,6,0.955599102234412
44437,53,96,-2,0.6381267522896875
44437,54,99,3,-1.0146594501288326
44437,55,0,-99,0.9742913889274913
44437,56,4,-9,1.0598844609896538
44437,57,3,-11,0.7385912436274404
44437,58,12,-28,1.1771160325209629
44437,59,12,-37,1.1747490939324876
44437,60,11,-35,1.2865383990225971
44437,61,10,-32,-0.36736565330705667
44437,62,72,62,0.8699299582565253
44437,63,73,1,0.42507394571585494
44437,64,89,16,-0.2610219321008982
44437,65,21,-68,0.8239698650096011
44437,66,20,-62,0.5705632564412595
44437,67,21,-63,0.6167011311326565
44437,68,16,-54,0.16714848157868678
44437,69,38,-93,0.6389945131296705
44437,70,47,9,1.0961825315678695
44437,71,48,1,0.7548895250945704
44437,72,49,1,1.1306096622099522
44437,73,48,-1,1.0730304941076378
44437,74,47,-1,0.6434097980147243
44437,75,51,4,0.7493054514635776
44437,76,52,1,0.7339851868970431
44437,77,53,1,0.9142273219168561
44437,78,53,0,1.035432006796393
44437,79,52,-1,1.5463723602486312
44437,80,52,0,1.1338226985943023
44437,81,52,0,0.9534554704189379
44437,82,52,0,0.8875817006264345
44437,83,51,-1,1.1007194128289635
44437,84,50,-1,0.877109182713695
44437,85,50,0,0.9126586810785015
44437,86,52,2,1.0754324647613442
44437,87,51,-1,0.5372935854006988
44437,88,65,14,-0.3059275054044478
44437,89,0,-66,0.7033009160069512
44437,90,0,-1,1.0241433014630363
44437,91,0,-1,0.7836202631248703
44437,92,10,-21,1.0355923053144627
44437,93,6,-23,0.32227764314090873
44437,94,28,-63,1.034374484575181
44437,95,32,-93,0.43453623615216924
44437,96,45,13,-0.1966794470635509
44437,97,0,-46,0.6616363487499394
44437,98,0,-1,0.8888110204450765
44437,99,0,-1,0.9744530343072229
44437,100,0,-1,0.7599736524539673
44437,101,1,-3,1.1896204001188257
44437,102,0,-2,1.0708839170239324
44437,103,0,-1,0.6239374823094888
44437,104,4,-9,1.1913503732444237
44437,105,1,-7,0.6324380264651083
44437,106,5,-12,0.7468781767126992
44437,107,9,-24,0.8295200148198077
44437,108,6,-22,0.7402388378754517
44437,109,7,-21,0.5020556739256085
44437,110,15,-38,0.5268152453741812
44437,111,20,-56,0.8933347527852046
44437,112,20,-61,1.0111559261674752
44437,113,17,-55,0.8414633430918825
44437,114,20,-58,0.6634551861726351
44437,115,25,-71,0.7403667098286312
44437,116,25,-76,0.72573085385781
44437,117,27,-80,0.870467167451299
44437,118,27,-82,1.0473501930295588
44437,119,24,-76,0.6504118051214922
44437,120,29,-83,0.6786033093511357
44437,121,34,-98,1.0152845252413305
44437,122,32,-99,0.9549719254854336
44437,123,30,-93,0.5169593825590065
44437,124,41,11,0.8501430219851258
44437,125,47,6,0.929238814910639
44437,126,46,-1,0.7586289227322365
44437,127,51,5,0.79444723116454
44437,128,54,3,1.055347201931487
44437,129,54,0,1.162621670443676
44437,130,54,0,0.9803166704809171
44437,131,56,2,0.7324149632255276
44437,132,60,4,0.2687046654419799
44437,133,76,16,-0.5222547061790614
44437,134,0,-77,0.5450115444782292
44437,135,6,-13,1.0628056231669787
44437,136,4,-15,0.6328447918536845
44437,137,15,-35,0.8653025413795805
44437,138,16,-48,1.2149029114117043
44437,139,10,-37,0.21467670308466738
44437,140,37,-85,0.91088171635144
44437,141,43,6,0.5797108304394444
44437,142,46,3,0.19568650494744425
44437,143,18,-83,0.7017183954003887
44437,144,17,-53,0.8820694286625669
44437,145,15,-48,0.7535259662212577
44437,146,21,-58,1.0343637336912896
44437,147,21,-64,0.9352698609444052
44437,148,19,-60,0.7164700401220171
44437,149,26,-72,0.7709841406820613
44437,150,26,-79,0.8559153144109336
44437,151,24,-75,0.7618698672701851
44437,152,30,-85,1.1980413635758247
44437,153,30,-91,0.9502833443812837
44437,154,28,-87,0.6530684509610147
44437,155,36,8,1.2366964640282005
44437,156,36,0,1.0088701114998135
44437,157,33,-3,0.49875852362864087
44437,158,47,14,0.898276386908233
44437,159,52,5,0.5212149388806676
44437,160,57,5,-0.01841072971923646
44437,161,4,-66,0.7489155554622755
44437,162,2,-9,0.31869815347761465
44437,163,20,-43,0.7034946113830941
44437,164,30,-81,8.07061555646286e-17
44437,165,64,34,-0.04814671575376525
44437,166,28,-36,0.6783189966503922
44437,167,26,-81,0.7999891721610605
44437,168,24,-75,0.6027636593843262
44437,169,29,-83,0.19241626082973115
44437,170,0,-30,0.6206505559634155
44437,171,8,-17,-0.6649081009898489
44437,172,99,91,0.7139407234633989
44437,173,88,-11,1.0108701155877142
44437,174,85,-3,0.9852233973154387
44437,175,85,0,0.5829724375851586
44437,176,93,8,1.264177108467106
44437,177,91,-2,0.6083710937211104
44437,178,99,8,1.2065200808035954
44437,179,97,-2,0.6119174405793864
44437,180,99,2,0.5186449961456527
44437,181,88,-11,0.9008607693699078
44437,182,84,-4,0.5099045067812737
44437,183,95,11,1.1387855341342341
44437,184,93,-2,0.9903587636480018
44437,185,92,-1,0.657590341974236
44437,186,99,7,0.6573730941818245
44437,187,89,-10,1.1676823275841426
44437,188,85,-4,0.3251908527061011
44437,189,99,14,0.8801249954092454
44437,190,96,-3,1.2500191147156992
44437,191,94,-2,0.8514104369470601
44437,192,94,0,0.6302296799821951
44437,193,98,4,0.9318448549697672
44437,194,93,-5,1.2120893628220937
44437,195,90,-3,0.9009572725097791
44437,196,88,-2,0.8073515333848164
44437,197,90,2,0.7045930077550077
44437,198,80,-10,0.8200854593787352
58863,0,43,-8,-0.2904972716826788
58863,1,96,53,1.2216696349988112
58863,2,93,-3,0.6912542339413943
58863,3,99,6,0.8800869781532937
58863,4,99,0,0.9634205791116142
58863,5,99,0,0.8770935556158217
58863,6,99,0,1.0017594708487867
58863,7,97,-2,0.8118356118217248
58863,8,98,1,0.8949754297739981
58863,9,98,0,0.8519168089403415
58863,10,98,0,0.5421689365288448
58863,11,86,-12,0.8652685602522028
58863,12,84,-2,0.8932702392315026
58863,13,83,-1,0.8781739087952989
58863,14,83,0,1.3676543545013522
58863,15,81,-2,0.8530634870773425
58863,16,84,3,0.8759668526851723
58863,17,84,0,0.7894002926045672
58863,18,86,2,0.8205389580733482
58863,19,83,-3,0.4486876045827627
58863,20,98,15,0.8707926840079445
58863,21,96,-2,1.1619471230864278
58863,22,93,-3,0.6928456460924693
58863,23,95,2,0.9866964046684104
58863,24,91,-4,0.9446654656304985
58863,25,86,-5,0.7926483792385727
58863,26,87,1,0.5067962242929895
58863,27,94,7,1.219929395156964
58863,28,88,-6,0.8872718660667028
58863,29,89,1,1.0186939096693712
58863,30,85,-4,0.5852707360900953
58863,31,87,2,0.5366871745554898
58863,32,69,-18,0.5418841813574227
58863,33,76,7,1.0020813334052174
58863,34,80,4,0.9348716202299653
58863,35,78,-2,0.6474779549437267
58863,36,65,-13,5.468762596333828e-17
58863,37,94,29,0.6441211615809519
58863,38,99,5,0.3174278665564641
58863,39,58,-41,0.34065739846972154
58863,40,77,19,0.9480422519385764
58863,41,77,0,0.8540216035193958
58863,42,77,0,0.8168920357466136
58863,43,75,-2,0.7355644783300851
58863,44,77,2,0.591965586993374
58863,45,66,-11,0.10115796593259727
58863,46,92,26,0.8487919661421629
58863,47,95,3,0.9668499623546118
58863,48,94,-1,0.7379455978478248
58863,49,95,1,0.79139401887879
58863,50,94,-1,0.8357812797560954
58863,51,92,-2,0.4545383997441098
58863,52,98,6,0.955599102234412
58863,53,96,-2,0.6381267522896875
58863,54,99,3,-1.0146594501288326
58863,55,0,-99,0.9742913889274913
58863,56,4,-9,1.0598844609896538
58863,57,3,-11,0.7385912436274404
58863,58,12,-28,1.1771160325209629
58863,59,12,-37,1.1747490939324876
58863,60,11,-35,1.2865383990225971
58863,61,10,-32,-0.36736565330705667
58863,62,72,62,0.8699299582565253
58863,63,73,1,0.42507394571585494
58863,64,89,16,-0.2610219321008982
58863,65,21,-68,0.8239698650096011
58863,66,20,-62,0.5705632564412595
58863,67,21,-63,0.6167011311326565
58863,68,16,-54,0.16714848157868678
58863,69,38,-93,0.6389945131296705
58863,70,47,9,1.0961825315678695
58863,71,48,1,0.7548895250945704
58863,72,49,1,1.1306096622099522
58863,73,48,-1,1.0730304941076378
58863,74,47,-1,0.6434097980147243
58863,75,51,4,0.7493054514635776
58863,76,52,1,0.7339851868970431
58863,77,53,1,0.9142273219168561
58863,78,53,0,1.035432006796393
58863,79,52,-1,1.5463723602486312
58863,80,52,0,1.1338226985943023
58863,81,52,0,0.9534554704189379
58863,82,52,0,0.8875817006264345
58863,83,51,-1,1.1007194128289635
58863,84,50,-1,0.877109182713695
58863,85,50,0,0.9126586810785015
58863,86,52,2,1.0754324647613442
58863,87,51,-1,0.5372935854006988
58863,88,65,14,-0.3059275054044478
58863,89,0,-66,0.7033009160069512
58863,90,0,-1,1.0241433014630363
58863,91,0,-1,0.7836202631248703
58863,92,10,-21,1.0355923053144627
58863,93,6,-23,0.32227764314090873
58863,94,28,-63,1.034374484575181
58863,95,32,-93,0.43453623615216924
58863,96,45,13,-0.1966794470635509
58863,97,0,-46,0.6616363487499394
58863,98,0,-1,0.8888110204450765
58863,99,0,-1,0.9744530343072229
58863,100,0,-1,0.7599736524539673
58863,101,1,-3,1.1896204001188257
58863,102,0,-2,1.0708839170239324
58863,103,0,-1,0.6239374823094888
58863,104,4,-9,1.1913503732444237
58863,105,1,-7,0.6324380264651083
58863,106,5,-12,0.7468781767126992
58863,107,9,-24,0.8295200148198077
58863,108,6,-22,0.7402388378754517
58863,109,7,-21,0.5020556739256085
58863,110,15,-38,0.5268152453741812
58863,111,20,-56,0.8933347527852046
58863,112,20,-61,1.0111559261674752
58863,113,17,-55,0.8414633430918825
58863,114,20,-58,0.6634551861726351
58863,115,25,-71,0.7403667098286312
58863,116,25,-76,0.72573085385781
58863,117,27,-80,0.870467167451299
58863,118,27,-82,1.0473501930295588
58863,119,24,-76,0.6504118051214922
58863,120,29,-83,0.6786033093511357
58863,121,34,-98,1.0152845252413305
58863,122,32,-99,0.9549719254854336
58863,123,30,-93,0.5169593825590065
58863,124,41,11,0.8501430219851258
58863,125,47,6,0.929238814910639
58863,126,46,-1,0.7586289227322365
58863,127,51,5,0.79444723116454
58863,128,54,3,1.055347201931487
58863,129,54,0,1.162621670443676
58863,130,54,0,0.9803166704809171
58863,131,56,2,0.7324149632255276
58863,132,60,4,0.2687046654419799
58863,133,76,16,-0.5222547061790614
58863,134,0,-77,0.5450115444782292
58863,135,6,-13,1.0628056231669787
58863,136,4,-15,0.6328447918536845
58863,137,15,-35,0.8653025413795805
58863,138,16,-48,1.2149029114117043
58863,139,10,-37,0.21467670308466738
58863,140,37,-85,0.91088171635144
58863,141,43,6,0.5797108304394444
58863,142,46,3,0.19568650494744425
58863,143,18,-83,0.7017183954003887
58863,144,17,-53,0.8820694286625669
58863,145,15,-48,0.7535259662212577
58863,146,21,-58,1.0343637336912896
58863,147,21,-64,0.9352698609444052
58863,148,19,-60,0.7164700401220171
58863,149,26,-72,0.7709841406820613
58863,150,26,-79,0.8559153144109336
58863,151,24,-75,0.7618698672701851
58863,152,30,-85,1.1980413635758247
58863,153,30,-91,0.9502833443812837
58863,154,28,-87,0.6530684509610147
58863,155,36,8,1.2366964640282005
58863,156,36,0,1.0088701114998135
58863,157,33,-3,0.49875852362864087
58863,158,47,14,0.898276386908233
58863,159,52,5,0.5212149388806676
58863,160,57,5,-0.01841072971923646
58863,161,4,-66,0.7489155554622755
58863,162,2,-9,0.31869815347761465
58863,163,20,-43,0.7034946113830941
58863,164,30,-81,8.07061555646286e-17
58863,165,64,34,-0.04814671575376525
58863,166,28,-36,0.6783189966503922
58863,167,26,-81,0.7999891721610605
58863,168,24,-75,0.6027636593843262
58863,169,29,-83,0.19241626082973115
58863,170,0,-30,0.6206505559634155
58863,171,8,-17,-0.6649081009898489
58863,172,99,91,0.7139407234633989
58863,173,88,-11,1.0108701155877142
58863,174,85,-3,0.9852233973154387
58863,175,85,0,0.5829724375851586
58863,176,93,8,1.264177108467106
58863,177,91,-2,0.6083710937211104
58863,178,99,8,1.2065200808035954
58863,179,97,-2,0.6119174405793864
58863,180,99,2,0.5186449961456527
58863,181,88,-11,0.9008607693699078
58863,182,84,-4,0.5099045067812737
58863,183,95,11,1.1387855341342341
58863,184,93,-2,0.9903587636480018
58863,185,92,-1,0.657590341974236
58863,186,99,7,0.6573730941818245
58863,187,89,-10,1.1676823275841426
58863,188,85,-4,0.3251908527061011
58863,189,99,14,0.8801249954092454
58863,190,96,-3,1.2500191147156992
58863,191,94,-2,0.8514104369470601
58863,192,94,0,0.6302296799821951
58863,193,98,4,0.9318448549697672
58863,194,93,-5,1.2120893628220937
58863,195,90,-3,0.9009572725097791
58863,196,88,-2,0.8073515333848164
58863,197,90,2,0.7045930077550077
58863,198,80,-10,0.8200854593787352
47312,0,43,-8,-0.2904972716826788
47312,1,96,53,1.2216696349988112
47312,2,93,-3,0.6912542339413943
47312,3,99,6,0.8800869781532937
47312,4,99,0,0.9634205791116142
47312,5,99,0,0.8770935556158217
47312,6,99,0,1.0017594708487867
47312,7,97,-2,0.8118356118217248
47312,8,98,1,0.8949754297739981
47312,9,98,0,0.8519168089403415
47312,10,98,0,0.5421689365288448
47312,11,86,-12,0.8652685602522028
47312,12,84,-2,0.8932702392315026
47312,13,83,-1,0.8781739087952989
47312,14,83,0,1.3676543545013522
47312,15,81,-2,0.8530634870773425
47312,16,84,3,0.8759668526851723
47312,17,84,0,0.7894002926045672
47312,18,86,2,0.8205389580733482
47312,19,83,-3,0.4486876045827627
47312,20,98,15,0.8707926840079445
47312,21,96,-2,1.1619471230864278
47312,22,93,-3,0.6928456460924693
47312,23,95,2,0.9866964046684104
47312,24,91,-4,0.9446654656304985
47312,25,86,-5,0.7926483792385727
47312,26,87,1,0.5067962242929895
47312,27,94,7,1.219929395156964
47312,28,88,-6,0.8872718660667028
47312,29,89,1,1.0186939096693712
47312,30,85,-4,0.5852707360900953
47312,31,87,2,0.5366871745554898
47312,32,69,-18,0.5418841813574227
47312,33,76,7,1.0020813334052174
47312,34,80,4,0.9348716202299653
47312,35,78,-2,0.6474779549437267
47312,36,65,-13,5.468762596333828e-17
47312,37,94,29,0.6441211615809519
47312,38,99,5,0.3174278665564641
47312,39,58,-41,0.34065739846972154
47312,40,77,19,0.9480422519385764
47312,41,77,0,0.8540216035193958
47312,42,77,0,0.8168920357466136
47312,43,75,-2,0.7355644783300851
47312,44,77,2,0.591965586993374
47312,45,66,-11,0.10115796593259727
47312,46,92,26,0.8487919661421629
47312,47,95,3,0.9668499623546118
47312,48,94,-1,0.7379455978478248
47312,49,95,1,0.79139401887879
47312,50,94,-1,0.8357812797560954
47312,51,92,-2,0.4545383997441098
47312,52,98,6,0.955599102234412
47312,53,96,-2,0.6381267522896875
47312,54,99,3,-1.0146594501288326
47312,55,0,-99,0.9742913889274913
47312,56,4,-9,1.0598844609896538
47312,57,3,-11,0.7385912436274404
47312,58,12,-28,1.1771160325209629
47312,59,12,-37,1.1747490939324876
47312,60,11,-35,1.2865383990225971
47312,61,10,-32,-0.36736565330705667
47312,62,72,62,0.8699299582565253
47312,63,73,1,0.42507394571585494
47312,64,89,16,-0.2610219321008982
47312,65,21,-68,0.8239698650096011
47312,66,20,-62,0.5705632564412595
47312,67,21,-63,0.6167011311326565
47312,68,16,-54,0.16714848157868678
47312,69,38,-93,0.6389945131296705
47312,70,47,9,1.0961825315678695
47312,71,48,1,0.7548895250945704
47312,72,49,1,1.1306096622099522
47312,73,48,-1,1.0730304941076378
47312,74,47,-1,0.6434097980147243
47312,75,51,4,0.7493054514635776
47312,76,52,1,0.7339851868970431
47312,77,53,1,0.9142273219168561
47312,78,53,0,1.035432006796393
47312,79,52,-1,1.5463723602486312
47312,80,52,0,1.1338226985943023
47312,81,52,0,0.9534554704189379
47312,82,52,0,0.8875817006264345
47312,83,51,-1,1.1007194128289635
47312,84,50,-1,0.877109182713695
47312,85,50,0,0.9126586810785015
47312,86,52,2,1.0754324647613442
47312,87,51,-1,0.5372935854006988
47312,88,65,14,-0.3059275054044478
47312,89,0,-66,0.7033009160069512
47312,90,0,-1,1.0241433014630363
47312,91,0,-1,0.7836202631248703
47312,92,10,-21,1.0355923053144627
47312,93,6,-23,0.32227764314090873
47312,94,28,-63,1.034374484575181
47312,95,32,-93,0.43453623615216924
47312,96,45,13,-0.1966794470635509
47312,97,0,-46,0.6616363487499394
47312,98,0,-1,0.8888110204450765
47312,99,0,-1,0.9744530343072229
47312,100,0,-1,0.7599736524539673
47312,101,1,-3,1.1896204001188257
47312,102,0,-2,1.0708839170239324
47312,103,0,-1,0.6239374823094888
47312,104,4,-9,1.1913503732444237
47312,105,1,-7,0.6324380264651083
47312,106,5,-12,0.7468781767126992
47312,107,9,-24,0.8295200148198077
47312,108,6,-22,0.7402388378754517
47312,109,7,-21,0.5020556739256085
47312,110,15,-38,0.5268152453741812
47312,111,20,-56,0.8933347527852046
47312,112,20,-61,1.0111559261674752
47312,113,17,-55,0.8414633430918825
47312,114,20,-58,0.6634551861726351
47312,115,25,-71,0.7403667098286312
47312,116,25,-76,0.72573085385781
47312,117,27,-80,0.870467167451299
47312,118,27,-82,1.0473501930295588
47312,119,24,-76,0.6504118051214922
47312,120,29,-83,0.6786033093511357
47312,121,34,-98,1.0152845252413305
47312,122,32,-99,0.9549719254854336
47312,123,30,-93,0.5169593825590065
47312,124,41,11,0.8501430219851258
47312,125,47,6,0.929238814910639
47312,126,46,-1,0.7586289227322365
47312,127,51,5,0.79444723116454
47312,128,54,3,1.055347201931487
47312,129,54,0,1.162621670443676
47312,130,54,0,0.9803166704809171
47312,131,56,2,0.7324149632255276
47312,132,60,4,0.2687046654419799
47312,133,76,16,-0.5222547061790614
47312,134,0,-77,0.5450115444782292
47312,135,6,-13,1.0628056231669787
47312,136,4,-15,0.6328447918536845
47312,137,15,-35,0.8653025413795805
47312,138,16,-48,1.2149029114117043
47312,139,10,-37,0.21467670308466738
47312,140,37,-85,0.91088171635144
47312,141,43,6,0.5797108304394444
47312,142,46,3,0.19568650494744425
47312,143,18,-83,0.7017183954003887
47312,144,17,-53,0.8820694286625669
47312,145,15,-48,0.7535259662212577
47312,146,21,-58,1.0343637336912896
47312,147,21,-64,0.9352698609444052
47312,148,19,-60,0.7164700401220171
47312,149,26,-72,0.7709841406820613
47312,150,26,-79,0.8559153144109336
47312,151,24,-75,0.7618698672701851
47312,152,30,-85,1.1980413635758247
47312,153,30,-91,0.9502833443812837
47312,154,28,-87,0.6530684509610147
47312,155,36,8,1.2366964640282005
47312,156,36,0,1.0088701114998135
47312,157,33,-3,0.49875852362864087
47312,158,47,14,0.898276386908233
47312,159,52,5,0.5212149388806676
47312,160,57,5,-0.01841072971923646
47312,161,4,-66,0.7489155554622755
47312,162,2,-9,0.31869815347761465
47312,163,20,-43,0.7034946113830941
47312,164,30,-81,8.07061555646286e-17
47312,165,64,34,-0.04814671575376525
47312,166,28,-36,0.6783189966503922
47312,167,26,-81,0.7999891721610605
47312,168,24,-75,0.6027636593843262
47312,169,29,-83,0.19241626082973115
47312,170,0,-30,0.6206505559634155
47312,171,8,-17,-0.6649081009898489
47312,172,99,91,0.7139407234633989
47312,173,88,-11,1.0108701155877142
47312,174,85,-3,0.9852233973154387
47312,175,85,0,0.5829724375851586
47312,176,93,8,1.264177108467106
47312,177,91,-2,0.6083710937211104
47312,178,99,8,1.2065200808035954
47312,179,97,-2,0.6119174405793864
47312,180,99,2,0.5186449961456527
47312,181,88,-11,0.9008607693699078
47312,182,84,-4,0.5099045067812737
47312,183,95,11,1.1387855341342341
47312,184,93,-2,0.9903587636480018
47312,185,92,-1,0.657590341974236
47312,186,99,7,0.6573730941818245
47312,187,89,-10,1.1676823275841426
47312,188,85,-4,0.3251908527061011
47312,189,99,14,0.8801249954092454
47312,190,96,-3,1.2500191147156992
47312,191,94,-2,0.8514104369470601
47312,192,94,0,0.6302296799821951
47312,193,98,4,0.9318448549697672
47312,194,93,-5,1.2120893628220937
47312,195,90,-3,0.9009572725097791
47312,196,88,-2,0.8073515333848164
47312,197,90,2,0.7045930077550077
47312,198,80,-10,0.8200854593787352
45145,0,43,-8,-0.2904972716826788
45145,1,96,53,1.2216696349988112
45145,2,93,-3,0.6912542339413943
45145,3,99,6,0.8800869781532937
45145,4,99,0,0.9634205791116142
45145,5,99,0,0.8770935556158217
45145,6,99,0,1.0017594708487867
45145,7,97,-2,0.8118356118217248
45145,8,98,1,0.8949754297739981
45145,9,98,0,0.8519168089403415
45145,10,98,0,0.5421689365288448
45145,11,86,-12,0.8652685602522028
45145,12,84,-2,0.8932702392315026
45145,13,83,-1,0.8781739087952989
45145,14,83,0,1.3676543545013522
45145,15,81,-2,0.8530634870773425
45145,16,84,3,0.8759668526851723
45145,17,84,0,0.7894002926045672
45145,18,86,2,0.8205389580733482
45145,19,83,-3,0.4486876045827627
45145,20,98,15,0.8707926840079445
45145,21,96,-2,1.1619471230864278
45145,22,93,-3,0.6928456460924693
45145,23,95,2,0.9866964046684104
45145,24,91,-4,0.9446654656304985
45145,25,86,-5,0.7926483792385727
45145,26,87,1,0.5067962242929895
45145,27,94,7,1.219929395156964
45145,28,88,-6,0.8872718660667028
45145,29,89,1,1.0186939096693712
45145,30,85,-4,0.5852707360900953
45145,31,87,2,0.5366871745554898
45145,32,69,-18,0.5418841813574227
45145,33,76,7,1.0020813334052174
45145,34,80,4,0.9348716202299653
45145,35,78,-2,0.6474779549437267
45145,36,65,-13,5.468762596333828e-17
45145,37,94,29,0.6441211615809519
45145,38,99,5,0.3174278665564641
45145,39,58,-41,0.34065739846972154
45145,40,77,19,0.9480422519385764
45145,41,77,0,0.8540216035193958
45145,42,77,0,0.8168920357466136
45145,43,75,-2,0.7355644783300851
45145,44,77,2,0.591965586993374
45145,45,66,-11,0.10115796593259727
45145,46,92,26,0.8487919661421629
45145,47,95,3,0.9668499623546118
45145,48,94,-1,0.7379455978478248
45145,49,95,1,0.79139401887879
45145,50,94,-1,0.8357812797560954
45145,51,92,-2,0.4545383997441098
45145,52,98,6,0.955599102234412
45145,53,96,-2,0.6381267522896875
45145,54,99,3,-1.0146594501288326
45145,55,0,-99,0.9742913889274913
45145,56,4,-9,1.0598844609896538
45145,57,3,-11,0.7385912436274404
45145,58,12,-28,1.1771160325209629
45145,59,12,-37,1.1747490939324876
45145,60,11,-35,1.2865383990225971
45145,61,10,-32,-0.36736565330705667
45145,62,72,62,0.8699299582565253
45145,63,73,1,0.42507394571585494
45145,64,89,16,-0.2610219321008982
45145,65,21,-68,0.8239698650096011
45145,66,20,-62,0.5705632564412595
45145,67,21,-63,0.6167011311326565
45145,68,16,-54,0.16714848157868678
45145,69,38,-93,0.6389945131296705
45145,70,47,9,1.0961825315678695
45145,71,48,1,0.7548895250945704
45145,72,49,1,1.1306096622099522
45145,73,48,-1,1.0730304941076378
45145,74,47,-1,0.6434097980147243
45145,75,51,4,0.7493054514635776
45145,76,52,1,0.7339851868970431
45145,77,53,1,0.9142273219168561
45145,78,53,0,1.035432006796393
45145,79,52,-1,1.5463723602486312
45145,80,52,0,1.1338226985943023
45145,81,52,0,0.9534554704189379
45145,82,52,0,0.8875817006264345
45145,83,51,-1,1.1007194128289635
45145,84,50,-1,0.877109182713695
45145,85,50,0,0.9126586810785015
45145,86,52,2,1.0754324647613442
45145,87,51,-1,0.5372935854006988
45145,88,65,14,-0.3059275054044478
45145,89,0,-66,0.7033009160069512
45145,90,0,-1,1.0241433014630363
45145,91,0,-1,0.7836202631248703
45145,92,10,-21,1.0355923053144627
45145,93,6,-23,0.32227764314090873
45145,94,28,-63,1.034374484575181
45145,95,32,-93,0.43453623615216924
45145,96,45,13,-0.1966794470635509
45145,97,0,-46,0.6616363487499394
45145,98,0,-1,0.8888110204450765
45145,99,0,-1,0.9744530343072229
45145,100,0,-1,0.7599736524539673
45145,101,1,-3,1.1896204001188257
45145,102,0,-2,1.0708839170239324
45145,103,0,-1,0.6239374823094888
45145,104,4,-9,1.1913503732444237
45145,105,1,-7,0.6324380264651083
45145,106,5,-12,0.7468781767126992
45145,107,9,-24,0.8295200148198077
45145,108,6,-22,0.7402388378754517
45145,109,7,-21,0.5020556739256085
45145,110,15,-38,0.5268152453741812
45145,111,20,-56,0.8933347527852046
45145,112,20,-61,1.0111559261674752
45145,113,17,-55,0.8414633430918825
45145,114,20,-58,0.6634551861726351
45145,115,25,-71,0.7403667098286312
45145,116,25,-76,0.72573085385781
45145,117,27,-80,0.870467167451299
45145,118,27,-82,1.0473501930295588
45145,119,24,-76,0.6504118051214922
45145,120,29,-83,0.6786033093511357
45145,121,34,-98,1.0152845252413305
45145,122,32,-99,0.9549719254854336
45145,123,30,-93,0.5169593825590065
45145,124,41,11,0.8501430219851258
45145,125,47,6,0.929238814910639
45145,126,46,-1,0.7586289227322365
45145,127,51,5,0.79444723116454
45145,128,54,3,1.055347201931487
45145,129,54,0,1.162621670443676
45145,130,54,0,0.9803166704809171
45145,131,56,2,0.7324149632255276
45145,132,60,4,0.2687046654419799
45145,133,76,16,-0.5222547061790614
45145,134,0,-77,0.5450115444782292
45145,135,6,-13,1.0628056231669787
45145,136,4,-15,0.6328447918536845
45145,137,15,-35,0.8653025413795805
45145,138,16,-48,1.2149029114117043
45145,139,10,-37,0.21467670308466738
45145,140,37,-85,0.91088171635144
45145,141,43,6,0.5797108304394444
45145,142,46,3,0.19568650494744425
45145,143,18,-83,0.7017183954003887
45145,144,17,-53,0.8820694286625669
45145,145,15,-48,0.7535259662212577
45145,146,21,-58,1.0343637336912896
45145,147,21,-64,0.9352698609444052
45145,148,19,-60,0.7164700401220171
45145,149,26,-72,0.7709841406820613
45145,150,26,-79,0.8559153144109336
45145,151,24,-75,0.7618698672701851
45145,152,30,-85,1.1980413635758247
45145,153,30,-91,0.9502833443812837
45145,154,28,-87,0.6530684509610147
45145,155,36,8,1.2366964640282005
45145,156,36,0,1.0088701114998135
45145,157,33,-3,0.49875852362864087
45145,158,47,14,0.898276386908233
45145,159,52,5,0.5212149388806676
45145,160,57,5,-0.01841072971923646
45145,161,4,-66,0.7489155554622755
45145,162,2,-9,0.31869815347761465
45145,163,20,-43,0.7034946113830941
45145,164,30,-81,8.07061555646286e-17
45145,165,64,34,-0.04814671575376525
45145,166,28,-36,0.6783189966503922
45145,167,26,-81,0.7999891721610605
45145,168,24,-75,0.6027636593843262
45145,169,29,-83,0.19241626082973115
45145,170,0,-30,0.6206505559634155
45145,171,8,-17,-0.6649081009898489
45145,172,99,91,0.7139407234633989
45145,173,88,-11,1.0108701155877142
45145,174,85,-3,0.9852233973154387
45145,175,85,0,0.5829724375851586
45145,176,93,8,1.264177108467106
45145,177,91,-2,0.6083710937211104
45145,178,99,8,1.2065200808035954
45145,179,97,-2,0.6119174405793864
45145,180,99,2,0.5186449961456527
45145,181,88,-11,0.9008607693699078
45145,182,84,-4,0.5099045067812737
45145,183,95,11,1.1387855341342341
45145,184,93,-2,0.9903587636480018
45145,185,92,-1,0.657590341974236
45145,186,99,7,0.6573730941818245
45145,187,89,-10,1.1676823275841426
45145,188,85,-4,0.3251908527061011
45145,189,99,14,0.8801249954092454
45145,190,96,-3,1.2500191147156992
45145,191,94,-2,0.8514104369470601
45145,192,94,0,0.6302296799821951
45145,193,98,4,0.9318448549697672
45145,194,93,-5,1.2120893628220937
45145,195,90,-3,0.9009572725097791
45145,196,88,-2,0.8073515333848164
45145,197,90,2,0.7045930077550077
45145,198,80,-10,0.8200854593787352
67358,0,43,-8,-0.2904972716826788
67358,1,96,53,1.2216696349988112
67358,2,93,-3,0.6912542339413943
67358,3,99,6,0.8800869781532937
67358,4,99,0,0.9634205791116142
67358,5,99,0,0.8770935556158217
67358,6,99,0,1.0017594708487867
67358,7,97,-2,0.8118356118217248
67358,8,98,1,0.8949754297739981
67358,9,98,0,0.8519168089403415
67358,10,98,0,0.5421689365288448
67358,11,86,-12,0.8652685602522028
67358,12,84,-2,0.8932702392315026
67358,13,83,-1,0.8781739087952989
67358,14,83,0,1.3676543545013522
67358,15,81,-2,0.8530634870773425
67358,16,84,3,0.8759668526851723
67358,17,84,0,0.7894002926045672
67358,18,86,2,0.8205389580733482
67358,19,83,-3,0.4486876045827627
67358,20,98,15,0.8707926840079445
67358,21,96,-2,1.1619471230864278
67358,22,93,-3,0.6928456460924693
67358,23,95,2,0.9866964046684104
67358,24,91,-4,0.9446654656304985
67358,25,86,-5,0.7926483792385727
67358,26,87,1,0.5067962242929895
67358,27,94,7,1.219929395156964
67358,28,88,-6,0.8872718660667028
67358,29,89,1,1.0186939096693712
67358,30,85,-4,0.5852707360900953
67358,31,87,2,0.5366871745554898
67358,32,69,-18,0.5418841813574227
67358,33,76,7,1.0020813334052174
67358,34,80,4,0.9348716202299653
67358,35,78,-2,0.6474779549437267
67358,36,65,-13,5.468762596333828e-17
67358,37,94,29,0.6441211615809519
67358,38,99,5,0.3174278665564641
67358,39,58,-41,0.34065739846972154
67358,40,77,19,0.9480422519385764
67358,41,77,0,0.8540216035193958
67358,42,77,0,0.8168920357466136
67358,43,75,-2,0.7355644783300851
67358,44,77,2,0.591965586993374
67358,45,66,-11,0.10115796593259727
67358,46,92,26,0.8487919661421629
67358,47,95,3,0.9668499623546118
67358,48,94,-1,0.7379455978478248
67358,49,95,1,0.79139401887879
67358,50,94,-1,0.8357812797560954
67358,51,92,-2,0.4545383997441098
67358,52,98,6,0.955599102234412
67358,53,96,-2,0.6381267522896875
67358,54,99,3,-1.0146594501288326
67358,55,0,-99,0.9742913889274913
67358,56,4,-9,1.0598844609896538
67358,57,3,-11,0.7385912436274404
67358,58,12,-28,1.1771160325209629
67358,59,12,-37,1.1747490939324876
67358,60,11,-35,1.2865383990225971
67358,61,10,-32,-0.36736565330705667
67358,62,72,62,0.8699299582565253
67358,63,73,1,0.42507394571585494
67358,64,89,16,-0.2610219321008982
67358,65,21,-68,0.8239698650096011
67358,66,20,-62,0.5705632564412595
67358,67,21,-63,0.6167011311326565
67358,68,16,-54,0.16714848157868678
67358,69,38,-93,0.6389945131296705
67358,70,47,9,1.0961825315678695
67358,71,48,1,0.7548895250945704
67358,72,49,1,1.1306096622099522
67358,73,48,-1,1.0730304941076378
67358,74,47,-1,0.6434097980147243
67358,75,51,4,0.7493054514635776
67358,76,52,1,0.7339851868970431
67358,77,53,1,0.9142273219168561
67358,78,53,0,1.035432006796393
67358,79,52,-1,1.5463723602486312
67358,80,52,0,1.1338226985943023
67358,81,52,0,0.9534554704189379
67358,82,52,0,0.8875817006264345
67358,83,51,-1,1.1007194128289635
67358,84,50,-1,0.877109182713695
67358,85,50,0,0.9126586810785015
67358,86,52,2,1.0754324647613442
67358,87,51,-1,0.5372935854006988
67358,88,65,14,-0.3059275054044478
67358,89,0,-66,0.7033009160069512
67358,90,0,-1,1.0241433014630363
67358,91,0,-1,0.7836202631248703
67358,92,10,-21,1.0355923053144627
67358,93,6,-23,0.32227764314090873
67358,94,28,-63,1.034374484575181
67358,95,32,-93,0.43453623615216924
67358,96,45,13,-0.1966794470635509
67358,97,0,-46,0.6616363487499394
67358,98,0,-1,0.8888110204450765
67358,99,0,-1,0.9744530343072229
67358,100,0,-1,0.7599736524539673
67358,101,1,-3,1.1896204001188257
67358,102,0,-2,1.0708839170239324
67358,103,0,-1,0.6239374823094888
67358,104,4,-9,1.1913503732444237
67358,105,1,-7,0.6324380264651083
67358,106,5,-12,0.7468781767126992
67358,107,9,-24,0.8295200148198077
67358,108,6,-22,0.7402388378754517
67358,109,7,-21,0.5020556739256085
67358,110,15,-38,0.5268152453741812
67358,111,20,-56,0.8933347527852046
67358,112,20,-61,1.0111559261674752
67358,113,17,-55,0.8414633430918825
67358,114,20,-58,0.6634551861726351
67358,115,25,-71,0.7403667098286312
67358,116,25,-76,0.72573085385781
67358,117,27,-80,0.870467167451299
67358,118,27,-82,1.0473501930295588
67358,119,24,-76,0.6504118051214922
67358,120,29,-83,0.6786033093511357
67358,121,34,-98,1.0152845252413305
67358,122,32,-99,0.9549719254854336
67358,123,30,-93,0.5169593825590065
67358,124,41,11,0.8501430219851258
67358,125,47,6,0.929238814910639
67358,126,46,-1,0.7586289227322365
67358,127,51,5,0.79444723116454
67358,128,54,3,1.055347201931487
67358,129,54,0,1.162621670443676
67358,130,54,0,0.9803166704809171
67358,131,56,2,0.7324149632255276
67358,132,60,4,0.2687046654419799
67358,133,76,16,-0.5222547061790614
67358,134,0,-77,0.5450115444782292
67358,135,6,-13,1.0628056231669787
67358,136,4,-15,0.6328447918536845
67358,137,15,-35,0.8653025413795805
67358,138,16,-48,1.2149029114117043
67358,139,10,-37,0.21467670308466738
67358,140,37,-85,0.91088171635144
67358,141,43,6,0.5797108304394444
67358,142,46,3,0.19568650494744425
67358,143,18,-83,0.7017183954003887
67358,144,17,-53,0.8820694286625669
67358,145,15,-48,0.7535259662212577
67358,146,21,-58,1.0343637336912896
67358,147,21,-64,0.9352698609444052
67358,148,19,-60,0.7164700401220171
67358,149,26,-72,0.7709841406820613
67358,150,26,-79,0.8559153144109336
67358,151,24,-75,0.7618698672701851
67358,152,30,-85,1.1980413635758247
67358,153,30,-91,0.9502833443812837
67358,154,28,-87,0.6530684509610147
67358,155,36,8,1.2366964640282005
67358,156,36,0,1.0088701114998135
67358,157,33,-3,0.49875852362864087
67358,158,47,14,0.898276386908233
67358,159,52,5,0.5212149388806676
67358,160,57,5,-0.01841072971923646
67358,161,4,-66,0.7489155554622755
67358,162,2,-9,0.31869815347761465
67358,163,20,-43,0.7034946113830941
67358,164,30,-81,8.07061555646286e-17
67358,165,64,34,-0.04814671575376525
67358,166,28,-36,0.6783189966503922
67358,167,26,-81,0.7999891721610605
67358,168,24,-75,0.6027636593843262
67358,169,29,-83,0.19241626082973115
67358,170,0,-30,0.6206505559634155
67358,171,8,-17,-0.6649081009898489
67358,172,99,91,0.7139407234633989
67358,173,88,-11,1.0108701155877142
67358,174,85,-3,0.9852233973154387
67358,175,85,0,0.5829724375851586
67358,176,93,8,1.264177108467106
67358,177,91,-2,0.6083710937211104
67358,178,99,8,1.2065200808035954
67358,179,97,-2,0.6119174405793864
67358,180,99,2,0.5186449961456527
67358,181,88,-11,0.9008607693699078
67358,182,84,-4,0.5099045067812737
67358,183,95,11,1.1387855341342341
67358,184,93,-2,0.9903587636480018
67358,185,92,-1,0.657590341974236
67358,186,99,7,0.6573730941818245
67358,187,89,-10,1.1676823275841426
67358,188,85,-4,0.3251908527061011
67358,189,99,14,0.8801249954092454
67358,190,96,-3,1.2500191147156992
67358,191,94,-2,0.8514104369470601
67358,192,94,0,0.6302296799821951
67358,193,98,4,0.9318448549697672
67358,194,93,-5,1.2120893628220937
67358,195,90,-3,0.9009572725097791
67358,196,88,-2,0.8073515333848164
67358,197,90,2,0.7045930077550077
67358,198,80,-10,0.8200854593787352
36313,0,43,-8,-0.2904972716826788
36313,1,96,53,1.2216696349988112
36313,2,93,-3,0.6912542339413943
36313,3,99,6,0.8800869781532937
36313,4,99,0,0.9634205791116142
36313,5,99,0,0.8770935556158217
36313,6,99,0,1.0017594708487867
36313,7,97,-2,0.8118356118217248
36313,8,98,1,0.8949754297739981
36313,9,98,0,0.8519168089403415
36313,10,98,0,0.5421689365288448
36313,11,86,-12,0.8652685602522028
36313,12,84,-2,0.8932702392315026
36313,13,83,-1,0.8781739087952989
36313,14,83,0,1.3676543545013522
36313,15,81,-2,0.8530634870773425
36313,16,84,3,0.8759668526851723
36313,17,84,0,0.7894002926045672
36313,18,86,2,0.8205389580733482
36313,19,83,-3,0.4486876045827627
36313,20,98,15,0.8707926840079445
36313,21,96,-2,1.1619471230864278
36313,22,93,-3,0.6928456460924693
36313,23,95,2,0.9866964046684104
36313,24,91,-4,0.9446654656304985
36313,25,86,-5,0.7926483792385727
36313,26,87,1,0.5067962242929895
36313,27,94,7,1.219929395156964
36313,28,88,-6,0.8872718660667028
36313,29,89,1,1.0186939096693712
36313,30,85,-4,0.5852707360900953
36313,31,87,2,0.5366871745554898
36313,32,69,-18,0.5418841813574227
36313,33,76,7,1.0020813334052174
36313,34,80,4,0.9348716202299653
36313,35,78,-2,0.6474779549437267
36313,36,65,-13,5.468762596333828e-17
36313,37,94,29,0.6441211615809519
36313,38,99,5,0.3174278665564641
36313,39,58,-41,0.34065739846972154
36313,40,77,19,0.9480422519385764
36313,41,77,0,0.8540216035193958
36313,42,77,0,0.8168920357466136
36313,43,75,-2,0.7355644783300851
36313,44,77,2,0.591965586993374
36313,45,66,-11,0.10115796593259727
36313,46,92,26,0.8487919661421629
36313,47,95,3,0.9668499623546118
36313,48,94,-1,0.7379455978478248
36313,49,95,1,0.79139401887879
36313,50,94,-1,0.8357812797560954
36313,51,92,-2,0.4545383997441098
36313,52,98,6,0.955599102234412
36313,53,96,-2,0.6381267522896875
36313,54,99,3,-1.0146594501288326
36313,55,0,-99,0.9742913889274913
36313,56,4,-9,1.0598844609896538
36313,57,3,-11,0.7385912436274404
36313,58,12,-28,1.1771160325209629
36313,59,12,-37,1.1747490939324876
36313,60,11,-35,1.2865383990225971
36313,61,10,-32,-0.36736565330705667
36313,62,72,62,0.8699299582565253
36313,63,73,1,0.42507394571585494
36313,64,89,16,-0.2610219321008982
36313,65,21,-68,0.8239698650096011
36313,66,20,-62,0.5705632564412595
36313,67,21,-63,0.6167011311326565
36313,68,16,-54,0.16714848157868678
36313,69,38,-93,0.6389945131296705
36313,70,47,9,1.0961825315678695
36313,71,48,1,0.7548895250945704
36313,72,49,1,1.1306096622099522
36313,73,48,-1,1.0730304941076378
36313,74,47,-1,0.6434097980147243
36313,75,51,4,0.7493054514635776
36313,76,52,1,0.7339851868970431
36313,77,53,1,0.9142273219168561
36313,78,53,0,1.035432006796393
36313,79,52,-1,1.5463723602486312
36313,80,52,0,1.1338226985943023
36313,81,52,0,0.9534554704189379
36313,82,52,0,0.8875817006264345
36313,83,51,-1,1.1007194128289635
36313,84,50,-1,0.877109182713695
36313,85,50,0,0.9126586810785015
36313,86,52,2,1.0754324647613442
36313,87,51,-1,0.5372935854006988
36313,88,65,14,-0.3059275054044478
36313,89,0,-66,0.7033009160069512
36313,90,0,-1,1.0241433014630363
36313,91,0,-1,0.7836202631248703
36313,92,10,-21,1.0355923053144627
36313,93,6,-23,0.32227764314090873
36313,94,28,-63,1.034374484575181
36313,95,32,-93,0.43453623615216924
36313,96,45,13,-0.1966794470635509
36313,97,0,-46,0.6616363487499394
36313,98,0,-1,0.8888110204450765
36313,99,0,-1,0.9744530343072229
36313,100,0,-1,0.7599736524539673
36313,101,1,-3,1.1896204001188257
36313,102,0,-2,1.0708839170239324
36313,103,0,-1,0.6239374823094888
36313,104,4,-9,1.1913503732444237
36313,105,1,-7,0.6324380264651083
36313,106,5,-12,0.7468781767126992
36313,107,9,-24,0.8295200148198077
36313,108,6,-22,0.7402388378754517
36313,109,7,-21,0.5020556739256085
36313,110,15,-38,0.5268152453741812
36313,111,20,-56,0.8933347527852046
36313,112,20,-61,1.0111559261674752
36313,113,17,-55,0.8414633430918825
36313,114,20,-58,0.6634551861726351
36313,115,25,-71,0.7403667098286312
36313,116,25,-76,0.72573085385781
36313,117,27,-80,0.870467167451299
36313,118,27,-82,1.0473501930295588
36313,119,24,-76,0.6504118051214922
36313,120,29,-83,0.6786033093511357
36313,121,34,-98,1.0152845252413305
36313,122,32,-99,0.9549719254854336
36313,123,30,-93,0.5169593825590065
36313,124,41,11,0.8501430219851258
36313,125,47,6,0.929238814910639
36313,126,46,-1,0.7586289227322365
36313,127,51,5,0.79444723116454
36313,128,54,3,1.055347201931487
36313,129,54,0,1.162621670443676
36313,130,54,0,0.9803166704809171
36313,131,56,2,0.7324149632255276
36313,132,60,4,0.2687046654419799
36313,133,76,16,-0.5222547061790614
36313,134,0,-77,0.5450115444782292
36313,135,6,-13,1.0628056231669787
36313,136,4,-15,0.6328447918536845
36313,137,15,-35,0.8653025413795805
36313,138,16,-48,1.2149029114117043
36313,139,10,-37,0.21467670308466738
36313,140,37,-85,0.91088171635144
36313,141,43,6,0.5797108304394444
36313,142,46,3,0.19568650494744425
36313,143,18,-83,0.7017183954003887
36313,144,17,-53,0.8820694286625669
36313,145,15,-48,0.7535259662212577
36313,146,21,-58,1.0343637336912896
36313,147,21,-64,0.9352698609444052
36313,148,19,-60,0.7164700401220171
36313,149,26,-72,0.7709841406820613
36313,150,26,-79,0.8559153144109336
36313,151,24,-75,0.7618698672701851
36313,152,30,-85,1.1980413635758247
36313,153,30,-91,0.9502833443812837
36313,154,28,-87,0.6530684509610147
36313,155,36,8,1.2366964640282005
36313,156,36,0,1.0088701114998135
36313,157,33,-3,0.49875852362864087
36313,158,47,14,0.898276386908233
36313,159,52,5,0.5212149388806676
36313,160,57,5,-0.01841072971923646
36313,161,4,-66,0.7489155554622755
36313,162,2,-9,0.31869815347761465
36313,163,20,-43,0.7034946113830941
36313,164,30,-81,8.07061555646286e-17
36313,165,64,34,-0.04814671575376525
36313,166,28,-36,0.6783189966503922
36313,167,26,-81,0.7999891721610605
36313,168,24,-75,0.6027636593843262
36313,169,29,-83,0.19241626082973115
36313,170,0,-30,0.6206505559634155
36313,171,8,-17,-0.6649081009898489
36313,172,99,91,0.7139407234633989
36313,173,88,-11,1.0108701155877142
36313,174,85,-3,0.9852233973154387
36313,175,85,0,0.5829724375851586
36313,176,93,8,1.264177108467106
36313,177,91,-2,0.6083710937211104
36313,178,99,8,1.2065200808035954
36313,179,97,-2,0.6119174405793864
36313,180,99,2,0.5186449961456527
36313,181,88,-11,0.9008607693699078
36313,182,84,-4,0.5099045067812737
36313,183,95,11,1.1387855341342341
36313,184,93,-2,0.9903587636480018
36313,185,92,-1,0.657590341974236
36313,186,99,7,0.6573730941818245
36313,187,89,-10,1.1676823275841426
36313,188,85,-4,0.3251908527061011
36313,189,99,14,0.8801249954092454
36313,190,96,-3,1.2500191147156992
36313,191,94,-2,0.8514104369470601
36313,192,94,0,0.6302296799821951
36313,193,98,4,0.9318448549697672
36313,194,93,-5,1.2120893628220937
36313,195,90,-3,0.9009572725097791
36313,196,88,-2,0.8073515333848164
36313,197,90,2,0.7045930077550077
36313,198,80,-10,0.8200854593787352
19144,0,43,-8,-0.2904972716826788
19144,1,96,53,1.2216696349988112
19144,2,93,-3,0.6912542339413943
19144,3,99,6,0.8800869781532937
19144,4,99,0,0.9634205791116142
19144,5,99,0,0.8770935556158217
19144,6,99,0,1.0017594708487867
19144,7,97,-2,0.8118356118217248
19144,8,98,1,0.8949754297739981
19144,9,98,0,0.8519168089403415
19144,10,98,0,0.5421689365288448
19144,11,86,-12,0.8652685602522028
19144,12,84,-2,0.8932702392315026
19144,13,83,-1,0.8781739087952989
19144,14,83,0,1.3676543545013522
19144,15,81,-2,0.8530634870773425
19144,16,84,3,0.8759668526851723
19144,17,84,0,0.7894002926045672
19144,18,86,2,0.8205389580733482
19144,19,83,-3,0.4486876045827627
19144,20,98,15,0.8707926840079445
19144,21,96,-2,1.1619471230864278
19144,22,93,-3,0.6928456460924693
19144,23,95,2,0.9866964046684104
19144,24,91,-4,0.9446654656304985
19144,25,86,-5,0.7926483792385727
19144,26,87,1,0.5067962242929895
19144,27,94,7,1.219929395156964
19144,28,88,-6,0.8872718660667028
19144,29,89,1,1.0186939096693712
19144,30,85,-4,0.5852707360900953
19144,31,87,2,0.5366871745554898
19144,32,69,-18,0.5418841813574227
19144,33,76,7,1.0020813334052174
19144,34,80,4,0.9348716202299653
19144,35,78,-2,0.6474779549437267
19144,36,65,-13,5.468762596333828e-17
19144,37,94,29,0.6441211615809519
19144,38,99,5,0.3174278665564641
19144,39,58,-41,0.34065739846972154
19144,40,77,19,0.9480422519385764
19144,41,77,0,0.8540216035193958
19144,42,77,0,0.8168920357466136
19144,43,75,-2,0.7355644783300851
19144,44,77,2,0.591965586993374
19144,45,66,-11,0.10115796593259727
19144,46,92,26,0.8487919661421629
19144,47,95,3,0.9668499623546118
19144,48,94,-1,0.7379455978478248
19144,49,95,1,0.79139401887879
19144,50,94,-1,0.8357812797560954
19144,51,92,-2,0.4545383997441098
19144,52,98,6,0.955599102234412
19144,53,96,-2,0.6381267522896875
19144,54,99,3,-1.0146594501288326
19144,55,0,-99,0.9742913889274913
19144,56,4,-9,1.0598844609896538
19144,57,3,-11,0.7385912436274404
19144,58,12,-28,1.1771160325209629
19144,59,12,-37,1.1747490939324876
19144,60,11,-35,1.2865383990225971
19144,61,10,-32,-0.36736565330705667
19144,62,72,62,0.8699299582565253
19144,63,73,1,0.42507394571585494
19144,64,89,16,-0.2610219321008982
19144,65,21,-68,0.8239698650096011
19144,66,20,-62,0.5705632564412595
19144,67,21,-63,0.6167011311326565
19144,68,16,-54,0.16714848157868678
19144,69,38,-93,0.6389945131296705
19144,70,47,9,1.0961825315678695
19144,71,48,1,0.7548895250945704
19144,72,49,1,1.1306096622099522
19144,73,48,-1,1.0730304941076378
19144,74,47,-1,0.6434097980147243
19144,75,51,4,0.7493054514635776
19144,76,52,1,0.7339851868970431
19144,77,53,1,0.9142273219168561
19144,78,53,0,1.035432006796393
19144,79,52,-1,1.5463723602486312
19144,80,52,0,1.1338226985943023
19144,81,52,0,0.9534554704189379
19144,82,52,0,0.8875817006264345
19144,83,51,-1,1.1007194128289635
19144,84,50,-1,0.877109182713695
19144,85,50,0,0.9126586810785015
19144,86,52,2,1.0754324647613442
19144,87,51,-1,0.5372935854006988
19144,88,65,14,-0.3059275054044478
19144,89,0,-66,0.7033009160069512
19144,90,0,-1,1.0241433014630363
19144,91,0,-1,0.7836202631248703
19144,92,10,-21,1.0355923053144627
19144,93,6,-23,0.32227764314090873
19144,94,28,-63,1.034374484575181
19144,95,32,-93,0.43453623615216924
19144,96,45,13,-0.1966794470635509
19144,97,0,-46,0.6616363487499394
19144,98,0,-1,0.8888110204450765
19144,99,0,-1,0.9744530343072229
19144,100,0,-1,0.7599736524539673
19144,101,1,-3,1.1896204001188257
19144,102,0,-2,1.0708839170239324
19144,103,0,-1,0.6239374823094888
19144,104,4,-9,1.1913503732444237
19144,105,1,-7,0.6324380264651083
19144,106,5,-12,0.7468781767126992
19144,107,9,-24,0.8295200148198077
19144,108,6,-22,0.7402388378754517
19144,109,7,-21,0.5020556739256085
19144,110,15,-38,0.5268152453741812
19144,111,20,-56,0.8933347527852046
19144,112,20,-61,1.0111559261674752
19144,113,17,-55,0.8414633430918825
19144,114,20,-58,0.6634551861726351
19144,115,25,-71,0.7403667098286312
19144,116,25,-76,0.72573085385781
19144,117,27,-80,0.870467167451299
19144,118,27,-82,1.0473501930295588
19144,119,24,-76,0.6504118051214922
19144,120,29,-83,0.6786033093511357
19144,121,34,-98,1.0152845252413305
19144,122,32,-99,0.9549719254854336
19144,123,30,-93,0.5169593825590065
19144,124,41,11,0.8501430219851258
19144,125,47,6,0.929238814910639
19144,126,46,-1,0.7586289227322365
19144,127,51,5,0.79444723116454
19144,128,54,3,1.055347201931487
19144,129,54,0,1.162621670443676
19144,130,54,0,0.9803166704809171
19144,131,56,2,0.7324149632255276
19144,132,60,4,0.2687046654419799
19144,133,76,16,-0.5222547061790614
19144,134,0,-77,0.5450115444782292
19144,135,6,-13,1.0628056231669787
19144,136,4,-15,0.6328447918536845
19144,137,15,-35,0.8653025413795805
19144,138,16,-48,1.2149029114117043
19144,139,10,-37,0.21467670308466738
19144,140,37,-85,0.91088171635144
19144,141,43,6,0.5797108304394444
19144,142,46,3,0.19568650494744425
19144,143,18,-83,0.7017183954003887
19144,144,17,-53,0.8820694286625669
19144,145,15,-48,0.7535259662212577
19144,146,21,-58,1.0343637336912896
19144,147,21,-64,0.9352698609444052
19144,148,19,-60,0.7164700401220171
19144,149,26,-72,0.7709841406820613
19144,150,26,-79,0.8559153144109336
19144,151,24,-75,0.7618698672701851
19144,152,30,-85,1.1980413635758247
19144,153,30,-91,0.9502833443812837
19144,154,28,-87,0.6530684509610147
19144,155,36,8,1.2366964640282005
19144,156,36,0,1.0088701114998135
19144,157,33,-3,0.49875852362864087
19144,158,47,14,0.898276386908233
19144,159,52,5,0.5212149388806676
19144,160,57,5,-0.01841072971923646
19144,161,4,-66,0.7489155554622755
19144,162,2,-9,0.31869815347761465
19144,163,20,-43,0.7034946113830941
19144,164,30,-81,8.07061555646286e-17
19144,165,64,34,-0.04814671575376525
19144,166,28,-36,0.6783189966503922
19144,167,26,-81,0.7999891721610605
19144,168,24,-75,0.6027636593843262
19144,169,29,-83,0.19241626082973115
19144,170,0,-30,0.6206505559634155
19144,171,8,-17,-0.6649081009898489
19144,172,99,91,0.7139407234633989
19144,173,88,-11,1.0108701155877142
19144,174,85,-3,0.9852233973154387
19144,175,85,0,0.5829724375851586
19144,176,93,8,1.264177108467106
19144,177,91,-2,0.6083710937211104
19144,178,99,8,1.2065200808035954
19144,179,97,-2,0.6119174405793864
19144,180,99,2,0.5186449961456527
19144,181,88,-11,0.9008607693699078
19144,182,84,-4,0.5099045067812737
19144,183,95,11,1.1387855341342341
19144,184,93,-2,0.9903587636480018
19144,185,92,-1,0.657590341974236
19144,186,99,7,0.6573730941818245
19144,187,89,-10,1.1676823275841426
19144,188,85,-4,0.3251908527061011
19144,189,99,14,0.8801249954092454
19144,190,96,-3,1.2500191147156992
19144,191,94,-2,0.8514104369470601
19144,192,94,0,0.6302296799821951
19144,193,98,4,0.9318448549697672
19144,194,93,-5,1.2120893628220937
19144,195,90,-3,0.9009572725097791
19144,196,88,-2,0.8073515333848164
19144,197,90,2,0.7045930077550077
19144,198,80,-10,0.8200854593787352
22126,0,43,-8,-0.2904972716826788
22126,1,96,53,1.2216696349988112
22126,2,93,-3,0.6912542339413943
22126,3,99,6,0.8800869781532937
22126,4,99,0,0.9634205791116142
22126,5,99,0,0.8770935556158217
22126,6,99,0,1.0017594708487867
22126,7,97,-2,0.8118356118217248
22126,8,98,1,0.8949754297739981
22126,9,98,0,0.8519168089403415
22126,10,98,0,0.5421689365288448
22126,11,86,-12,0.8652685602522028
22126,12,84,-2,0.8932702392315026
22126,13,83,-1,0.8781739087952989
22126,14,83,0,1.3676543545013522
22126,15,81,-2,0.8530634870773425
22126,16,84,3,0.8759668526851723
22126,17,84,0,0.7894002926045672
22126,18,86,2,0.8205389580733482
22126,19,83,-3,0.4486876045827627
22126,20,98,15,0.8707926840079445
22126,21,96,-2,1.1619471230864278
22126,22,93,-3,0.6928456460924693
22126,23,95,2,0.9866964046684104
22126,24,91,-4,0.9446654656304985
22126,25,86,-5,0.7926483792385727
22126,26,87,1,0.5067962242929895
22126,27,94,7,1.219929395156964
22126,28,88,-6,0.8872718660667028
22126,29,89,1,1.0186939096693712
22126,30,85,-4,0.5852707360900953
22126,31,87,2,0.5366871745554898
22126,32,69,-18,0.5418841813574227
22126,33,76,7,1.0020813334052174
22126,34,80,4,0.9348716202299653
22126,35,78,-2,0.6474779549437267
22126,36,65,-13,5.468762596333828e-17
22126,37,94,29,0.6441211615809519
22126,38,99,5,0.3174278665564641
22126,39,58,-41,0.34065739846972154
22126,40,77,19,0.9480422519385764
22126,41,77,0,0.8540216035193958
22126,42,77,0,0.8168920357466136
22126,43,75,-2,0.7355644783300851
22126,44,77,2,0.591965586993374
22126,45,66,-11,0.10115796593259727
22126,46,92,26,0.8487919661421629
22126,47,95,3,0.9668499623546118
22126,48,94,-1,0.7379455978478248
22126,49,95,1,0.79139401887879
22126,50,94,-1,0.8357812797560954
22126,51,92,-2,0.4545383997441098
22126,52,98,6,0.955599102234412
22126,53,96,-2,0.6381267522896875
22126,54,99,3,-1.0146594501288326
22126,55,0,-99,0.9742913889274913
22126,56,4,-9,1.0598844609896538
22126,57,3,-11,0.7385912436274404
22126,58,12,-28,1.1771160325209629
22126,59,12,-37,1.1747490939324876
22126,60,11,-35,1.2865383990225971
22126,61,10,-32,-0.36736565330705667
22126,62,72,62,0.8699299582565253
22126,63,73,1,0.42507394571585494
22126,64,89,16,-0.2610219321008982
22126,65,21,-68,0.8239698650096011
22126,66,20,-62,0.5705632564412595
22126,67,21,-63,0.6167011311326565
22126,68,16,-54,0.16714848157868678
22126,69,38,-93,0.6389945131296705
22126,70,47,9,1.0961825315678695
22126,71,48,1,0.7548895250945704
22126,72,49,1,1.1306096622099522
22126,73,48,-1,1.0730304941076378
22126,74,47,-1,0.6434097980147243
22126,75,51,4,0.7493054514635776
22126,76,52,1,0.7339851868970431
22126,77,53,1,0.9142273219168561
22126,78,53,0,1.035432006796393
22126,79,52,-1,1.5463723602486312
22126,80,52,0,1.1338226985943023
22126,81,52,0,0.9534554704189379
22126,82,52,0,0.8875817006264345
22126,83,51,-1,1.1007194128289635
22126,84,50,-1,0.877109182713695
22126,85,50,0,0.9126586810785015
22126,86,52,2,1.0754324647613442
22126,87,51,-1,0.5372935854006988
22126,88,65,14,-0.3059275054044478
22126,89,0,-66,0.7033009160069512
22126,90,0,-1,1.0241433014630363
22126,91,0,-1,0.7836202631248703
22126,92,10,-21,1.0355923053144627
22126,93,6,-23,0.32227764314090873
22126,94,28,-63,1.034374484575181
22126,95,32,-93,0.43453623615216924
22126,96,45,13,-0.1966794470635509
22126,97,0,-46,0.6616363487499394
22126,98,0,-1,0.8888110204450765
22126,99,0,-1,0.9744530343072229
22126,100,0,-1,0.7599736524539673
22126,101,1,-3,1.1896204001188257
22126,102,0,-2,1.0708839170239324
22126,103,0,-1,0.6239374823094888
22126,104,4,-9,1.1913503732444237
22126,105,1,-7,0.6324380264651083
22126,106,5,-12,0.7468781767126992
22126,107,9,-24,0.8295200148198077
22126,108,6,-22,0.7402388378754517
22126,109,7,-21,0.5020556739256085
22126,110,15,-38,0.5268152453741812
22126,111,20,-56,0.8933347527852046
22126,112,20,-61,1.0111559261674752
22126,113,17,-55,0.8414633430918825
22126,114,20,-58,0.6634551861726351
22126,115,25,-71,0.7403667098286312
22126,116,25,-76,0.72573085385781
22126,117,27,-80,0.870467167451299
22126,118,27,-82,1.0473501930295588
22126,119,24,-76,0.6504118051214922
22126,120,29,-83,0.6786033093511357
22126,121,34,-98,1.0152845252413305
22126,122,32,-99,0.9549719254854336
22126,123,30,-93,0.5169593825590065
22126,124,41,11,0.8501430219851258
22126,125,47,6,0.929238814910639
22126,126,46,-1,0.7586289227322365
22126,127,51,5,0.79444723116454
22126,128,54,3,1.055347201931487
22126,129,54,0,1.162621670443676
22126,130,54,0,0.9803166704809171
22126,131,56,2,0.7324149632255276
22126,132,60,4,0.2687046654419799
22126,133,76,16,-0.5222547061790614
22126,134,0,-77,0.5450115444782292
22126,135,6,-13,1.0628056231669787
22126,136,4,-15,0.6328447918536845
22126,137,15,-35,0.8653025413795805
22126,138,16,-48,1.2149029114117043
22126,139,10,-37,0.21467670308466738
22126,140,37,-85,0.91088171635144
22126,141,43,6,0.5797108304394444
22126,142,46,3,0.19568650494744425
22126,143,18,-83,0.7017183954003887
22126,144,17,-53,0.8820694286625669
22126,145,15,-48,0.7535259662212577
22126,146,21,-58,1.0343637336912896
22126,147,21,-64,0.9352698609444052
22126,148,19,-60,0.7164700401220171
22126,149,26,-72,0.7709841406820613
22126,150,26,-79,0.8559153144109336
22126,151,24,-75,0.7618698672701851
22126,152,30,-85,1.1980413635758247
22126,153,30,-91,0.9502833443812837
22126,154,28,-87,0.6530684509610147
22126,155,36,8,1.2366964640282005
22126,156,36,0,1.0088701114998135
22126,157,33,-3,0.49875852362864087
22126,158,47,14,0.898276386908233
22126,159,52,5,0.5212149388806676
22126,160,57,5,-0.01841072971923646
22126,161,4,-66,0.7489155554622755
22126,162,2,-9,0.31869815347761465
22126,163,20,-43,0.7034946113830941
22126,164,30,-81,8.07061555646286e-17
22126,165,64,34,-0.04814671575376525
22126,166,28,-36,0.6783189966503922
22126,167,26,-81,0.7999891721610605
22126,168,24,-75,0.6027636593843262
22126,169,29,-83,0.19241626082973115
22126,170,0,-30,0.6206505559634155
22126,171,8,-17,-0.6649081009898489
22126,172,99,91,0.7139407234633989
22126,173,88,-11,1.0108701155877142
22126,174,85,-3,0.9852233973154387
22126,175,85,0,0.5829724375851586
22126,176,93,8,1.264177108467106
22126,177,91,-2,0.6083710937211104
22126,178,99,8,1.2065200808035954
22126,179,97,-2,0.6119174405793864
22126,180,99,2,0.5186449961456527
22126,181,88,-11,0.9008607693699078
22126,182,84,-4,0.5099045067812737
22126,183,95,11,1.1387855341342341
22126,184,93,-2,0.9903587636480018
22126,185,92,-1,0.657590341974236
22126,186,99,7,0.6573730941818245
22126,187,89,-10,1.1676823275841426
22126,188,85,-4,0.3251908527061011
22126,189,99,14,0.8801249954092454
22126,190,96,-3,1.2500191147156992
22126,191,94,-2,0.8514104369470601
22126,192,94,0,0.6302296799821951
22126,193,98,4,0.9318448549697672
22126,194,93,-5,1.2120893628220937
22126,195,90,-3,0.9009572725097791
22126,196,88,-2,0.8073515333848164
22126,197,90,2,0.7045930077550077
22126,198,80,-10,0.8200854593787352
62674,0,43,-8,-0.2904972716826788
62674,1,96,53,1.2216696349988112
62674,2,93,-3,0.6912542339413943
62674,3,99,6,0.8800869781532937
62674,4,99,0,0.9634205791116142
62674,5,99,0,0.8770935556158217
62674,6,99,0,1.0017594708487867
62674,7,97,-2,0.8118356118217248
62674,8,98,1,0.8949754297739981
62674,9,98,0,0.8519168089403415
62674,10,98,0,0.5421689365288448
62674,11,86,-12,0.8652685602522028
62674,12,84,-2,0.8932702392315026
62674,13,83,-1,0.8781739087952989
62674,14,83,0,1.3676543545013522
62674,15,81,-2,0.8530634870773425
62674,16,84,3,0.8759668526851723
62674,17,84,0,0.7894002926045672
62674,18,86,2,0.8205389580733482
62674,19,83,-3,0.4486876045827627
62674,20,98,15,0.8707926840079445
62674,21,96,-2,1.1619471230864278
62674,22,93,-3,0.6928456460924693
62674,23,95,2,0.9866964046684104
62674,24,91,-4,0.9446654656304985
62674,25,86,-5,0.7926483792385727
62674,26,87,1,0.5067962242929895
62674,27,94,7,1.219929395156964
62674,28,88,-6,0.8872718660667028
62674,29,89,1,1.0186939096693712
62674,30,85,-4,0.5852707360900953
62674,31,87,2,0.5366871745554898
62674,32,69,-18,0.5418841813574227
62674,33,76,7,1.0020813334052174
62674,34,80,4,0.9348716202299653
62674,35,78,-2,0.6474779549437267
62674,36,65,-13,5.468762596333828e-17
62674,37,94,29,0.6441211615809519
62674,38,99,5,0.3174278665564641
62674,39,58,-41,0.34065739846972154
62674,40,77,19,0.9480422519385764
62674,41,77,0,0.8540216035193958
62674,42,77,0,0.8168920357466136
62674,43,75,-2,0.7355644783300851
62674,44,77,2,0.591965586993374
62674,45,66,-11,0.10115796593259727
62674,46,92,26,0.8487919661421629
62674,47,95,3,0.9668499623546118
62674,48,94,-1,0.7379455978478248
62674,49,95,1,0.79139401887879
62674,50,94,-1,0.8357812797560954
62674,51,92,-2,0.4545383997441098
62674,52,98,6,0.955599102234412
62674,53,96,-2,0.6381267522896875
62674,54,99,3,-1.0146594501288326
62674,55,0,-99,0.9742913889274913
62674,56,4,-9,1.0598844609896538
62674,57,3,-11,0.7385912436274404
62674,58,12,-28,1.1771160325209629
62674,59,12,-37,1.1747490939324876
62674,60,11,-35,1.2865383990225971
62674,61,10,-32,-0.36736565330705667
62674,62,72,62,0.8699299582565253
62674,63,73,1,0.42507394571585494
62674,64,89,16,-0.2610219321008982
62674,65,21,-68,0.8239698650096011
62674,66,20,-62,0.5705632564412595
62674,67,21,-63,0.6167011311326565
62674,68,16,-54,0.16714848157868678
62674,69,38,-93,0.6389945131296705
62674,70,47,9,1.0961825315678695
62674,71,48,1,0.7548895250945704
62674,72,49,1,1.1306096622099522
62674,73,48,-1,1.0730304941076378
62674,74,47,-1,0.6434097980147243
62674,75,51,4,0.7493054514635776
62674,76,52,1,0.7339851868970431
62674,77,53,1,0.9142273219168561
62674,78,53,0,1.035432006796393
62674,79,52,-1,1.5463723602486312
62674,80,52,0,1.1338226985943023
62674,81,52,0,0.9534554704189379
62674,82,52,0,0.8875817006264345
62674,83,51,-1,1.1007194128289635
62674,84,50,-1,0.877109182713695
62674,85,50,0,0.9126586810785015
62674,86,52,2,1.0754324647613442
62674,87,51,-1,0.5372935854006988
62674,88,65,14,-0.3059275054044478
62674,89,0,-66,0.7033009160069512
62674,90,0,-1,1.0241433014630363
62674,91,0,-1,0.7836202631248703
62674,92,10,-21,1.0355923053144627
62674,93,6,-23,0.32227764314090873
62674,94,28,-63,1.034374484575181
62674,95,32,-93,0.43453623615216924
62674,96,45,13,-0.1966794470635509
62674,97,0,-46,0.6616363487499394
62674,98,0,-1,0.8888110204450765
62674,99,0,-1,0.9744530343072229
62674,100,0,-1,0.7599736524539673
62674,101,1,-3,1.1896204001188257
62674,102,0,-2,1.0708839170239324
62674,103,0,-1,0.6239374823094888
62674,104,4,-9,1.1913503732444237
62674,105,1,-7,0.6324380264651083
62674,106,5,-12,0.7468781767126992
62674,107,9,-24,0.8295200148198077
62674,108,6,-22,0.7402388378754517
62674,109,7,-21,0.5020556739256085
62674,110,15,-38,0.5268152453741812
62674,111,20,-56,0.8933347527852046
62674,112,20,-61,1.0111559261674752
62674,113,17,-55,0.8414633430918825
62674,114,20,-58,0.6634551861726351
62674,115,25,-71,0.7403667098286312
62674,116,25,-76,0.72573085385781
62674,117,27,-80,0.870467167451299
62674,118,27,-82,1.0473501930295588
62674,119,24,-76,0.6504118051214922
62674,120,29,-83,0.6786033093511357
62674,121,34,-98,1.0152845252413305
62674,122,32,-99,0.9549719254854336
62674,123,30,-93,0.5169593825590065
62674,124,41,11,0.8501430219851258
62674,125,47,6,0.929238814910639
62674,126,46,-1,0.7586289227322365
62674,127,51,5,0.79444723116454
62674,128,54,3,1.055347201931487
62674,129,54,0,1.162621670443676
62674,130,54,0,0.9803166704809171
62674,131,56,2,0.7324149632255276
62674,132,60,4,0.2687046654419799
62674,133,76,16,-0.5222547061790614
62674,134,0,-77,0.5450115444782292
62674,135,6,-13,1.0628056231669787
62674,136,4,-15,0.6328447918536845
62674,137,15,-35,0.8653025413795805
62674,138,16,-48,1.2149029114117043
62674,139,10,-37,0.21467670308466738
62674,140,37,-85,0.91088171635144
62674,141,43,6,0.5797108304394444
62674,142,46,3,0.19568650494744425
62674,143,18,-83,0.7017183954003887
62674,144,17,-53,0.8820694286625669
62674,145,15,-48,0.7535259662212577
62674,146,21,-58,1.0343637336912896
62674,147,21,-64,0.9352698609444052
62674,148,19,-60,0.7164700401220171
62674,149,26,-72,0.7709841406820613
62674,150,26,-79,0.8559153144109336
62674,151,24,-75,0.7618698672701851
62674,152,30,-85,1.1980413635758247
62674,153,30,-91,0.9502833443812837
62674,154,28,-87,0.6530684509610147
62674,155,36,8,1.2366964640282005
62674,156,36,0,1.0088701114998135
62674,157,33,-3,0.49875852362864087
62674,158,47,14,0.898276386908233
62674,159,52,5,0.5212149388806676
62674,160,57,5,-0.01841072971923646
62674,161,4,-66,0.7489155554622755
62674,162,2,-9,0.31869815347761465
62674,163,20,-43,0.7034946113830941
62674,164,30,-81,8.07061555646286e-17
62674,165,64,34,-0.04814671575376525
62674,166,28,-36,0.6783189966503922
62674,167,26,-81,0.7999891721610605
62674,168,24,-75,0.6027636593843262
62674,169,29,-83,0.19241626082973115
62674,170,0,-30,0.6206505559634155
62674,171,8,-17,-0.6649081009898489
62674,172,99,91,0.7139407234633989
62674,173,88,-11,1.0108701155877142
62674,174,85,-3,0.9852233973154387
62674,175,85,0,0.5829724375851586
62674,176,93,8,1.264177108467106
62674,177,91,-2,0.6083710937211104
62674,178,99,8,1.2065200808035954
62674,179,97,-2,0.6119174405793864
62674,180,99,2,0.5186449961456527
62674,181,88,-11,0.9008607693699078
62674,182,84,-4,0.5099045067812737
62674,183,95,11,1.1387855341342341
62674,184,93,-2,0.9903587636480018
62674,185,92,-1,0.657590341974236
62674,186,99,7,0.6573730941818245
62674,187,89,-10,1.1676823275841426
62674,188,85,-4,0.3251908527061011
62674,189,99,14,0.8801249954092454
62674,190,96,-3,1.2500191147156992
62674,191,94,-2,0.8514104369470601
62674,192,94,0,0.6302296799821951
62674,193,98,4,0.9318448549697672
62674,194,93,-5,1.2120893628220937
62674,195,90,-3,0.9009572725097791
62674,196,88,-2,0.8073515333848164
62674,197,90,2,0.7045930077550077
62674,198,80,-10,0.8200854593787352
88226,0,43,-8,-0.2904972716826788
88226,1,96,53,1.2216696349988112
88226,2,93,-3,0.6912542339413943
88226,3,99,6,0.8800869781532937
88226,4,99,0,0.9634205791116142
88226,5,99,0,0.8770935556158217
88226,6,99,0,1.0017594708487867
88226,7,97,-2,0.8118356118217248
88226,8,98,1,0.8949754297739981
88226,9,98,0,0.8519168089403415
88226,10,98,0,0.5421689365288448
88226,11,86,-12,0.8652685602522028
88226,12,84,-2,0.8932702392315026
88226,13,83,-1,0.8781739087952989
88226,14,83,0,1.3676543545013522
88226,15,81,-2,0.8530634870773425
88226,16,84,3,0.8759668526851723
88226,17,84,0,0.7894002926045672
88226,18,86,2,0.8205389580733482
88226,19,83,-3,0.4486876045827627
88226,20,98,15,0.8707926840079445
88226,21,96,-2,1.1619471230864278
88226,22,93,-3,0.6928456460924693
88226,23,95,2,0.9866964046684104
88226,24,91,-4,0.9446654656304985
88226,25,86,-5,0.7926483792385727
88226,26,87,1,0.5067962242929895
88226,27,94,7,1.219929395156964
88226,28,88,-6,0.8872718660667028
88226,29,89,1,1.0186939096693712
88226,30,85,-4,0.5852707360900953
88226,31,87,2,0.5366871745554898
88226,32,69,-18,0.5418841813574227
88226,33,76,7,1.0020813334052174
88226,34,80,4,0.9348716202299653
88226,35,78,-2,0.6474779549437267
88226,36,65,-13,5.468762596333828e-17
88226,37,94,29,0.6441211615809519
88226,38,99,5,0.3174278665564641
88226,39,58,-41,0.34065739846972154
88226,40,77,19,0.9480422519385764
88226,41,77,0,0.8540216035193958
88226,42,77,0,0.8168920357466136
88226,43,75,-2,0.7355644783300851
88226,44,77,2,0.591965586993374
88226,45,66,-11,0.10115796593259727
88226,46,92,26,0.8487919661421629
88226,47,95,3,0.9668499623546118
88226,48,94,-1,0.7379455978478248
88226,49,95,1,0.79139401887879
88226,50,94,-1,0.8357812797560954
88226,51,92,-2,0.4545383997441098
88226,52,98,6,0.955599102234412
88226,53,96,-2,0.6381267522896875
88226,54,99,3,-1.0146594501288326
88226,55,0,-99,0.9742913889274913
88226,56,4,-9,1.0598844609896538
88226,57,3,-11,0.7385912436274404
88226,58,12,-28,1.1771160325209629
88226,59,12,-37,1.1747490939324876
88226,60,11,-35,1.2865383990225971
88226,61,10,-32,-0.36736565330705667
88226,62,72,62,0.8699299582565253
88226,63,73,1,0.42507394571585494
88226,64,89,16,-0.2610219321008982
88226,65,21,-68,0.8239698650096011
88226,66,20,-62,0.5705632564412595
88226,67,21,-63,0.6167011311326565
88226,68,16,-54,0.16714848157868678
88226,69,38,-93,0.6389945131296705
88226,70,47,9,1.0961825315678695
88226,71,48,1,0.7548895250945704
88226,72,49,1,1.1306096622099522
88226,73,48,-1,1.0730304941076378
88226,74,47,-1,0.6434097980147243
88226,75,51,4,0.7493054514635776
88226,76,52,1,0.7339851868970431
88226,77,53,1,0.9142273219168561
88226,78,53,0,1.035432006796393
88226,79,52,-1,1.5463723602486312
88226,80,52,0,1.1338226985943023
88226,81,52,0,0.9534554704189379
88226,82,52,0,0.8875817006264345
88226,83,51,-1,1.1007194128289635
88226,84,50,-1,0.877109182713695
88226,85,50,0,0.9126586810785015
88226,86,52,2,1.0754324647613442
88226,87,51,-1,0.5372935854006988
88226,88,65,14,-0.3059275054044478
88226,89,0,-66,0.7033009160069512
88226,90,0,-1,1.0241433014630363
88226,91,0,-1,0.7836202631248703
88226,92,10,-21,1.0355923053144627
88226,93,6,-23,0.32227764314090873
88226,94,28,-63,1.034374484575181
88226,95,32,-93,0.43453623615216924
88226,96,45,13,-0.1966794470635509
88226,97,0,-46,0.6616363487499394
88226,98,0,-1,0.8888110204450765
88226,99,0,-1,0.9744530343072229
88226,100,0,-1,0.7599736524539673
88226,101,1,-3,1.1896204001188257
88226,102,0,-2,1.0708839170239324
88226,103,0,-1,0.6239374823094888
88226,104,4,-9,1.1913503732444237
88226,105,1,-7,0.6324380264651083
88226,106,5,-12,0.7468781767126992
88226,107,9,-24,0.8295200148198077
88226,108,6,-22,0.7402388378754517
88226,109,7,-21,0.5020556739256085
88226,110,15,-38,0.5268152453741812
88226,111,20,-56,0.8933347527852046
88226,112,20,-61,1.0111559261674752
88226,113,17,-55,0.8414633430918825
88226,114,20,-58,0.6634551861726351
88226,115,25,-71,0.7403667098286312
88226,116,25,-76,0.72573085385781
88226,117,27,-80,0.870467167451299
88226,118,27,-82,1.0473501930295588
88226,119,24,-76,0.6504118051214922
88226,120,29,-83,0.6786033093511357
88226,121,34,-98,1.0152845252413305
88226,122,32,-99,0.9549719254854336
88226,123,30,-93,0.5169593825590065
88226,124,41,11,0.8501430219851258
88226,125,47,6,0.929238814910639
88226,126,46,-1,0.7586289227322365
88226,127,51,5,0.79444723116454
88226,128,54,3,1.055347201931487
88226,129,54,0,1.162621670443676
88226,130,54,0,0.9803166704809171
88226,131,56,2,0.7324149632255276
88226,132,60,4,0.2687046654419799
88226,133,76,16,-0.5222547061790614
88226,134,0,-77,0.5450115444782292
88226,135,6,-13,1.0628056231669787
88226,136,4,-15,0.6328447918536845
88226,137,15,-35,0.8653025413795805
88226,138,16,-48,1.2149029114117043
88226,139,10,-37,0.21467670308466738
88226,140,37,-85,0.91088171635144
88226,141,43,6,0.5797108304394444
88226,142,46,3,0.19568650494744425
88226,143,18,-83,0.7017183954003887
88226,144,17,-53,0.8820694286625669
88226,145,15,-48,0.7535259662212577
88226,146,21,-58,1.0343637336912896
88226,147,21,-64,0.9352698609444052
88226,148,19,-60,0.7164700401220171
88226,149,26,-72,0.7709841406820613
88226,150,26,-79,0.8559153144109336
88226,151,24,-75,0.7618698672701851
88226,152,30,-85,1.1980413635758247
88226,153,30,-91,0.9502833443812837
88226,154,28,-87,0.6530684509610147
88226,155,36,8,1.2366964640282005
88226,156,36,0,1.0088701114998135
88226,157,33,-3,0.49875852362864087
88226,158,47,14,0.898276386908233
88226,159,52,5,0.5212149388806676
88226,160,57,5,-0.01841072971923646
88226,161,4,-66,0.7489155554622755
88226,162,2,-9,0.31869815347761465
88226,163,20,-43,0.7034946113830941
88226,164,30,-81,8.07061555646286e-17
88226,165,64,34,-0.04814671575376525
88226,166,28,-36,0.6783189966503922
88226,167,26,-81,0.7999891721610605
88226,168,24,-75,0.6027636593843262
88226,169,29,-83,0.19241626082973115
88226,170,0,-30,0.6206505559634155
88226,171,8,-17,-0.6649081009898489
88226,172,99,91,0.7139407234633989
88226,173,88,-11,1.0108701155877142
88226,174,85,-3,0.9852233973154387
88226,175,85,0,0.5829724375851586
88226,176,93,8,1.264177108467106
88226,177,91,-2,0.6083710937211104
88226,178,99,8,1.2065200808035954
88226,179,97,-2,0.6119174405793864
88226,180,99,2,0.5186449961456527
88226,181,88,-11,0.9008607693699078
88226,182,84,-4,0.5099045067812737
88226,183,95,11,1.1387855341342341
88226,184,93,-2,0.9903587636480018
88226,185,92,-1,0.657590341974236
88226,186,99,7,0.6573730941818245
88226,187,89,-10,1.1676823275841426
88226,188,85,-4,0.3251908527061011
88226,189,99,14,0.8801249954092454
88226,190,96,-3,1.2500191147156992
88226,191,94,-2,0.8514104369470601
88226,192,94,0,0.6302296799821951
88226,193,98,4,0.9318448549697672
88226,194,93,-5,1.2120893628220937
88226,195,90,-3,0.9009572725097791
88226,196,88,-2,0.8073515333848164
88226,197,90,2,0.7045930077550077
88226,198,80,-10,0.8200854593787352
39808,0,43,-8,-0.2904972716826788
39808,1,96,53,1.2216696349988112
39808,2,93,-3,0.6912542339413943
39808,3,99,6,0.8800869781532937
39808,4,99,0,0.9634205791116142
39808,5,99,0,0.8770935556158217
39808,6,99,0,1.0017594708487867
39808,7,97,-2,0.8118356118217248
39808,8,98,1,0.8949754297739981
39808,9,98,0,0.8519168089403415
39808,10,98,0,0.5421689365288448
39808,11,86,-12,0.8652685602522028
39808,12,84,-2,0.8932702392315026
39808,13,83,-1,0.8781739087952989
39808,14,83,0,1.3676543545013522
39808,15,81,-2,0.8530634870773425
39808,16,84,3,0.8759668526851723
39808,17,84,0,0.7894002926045672
39808,18,86,2,0.8205389580733482
39808,19,83,-3,0.4486876045827627
39808,20,98,15,0.8707926840079445
39808,21,96,-2,1.1619471230864278
39808,22,93,-3,0.6928456460924693
39808,23,95,2,0.9866964046684104
39808,24,91,-4,0.9446654656304985
39808,25,86,-5,0.7926483792385727
39808,26,87,1,0.5067962242929895
39808,27,94,7,1.219929395156964
39808,28,88,-6,0.8872718660667028
39808,29,89,1,1.0186939096693712
39808,30,85,-4,0.5852707360900953
39808,31,87,2,0.5366871745554898
39808,32,69,-18,0.5418841813574227
39808,33,76,7,1.0020813334052174
39808,34,80,4,0.9348716202299653
39808,35,78,-2,0.6474779549437267
39808,36,65,-13,5.468762596333828e-17
39808,37,94,29,0.6441211615809519
39808,38,99,5,0.3174278665564641
39808,39,58,-41,0.34065739846972154
39808,40,77,19,0.9480422519385764
39808,41,77,0,0.8540216035193958
39808,42,77,0,0.8168920357466136
39808,43,75,-2,0.7355644783300851
39808,44,77,2,0.591965586993374
39808,45,66,-11,0.10115796593259727
39808,46,92,26,0.8487919661421629
39808,47,95,3,0.9668499623546118
39808,48,94,-1,0.7379455978478248
39808,49,95,1,0.79139401887879
39808,50,94,-1,0.8357812797560954
39808,51,92,-2,0.4545383997441098
39808,52,98,6,0.955599102234412
39808,53,96,-2,0.6381267522896875
39808,54,99,3,-1.0146594501288326
39808,55,0,-99,0.9742913889274913
39808,56,4,-9,1.0598844609896538
39808,57,3,-11,0.7385912436274404
39808,58,12,-28,1.1771160325209629
39808,59,12,-37,1.1747490939324876
39808,60,11,-35,1.2865383990225971
39808,61,10,-32,-0.36736565330705667
39808,62,72,62,0.8699299582565253
39808,63,73,1,0.42507394571585494
39808,64,89,16,-0.2610219321008982
39808,65,21,-68,0.8239698650096011
39808,66,20,-62,0.5705632564412595
39808,67,21,-63,0.6167011311326565
39808,68,16,-54,0.16714848157868678
39808,69,38,-93,0.6389945131296705
39808,70,47,9,1.0961825315678695
39808,71,48,1,0.7548895250945704
39808,72,49,1,1.1306096622099522
39808,73,48,-1,1.0730304941076378
39808,74,47,-1,0.6434097980147243
39808,75,51,4,0.7493054514635776
39808,76,52,1,0.7339851868970431
39808,77,53,1,0.9142273219168561
39808,78,53,0,1.035432006796393
39808,79,52,-1,1.5463723602486312
39808,80,52,0,1.1338226985943023
39808,81,52,0,0.9534554704189379
39808,82,52,0,0.8875817006264345
39808,83,51,-1,1.1007194128289635
39808,84,50,-1,0.877109182713695
39808,85,50,0,0.9126586810785015
39808,86,52,2,1.0754324647613442
39808,87,51,-1,0.5372935854006988
39808,88,65,14,-0.3059275054044478
39808,89,0,-66,0.7033009160069512
39808,90,0,-1,1.0241433014630363
39808,91,0,-1,0.7836202631248703
39808,92,10,-21,1.0355923053144627
39808,93,6,-23,0.32227764314090873
39808,94,28,-63,1.034374484575181
39808,95,32,-93,0.43453623615216924
39808,96,45,13,-0.1966794470635509
39808,97,0,-46,0.6616363487499394
39808,98,0,-1,0.8888110204450765
39808,99,0,-1,0.9744530343072229
39808,100,0,-1,0.7599736524539673
39808,101,1,-3,1.1896204001188257
39808,102,0,-2,1.0708839170239324
39808,103,0,-1,0.6239374823094888
39808,104,4,-9,1.1913503732444237
39808,105,1,-7,0.6324380264651083
39808,106,5,-12,0.7468781767126992
39808,107,9,-24,0.8295200148198077
39808,108,6,-22,0.7402388378754517
39808,109,7,-21,0.5020556739256085
39808,110,15,-38,0.5268152453741812
39808,111,20,-56,0.8933347527852046
39808,112,20,-61,1.0111559261674752
39808,113,17,-55,0.8414633430918825
39808,114,20,-58,0.6634551861726351
39808,115,25,-71,0.7403667098286312
39808,116,25,-76,0.72573085385781
39808,117,27,-80,0.870467167451299
39808,118,27,-82,1.0473501930295588
39808,119,24,-76,0.6504118051214922
39808,120,29,-83,0.6786033093511357
39808,121,34,-98,1.0152845252413305
39808,122,32,-99,0.9549719254854336
39808,123,30,-93,0.5169593825590065
39808,124,41,11,0.8501430219851258
39808,125,47,6,0.929238814910639
39808,126,46,-1,0.7586289227322365
39808,127,51,5,0.79444723116454
39808,128,54,3,1.055347201931487
39808,129,54,0,1.162621670443676
39808,130,54,0,0.9803166704809171
39808,131,56,2,0.7324149632255276
39808,132,60,4,0.2687046654419799
39808,133,76,16,-0.5222547061790614
39808,134,0,-77,0.5450115444782292
39808,135,6,-13,1.0628056231669787
39808,136,4,-15,0.6328447918536845
39808,137,15,-35,0.8653025413795805
39808,138,16,-48,1.2149029114117043
39808,139,10,-37,0.21467670308466738
39808,140,37,-85,0.91088171635144
39808,141,43,6,0.5797108304394444
39808,142,46,3,0.19568650494744425
39808,143,18,-83,0.7017183954003887
39808,144,17,-53,0.8820694286625669
39808,145,15,-48,0.7535259662212577
39808,146,21,-58,1.0343637336912896
39808,147,21,-64,0.9352698609444052
39808,148,19,-60,0.7164700401220171
39808,149,26,-72,0.7709841406820613
39808,150,26,-79,0.8559153144109336
39808,151,24,-75,0.7618698672701851
39808,152,30,-85,1.1980413635758247
39808,153,30,-91,0.9502833443812837
39808,154,28,-87,0.6530684509610147
39808,155,36,8,1.2366964640282005
39808,156,36,0,1.0088701114998135
39808,157,33,-3,0.49875852362864087
39808,158,47,14,0.898276386908233
39808,159,52,5,0.5212149388806676
39808,160,57,5,-0.01841072971923646
39808,161,4,-66,0.7489155554622755
39808,162,2,-9,0.31869815347761465
39808,163,20,-43,0.7034946113830941
39808,164,30,-81,8.07061555646286e-17
39808,165,64,34,-0.04814671575376525
39808,166,28,-36,0.6783189966503922
39808,167,26,-81,0.7999891721610605
39808,168,24,-75,0.6027636593843262
39808,169,29,-83,0.19241626082973115
39808,170,0,-30,0.6206505559634155
39808,171,8,-17,-0.6649081009898489
39808,172,99,91,0.7139407234633989
39808,173,88,-11,1.0108701155877142
39808,174,85,-3,0.9852233973154387
39808,175,85,0,0.5829724375851586
39808,176,93,8,1.264177108467106
39808,177,91,-2,0.6083710937211104
39808,178,99,8,1.2065200808035954
39808,179,97,-2,0.6119174405793864
39808,180,99,2,0.5186449961456527
39808,181,88,-11,0.9008607693699078
39808,182,84,-4,0.5099045067812737
39808,183,95,11,1.1387855341342341
39808,184,93,-2,0.9903587636480018
39808,185,92,-1,0.657590341974236
39808,186,99,7,0.6573730941818245
39808,187,89,-10,1.1676823275841426
39808,188,85,-4,0.3251908527061011
39808,189,99,14,0.8801249954092454
39808,190,96,-3,1.2500191147156992
39808,191,94,-2,0.8514104369470601
39808,192,94,0,0.6302296799821951
39808,193,98,4,0.9318448549697672
39808,194,93,-5,1.2120893628220937
39808,195,90,-3,0.9009572725097791
39808,196,88,-2,0.8073515333848164
39808,197,90,2,0.7045930077550077
39808,198,80,-10,0.8200854593787352
62714,0,43,-8,-0.2904972716826788
62714,1,96,53,1.2216696349988112
62714,2,93,-3,0.6912542339413943
62714,3,99,6,0.8800869781532937
62714,4,99,0,0.9634205791116142
62714,5,99,0,0.8770935556158217
62714,6,99,0,1.0017594708487867
62714,7,97,-2,0.8118356118217248
62714,8,98,1,0.8949754297739981
62714,9,98,0,0.8519168089403415
62714,10,98,0,0.5421689365288448
62714,11,86,-12,0.8652685602522028
62714,12,84,-2,0.8932702392315026
62714,13,83,-1,0.8781739087952989
62714,14,83,0,1.3676543545013522
62714,15,81,-2,0.8530634870773425
62714,16,84,3,0.8759668526851723
62714,17,84,0,0.7894002926045672
62714,18,86,2,0.8205389580733482
62714,19,83,-3,0.4486876045827627
62714,20,98,15,0.8707926840079445
62714,21,96,-2,1.1619471230864278
62714,22,93,-3,0.6928456460924693
62714,23,95,2,0.9866964046684104
62714,24,91,-4,0.9446654656304985
62714,25,86,-5,0.7926483792385727
62714,26,87,1,0.5067962242929895
62714,27,94,7,1.219929395156964
62714,28,88,-6,0.8872718660667028
62714,29,89,1,1.0186939096693712
62714,30,85,-4,0.5852707360900953
62714,31,87,2,0.5366871745554898
62714,32,69,-18,0.5418841813574227
62714,33,76,7,1.0020813334052174
62714,34,80,4,0.9348716202299653
62714,35,78,-2,0.6474779549437267
62714,36,65,-13,5.468762596333828e-17
62714,37,94,29,0.6441211615809519
62714,38,99,5,0.3174278665564641
62714,39,58,-41,0.34065739846972154
62714,40,77,19,0.9480422519385764
62714,41,77,0,0.8540216035193958
62714,42,77,0,0.8168920357466136
62714,43,75,-2,0.7355644783300851
62714,44,77,2,0.591965586993374
62714,45,66,-11,0.10115796593259727
62714,46,92,26,0.8487919661421629
62714,47,95,3,0.9668499623546118
62714,48,94,-1,0.7379455978478248
62714,49,95,1,0.79139401887879
62714,50,94,-1,0.8357812797560954
62714,51,92,-2,0.4545383997441098
62714,52,98,6,0.955599102234412
62714,53,96,-2,0.6381267522896875
62714,54,99,3,-1.0146594501288326
62714,55,0,-99,0.9742913889274913
62714,56,4,-9,1.0598844609896538
62714,57,3,-11,0.7385912436274404
62714,58,12,-28,1.1771160325209629
62714,59,12,-37,1.1747490939324876
62714,60,11,-35,1.2865383990225971
62714,61,10,-32,-0.36736565330705667
62714,62,72,62,0.8699299582565253
62714,63,73,1,0.42507394571585494
62714,64,89,16,-0.2610219321008982
62714,65,21,-68,0.8239698650096011
62714,66,20,-62,0.5705632564412595
62714,67,21,-63,0.6167011311326565
62714,68,16,-54,0.16714848157868678
62714,69,38,-93,0.6389945131296705
62714,70,47,9,1.0961825315678695
62714,71,48,1,0.7548895250945704
62714,72,49,1,1.1306096622099522
62714,73,48,-1,1.0730304941076378
62714,74,47,-1,0.6434097980147243
62714,75,51,4,0.7493054514635776
62714,76,52,1,0.7339851868970431
62714,77,53,1,0.9142273219168561
62714,78,53,0,1.035432006796393
62714,79,52,-1,1.5463723602486312
62714,80,52,0,1.1338226985943023
62714,81,52,0,0.9534554704189379
62714,82,52,0,0.8875817006264345
62714,83,51,-1,1.1007194128289635
62714,84,50,-1,0.877109182713695
62714,85,50,0,0.9126586810785015
62714,86,52,2,1.0754324647613442
62714,87,51,-1,0.5372935854006988
62714,88,65,14,-0.3059275054044478
62714,89,0,-66,0.7033009160069512
62714,90,0,-1,1.0241433014630363
62714,91,0,-1,0.7836202631248703
62714,92,10,-21,1.0355923053144627
62714,93,6,-23,0.32227764314090873
62714,94,28,-63,1.034374484575181
62714,95,32,-93,0.43453623615216924
62714,96,45,13,-0.1966794470635509
62714,97,0,-46,0.6616363487499394
62714,98,0,-1,0.8888110204450765
62714,99,0,-1,0.9744530343072229
62714,100,0,-1,0.7599736524539673
62714,101,1,-3,1.1896204001188257
62714,102,0,-2,1.0708839170239324
62714,103,0,-1,0.6239374823094888
62714,104,4,-9,1.1913503732444237
62714,105,1,-7,0.6324380264651083
62714,106,5,-12,0.7468781767126992
62714,107,9,-24,0.8295200148198077
62714,108,6,-22,0.7402388378754517
62714,109,7,-21,0.5020556739256085
62714,110,15,-38,0.5268152453741812
62714,111,20,-56,0.8933347527852046
62714,112,20,-61,1.0111559261674752
62714,113,17,-55,0.8414633430918825
62714,114,20,-58,0.6634551861726351
62714,115,25,-71,0.7403667098286312
62714,116,25,-76,0.72573085385781
62714,117,27,-80,0.870467167451299
62714,118,27,-82,1.0473501930295588
62714,119,24,-76,0.6504118051214922
62714,120,29,-83,0.6786033093511357
62714,121,34,-98,1.0152845252413305
62714,122,32,-99,0.9549719254854336
62714,123,30,-93,0.5169593825590065
62714,124,41,11,0.8501430219851258
62714,125,47,6,0.929238814910639
62714,126,46,-1,0.7586289227322365
62714,127,51,5,0.79444723116454
62714,128,54,3,1.055347201931487
62714,129,54,0,1.162621670443676
62714,130,54,0,0.9803166704809171
62714,131,56,2,0.7324149632255276
62714,132,60,4,0.2687046654419799
62714,133,76,16,-0.5222547061790614
62714,134,0,-77,0.5450115444782292
62714,135,6,-13,1.0628056231669787
62714,136,4,-15,0.6328447918536845
62714,137,15,-35,0.8653025413795805
62714,138,16,-48,1.2149029114117043
62714,139,10,-37,0.21467670308466738
62714,140,37,-85,0.91088171635144
62714,141,43,6,0.5797108304394444
62714,142,46,3,0.19568650494744425
62714,143,18,-83,0.7017183954003887
62714,144,17,-53,0.8820694286625669
62714,145,15,-48,0.7535259662212577
62714,146,21,-58,1.0343637336912896
62714,147,21,-64,0.9352698609444052
62714,148,19,-60,0.7164700401220171
62714,149,26,-72,0.7709841406820613
62714,150,26,-79,0.8559153144109336
62714,151,24,-75,0.7618698672701851
62714,152,30,-85,1.1980413635758247
62714,153,30,-91,0.9502833443812837
62714,154,28,-87,0.6530684509610147
62714,155,36,8,1.2366964640282005
62714,156,36,0,1.0088701114998135
62714,157,33,-3,0.49875852362864087
62714,158,47,14,0.898276386908233
62714,159,52,5,0.5212149388806676
62714,160,57,5,-0.01841072971923646
62714,161,4,-66,0.7489155554622755
62714,162,2,-9,0.31869815347761465
62714,163,20,-43,0.7034946113830941
62714,164,30,-81,8.07061555646286e-17
62714,165,64,34,-0.04814671575376525
62714,166,28,-36,0.6783189966503922
62714,167,26,-81,0.7999891721610605
62714,168,24,-75,0.6027636593843262
62714,169,29,-83,0.19241626082973115
62714,170,0,-30,0.6206505559634155
62714,171,8,-17,-0.6649081009898489
62714,172,99,91,0.7139407234633989
62714,173,88,-11,1.0108701155877142
62714,174,85,-3,0.9852233973154387
62714,175,85,0,0.5829724375851586
62714,176,93,8,1.264177108467106
62714,177,91,-2,0.6083710937211104
62714,178,99,8,1.2065200808035954
62714,179,97,-2,0.6119174405793864
62714,180,99,2,0.5186449961456527
62714,181,88,-11,0.9008607693699078
62714,182,84,-4,0.5099045067812737
62714,183,95,11,1.1387855341342341
62714,184,93,-2,0.9903587636480018
62714,185,92,-1,0.657590341974236
62714,186,99,7,0.6573730941818245
62714,187,89,-10,1.1676823275841426
62714,188,85,-4,0.3251908527061011
62714,189,99,14,0.8801249954092454
62714,190,96,-3,1.2500191147156992
62714,191,94,-2,0.8514104369470601
62714,192,94,0,0.6302296799821951
62714,193,98,4,0.9318448549697672
62714,194,93,-5,1.2120893628220937
62714,195,90,-3,0.9009572725097791
62714,196,88,-2,0.8073515333848164
62714,197,90,2,0.7045930077550077
62714,198,80,-10,0.8200854593787352
16070,0,43,-8,-0.2904972716826788
16070,1,96,53,1.2216696349988112
16070,2,93,-3,0.6912542339413943
16070,3,99,6,0.8800869781532937
16070,4,99,0,0.9634205791116142
16070,5,99,0,0.8770935556158217
16070,6,99,0,1.0017594708487867
16070,7,97,-2,0.8118356118217248
16070,8,98,1,0.8949754297739981
16070,9,98,0,0.8519168089403415
16070,10,98,0,0.5421689365288448
16070,11,86,-12,0.8652685602522028
16070,12,84,-2,0.8932702392315026
16070,13,83,-1,0.8781739087952989
16070,14,83,0,1.3676543545013522
16070,15,81,-2,0.8530634870773425
16070,16,84,3,0.8759668526851723
16070,17,84,0,0.7894002926045672
16070,18,86,2,0.8205389580733482
16070,19,83,-3,0.4486876045827627
16070,20,98,15,0.8707926840079445
16070,21,96,-2,1.1619471230864278
16070,22,93,-3,0.6928456460924693
16070,23,95,2,0.9866964046684104
16070,24,91,-4,0.9446654656304985
16070,25,86,-5,0.7926483792385727
16070,26,87,1,0.5067962242929895
16070,27,94,7,1.219929395156964
16070,28,88,-6,0.8872718660667028
16070,29,89,1,1.0186939096693712
16070,30,85,-4,0.5852707360900953
16070,31,87,2,0.5366871745554898
16070,32,69,-18,0.5418841813574227
16070,33,76,7,1.0020813334052174
16070,34,80,4,0.9348716202299653
16070,35,78,-2,0.6474779549437267
16070,36,65,-13,5.468762596333828e-17
16070,37,94,29,0.6441211615809519
16070,38,99,5,0.3174278665564641
16070,39,58,-41,0.34065739846972154
16070,40,77,19,0.9480422519385764
16070,41,77,0,0.8540216035193958
16070,42,77,0,0.8168920357466136
16070,43,75,-2,0.7355644783300851
16070,44,77,2,0.591965586993374
16070,45,66,-11,0.10115796593259727
16070,46,92,26,0.8487919661421629
16070,47,95,3,0.9668499623546118
16070,48,94,-1,0.7379455978478248
16070,49,95,1,0.79139401887879
16070,50,94,-1,0.8357812797560954
16070,51,92,-2,0.4545383997441098
16070,52,98,6,0.955599102234412
16070,53,96,-2,0.6381267522896875
16070,54,99,3,-1.0146594501288326
16070,55,0,-99,0.9742913889274913
16070,56,4,-9,1.0598844609896538
16070,57,3,-11,0.7385912436274404
16070,58,12,-28,1.1771160325209629
16070,59,12,-37,1.1747490939324876
16070,60,11,-35,1.2865383990225971
16070,61,10,-32,-0.36736565330705667
16070,62,72,62,0.8699299582565253
16070,63,73,1,0.42507394571585494
16070,64,89,16,-0.2610219321008982
16070,65,21,-68,0.8239698650096011
16070,66,20,-62,0.5705632564412595
16070,67,21,-63,0.6167011311326565
16070,68,16,-54,0.16714848157868678
16070,69,38,-93,0.6389945131296705
16070,70,47,9,1.0961825315678695
16070,71,48,1,0.7548895250945704
16070,72,49,1,1.1306096622099522
16070,73,48,-1,1.0730304941076378
16070,74,47,-1,0.6434097980147243
16070,75,51,4,0.7493054514635776
16070,76,52,1,0.7339851868970431
16070,77,53,1,0.9142273219168561
16070,78,53,0,1.035432006796393
16070,79,52,-1,1.5463723602486312
16070,80,52,0,1.1338226985943023
16070,81,52,0,0.9534554704189379
16070,82,52,0,0.8875817006264345
16070,83,51,-1,1.1007194128289635
16070,84,50,-1,0.877109182713695
16070,85,50,0,0.9126586810785015
16070,86,52,2,1.0754324647613442
16070,87,51,-1,0.5372935854006988
16070,88,65,14,-0.3059275054044478
16070,89,0,-66,0.7033009160069512
16070,90,0,-1,1.0241433014630363
16070,91,0,-1,0.7836202631248703
16070,92,10,-21,1.0355923053144627
16070,93,6,-23,0.32227764314090873
16070,94,28,-63,1.034374484575181
16070,95,32,-93,0.43453623615216924
16070,96,45,13,-0.1966794470635509
16070,97,0,-46,0.6616363487499394
16070,98,0,-1,0.8888110204450765
16070,99,0,-1,0.9744530343072229
16070,100,0,-1,0.7599736524539673
16070,101,1,-3,1.1896204001188257
16070,102,0,-2,1.0708839170239324
16070,103,0,-1,0.6239374823094888
16070,104,4,-9,1.1913503732444237
16070,105,1,-7,0.6324380264651083
16070,106,5,-12,0.7468781767126992
16070,107,9,-24,0.8295200148198077
16070,108,6,-22,0.7402388378754517
16070,109,7,-21,0.5020556739256085
16070,110,15,-38,0.5268152453741812
16070,111,20,-56,0.8933347527852046
16070,112,20,-61,1.0111559261674752
16070,113,17,-55,0.8414633430918825
16070,114,20,-58,0.6634551861726351
16070,115,25,-71,0.7403667098286312
16070,116,25,-76,0.72573085385781
16070,117,27,-80,0.870467167451299
16070,118,27,-82,1.0473501930295588
16070,119,24,-76,0.6504118051214922
16070,120,29,-83,0.6786033093511357
16070,121,34,-98,1.0152845252413305
16070,122,32,-99,0.9549719254854336
16070,123,30,-93,0.5169593825590065
16070,124,41,11,0.8501430219851258
16070,125,47,6,0.929238814910639
16070,126,46,-1,0.7586289227322365
16070,127,51,5,0.79444723116454
16070,128,54,3,1.055347201931487
16070,129,54,0,1.162621670443676
16070,130,54,0,0.9803166704809171
16070,131,56,2,0.7324149632255276
16070,132,60,4,0.2687046654419799
16070,133,76,16,-0.5222547061790614
16070,134,0,-77,0.5450115444782292
16070,135,6,-13,1.0628056231669787
16070,136,4,-15,0.6328447918536845
16070,137,15,-35,0.8653025413795805
16070,138,16,-48,1.2149029114117043
16070,139,10,-37,0.21467670308466738
16070,140,37,-85,0.91088171635144
16070,141,43,6,0.5797108304394444
16070,142,46,3,0.19568650494744425
16070,143,18,-83,0.7017183954003887
16070,144,17,-53,0.8820694286625669
16070,145,15,-48,0.7535259662212577
16070,146,21,-58,1.0343637336912896
16070,147,21,-64,0.9352698609444052
16070,148,19,-60,0.7164700401220171
16070,149,26,-72,0.7709841406820613
16070,150,26,-79,0.8559153144109336
16070,151,24,-75,0.7618698672701851
16070,152,30,-85,1.1980413635758247
16070,153,30,-91,0.9502833443812837
16070,154,28,-87,0.6530684509610147
16070,155,36,8,1.2366964640282005
16070,156,36,0,1.0088701114998135
16070,157,33,-3,0.49875852362864087
16070,158,47,14,0.898276386908233
16070,159,52,5,0.5212149388806676
16070,160,57,5,-0.01841072971923646
16070,161,4,-66,0.7489155554622755
16070,162,2,-9,0.31869815347761465
16070,163,20,-43,0.7034946113830941
16070,164,30,-81,8.07061555646286e-17
16070,165,64,34,-0.04814671575376525
16070,166,28,-36,0.6783189966503922
16070,167,26,-81,0.7999891721610605
16070,168,24,-75,0.6027636593843262
16070,169,29,-83,0.19241626082973115
16070,170,0,-30,0.6206505559634155
16070,171,8,-17,-0.6649081009898489
16070,172,99,91,0.7139407234633989
16070,173,88,-11,1.0108701155877142
16070,174,85,-3,0.9852233973154387
16070,175,85,0,0.5829724375851586
16070,176,93,8,1.264177108467106
16070,177,91,-2,0.6083710937211104
16070,178,99,8,1.2065200808035954
16070,179,97,-2,0.6119174405793864
16070,180,99,2,0.5186449961456527
16070,181,88,-11,0.9008607693699078
16070,182,84,-4,0.5099045067812737
16070,183,95,11,1.1387855341342341
16070,184,93,-2,0.9903587636480018
16070,185,92,-1,0.657590341974236
16070,186,99,7,0.6573730941818245
16070,187,89,-10,1.1676823275841426
16070,188,85,-4,0.3251908527061011
16070,189,99,14,0.8801249954092454
16070,190,96,-3,1.2500191147156992
16070,191,94,-2,0.8514104369470601
16070,192,94,0,0.6302296799821951
16070,193,98,4,0.9318448549697672
16070,194,93,-5,1.2120893628220937
16070,195,90,-3,0.9009572725097791
16070,196,88,-2,0.8073515333848164
16070,197,90,2,0.7045930077550077
16070,198,80,-10,0.8200854593787352
91214,0,43,-8,-0.2904972716826788
91214,1,96,53,1.2216696349988112
91214,2,93,-3,0.6912542339413943
91214,3,99,6,0.8800869781532937
91214,4,99,0,0.9634205791116142
91214,5,99,0,0.8770935556158217
91214,6,99,0,1.0017594708487867
91214,7,97,-2,0.8118356118217248
91214,8,98,1,0.8949754297739981
91214,9,98,0,0.8519168089403415
91214,10,98,0,0.5421689365288448
91214,11,86,-12,0.8652685602522028
91214,12,84,-2,0.8932702392315026
91214,13,83,-1,0.8781739087952989
91214,14,83,0,1.3676543545013522
91214,15,81,-2,0.8530634870773425
91214,16,84,3,0.8759668526851723
91214,17,84,0,0.7894002926045672
91214,18,86,2,0.8205389580733482
91214,19,83,-3,0.4486876045827627
91214,20,98,15,0.8707926840079445
91214,21,96,-2,1.1619471230864278
91214,22,93,-3,0.6928456460924693
91214,23,95,2,0.9866964046684104
91214,24,91,-4,0.9446654656304985
91214,25,86,-5,0.7926483792385727
91214,26,87,1,0.5067962242929895
91214,27,94,7,1.219929395156964
91214,28,88,-6,0.8872718660667028
91214,29,89,1,1.0186939096693712
91214,30,85,-4,0.5852707360900953
91214,31,87,2,0.5366871745554898
91214,32,69,-18,0.5418841813574227
91214,33,76,7,1.0020813334052174
91214,34,80,4,0.9348716202299653
91214,35,78,-2,0.6474779549437267
91214,36,65,-13,5.468762596333828e-17
91214,37,94,29,0.6441211615809519
91214,38,99,5,0.3174278665564641
91214,39,58,-41,0.34065739846972154
91214,40,77,19,0.9480422519385764
91214,41,77,0,0.8540216035193958
91214,42,77,0,0.8168920357466136
91214,43,75,-2,0.7355644783300851
91214,44,77,2,0.591965586993374
91214,45,66,-11,0.10115796593259727
91214,46,92,26,0.8487919661421629
91214,47,95,3,0.9668499623546118
91214,48,94,-1,0.7379455978478248
91214,49,95,1,0.79139401887879
91214,50,94,-1,0.8357812797560954
91214,51,92,-2,0.4545383997441098
91214,52,98,6,0.955599102234412
91214,53,96,-2,0.6381267522896875
91214,54,99,3,-1.0146594501288326
91214,55,0,-99,0.9742913889274913
91214,56,4,-9,1.0598844609896538
91214,57,3,-11,0.7385912436274404
91214,58,12,-28,1.1771160325209629
91214,59,12,-37,1.1747490939324876
91214,60,11,-35,1.2865383990225971
91214,61,10,-32,-0.36736565330705667
91214,62,72,62,0.8699299582565253
91214,63,73,1,0.42507394571585494
91214,64,89,16,-0.2610219321008982
91214,65,21,-68,0.8239698650096011
91214,66,20,-62,0.5705632564412595
91214,67,21,-63,0.6167011311326565
91214,68,16,-54,0.16714848157868678
91214,69,38,-93,0.6389945131296705
91214,70,47,9,1.0961825315678695
91214,71,48,1,0.7548895250945704
91214,72,49,1,1.1306096622099522
91214,73,48,-1,1.0730304941076378
91214,74,47,-1,0.6434097980147243
91214,75,51,4,0.7493054514635776
91214,76,52,1,0.7339851868970431
91214,77,53,1,0.9142273219168561
91214,78,53,0,1.035432006796393
91214,79,52,-1,1.5463723602486312
91214,80,52,0,1.1338226985943023
91214,81,52,0,0.9534554704189379
91214,82,52,0,0.8875817006264345
91214,83,51,-1,1.1007194128289635
91214,84,50,-1,0.877109182713695
91214,85,50,0,0.9126586810785015
91214,86,52,2,1.0754324647613442
91214,87,51,-1,0.5372935854006988
91214,88,65,14,-0.3059275054044478
91214,89,0,-66,0.7033009160069512
91214,90,0,-1,1.0241433014630363
91214,91,0,-1,0.7836202631248703
91214,92,10,-21,1.0355923053144627
91214,93,6,-23,0.32227764314090873
91214,94,28,-63,1.034374484575181
91214,95,32,-93,0.43453623615216924
91214,96,45,13,-0.1966794470635509
91214,97,0,-46,0.6616363487499394
91214,98,0,-1,0.8888110204450765
91214,99,0,-1,0.9744530343072229
91214,100,0,-1,0.7599736524539673
91214,101,1,-3,1.1896204001188257
91214,102,0,-2,1.0708839170239324
91214,103,0,-1,0.6239374823094888
91214,104,4,-9,1.1913503732444237
91214,105,1,-7,0.6324380264651083
91214,106,5,-12,0.7468781767126992
91214,107,9,-24,0.8295200148198077
91214,108,6,-22,0.7402388378754517
91214,109,7,-21,0.5020556739256085
91214,110,15,-38,0.5268152453741812
91214,111,20,-56,0.8933347527852046
91214,112,20,-61,1.0111559261674752
91214,113,17,-55,0.8414633430918825
91214,114,20,-58,0.6634551861726351
91214,115,25,-71,0.7403667098286312
91214,116,25,-76,0.72573085385781
91214,117,27,-80,0.870467167451299
91214,118,27,-82,1.0473501930295588
91214,119,24,-76,0.6504118051214922
91214,120,29,-83,0.6786033093511357
91214,121,34,-98,1.0152845252413305
91214,122,32,-99,0.9549719254854336
91214,123,30,-93,0.5169593825590065
91214,124,41,11,0.8501430219851258
91214,125,47,6,0.929238814910639
91214,126,46,-1,0.7586289227322365
91214,127,51,5,0.79444723116454
91214,128,54,3,1.055347201931487
91214,129,54,0,1.162621670443676
91214,130,54,0,0.9803166704809171
91214,131,56,2,0.7324149632255276
91214,132,60,4,0.2687046654419799
91214,133,76,16,-0.5222547061790614
91214,134,0,-77,0.5450115444782292
91214,135,6,-13,1.0628056231669787
91214,136,4,-15,0.6328447918536845
91214,137,15,-35,0.8653025413795805
91214,138,16,-48,1.2149029114117043
91214,139,10,-37,0.21467670308466738
91214,140,37,-85,0.91088171635144
91214,141,43,6,0.5797108304394444
91214,142,46,3,0.19568650494744425
91214,143,18,-83,0.7017183954003887
91214,144,17,-53,0.8820694286625669
91214,145,15,-48,0.7535259662212577
91214,146,21,-58,1.0343637336912896
91214,147,21,-64,0.9352698609444052
91214,148,19,-60,0.7164700401220171
91214,149,26,-72,0.7709841406820613
91214,150,26,-79,0.8559153144109336
91214,151,24,-75,0.7618698672701851
91214,152,30,-85,1.1980413635758247
91214,153,30,-91,0.9502833443812837
91214,154,28,-87,0.6530684509610147
91214,155,36,8,1.2366964640282005
91214,156,36,0,1.0088701114998135
91214,157,33,-3,0.49875852362864087
91214,158,47,14,0.898276386908233
91214,159,52,5,0.5212149388806676
91214,160,57,5,-0.01841072971923646
91214,161,4,-66,0.7489155554622755
91214,162,2,-9,0.31869815347761465
91214,163,20,-43,0.7034946113830941
91214,164,30,-81,8.07061555646286e-17
91214,165,64,34,-0.04814671575376525
91214,166,28,-36,0.6783189966503922
91214,167,26,-81,0.7999891721610605
91214,168,24,-75,0.6027636593843262
91214,169,29,-83,0.19241626082973115
91214,170,0,-30,0.6206505559634155
91214,171,8,-17,-0.6649081009898489
91214,172,99,91,0.7139407234633989
91214,173,88,-11,1.0108701155877142
91214,174,85,-3,0.9852233973154387
91214,175,85,0,0.5829724375851586
91214,176,93,8,1.264177108467106
91214,177,91,-2,0.6083710937211104
91214,178,99,8,1.2065200808035954
91214,179,97,-2,0.6119174405793864
91214,180,99,2,0.5186449961456527
91214,181,88,-11,0.9008607693699078
91214,182,84,-4,0.5099045067812737
91214,183,95,11,1.1387855341342341
91214,184,93,-2,0.9903587636480018
91214,185,92,-1,0.657590341974236
91214,186,99,7,0.6573730941818245
91214,187,89,-10,1.1676823275841426
91214,188,85,-4,0.3251908527061011
91214,189,99,14,0.8801249954092454
91214,190,96,-3,1.2500191147156992
91214,191,94,-2,0.8514104369470601
91214,192,94,0,0.6302296799821951
91214,193,98,4,0.9318448549697672
91214,194,93,-5,1.2120893628220937
91214,195,90,-3,0.9009572725097791
91214,196,88,-2,0.8073515333848164
91214,197,90,2,0.7045930077550077
91214,198,80,-10,0.8200854593787352
44056,0,43,-8,-0.2904972716826788
44056,1,96,53,1.2216696349988112
44056,2,93,-3,0.6912542339413943
44056,3,99,6,0.8800869781532937
44056,4,99,0,0.9634205791116142
44056,5,99,0,0.8770935556158217
44056,6,99,0,1.0017594708487867
44056,7,97,-2,0.8118356118217248
44056,8,98,1,0.8949754297739981
44056,9,98,0,0.8519168089403415
44056,10,98,0,0.5421689365288448
44056,11,86,-12,0.8652685602522028
44056,12,84,-2,0.8932702392315026
44056,13,83,-1,0.8781739087952989
44056,14,83,0,1.3676543545013522
44056,15,81,-2,0.8530634870773425
44056,16,84,3,0.8759668526851723
44056,17,84,0,0.7894002926045672
44056,18,86,2,0.8205389580733482
44056,19,83,-3,0.4486876045827627
44056,20,98,15,0.8707926840079445
44056,21,96,-2,1.1619471230864278
44056,22,93,-3,0.6928456460924693
44056,23,95,2,0.9866964046684104
44056,24,91,-4,0.9446654656304985
44056,25,86,-5,0.7926483792385727
44056,26,87,1,0.5067962242929895
44056,27,94,7,1.219929395156964
44056,28,88,-6,0.8872718660667028
44056,29,89,1,1.0186939096693712
44056,30,85,-4,0.5852707360900953
44056,31,87,2,0.5366871745554898
44056,32,69,-18,0.5418841813574227
44056,33,76,7,1.0020813334052174
44056,34,80,4,0.9348716202299653
44056,35,78,-2,0.6474779549437267
44056,36,65,-13,5.468762596333828e-17
44056,37,94,29,0.6441211615809519
44056,38,99,5,0.3174278665564641
44056,39,58,-41,0.34065739846972154
44056,40,77,19,0.9480422519385764
44056,41,77,0,0.8540216035193958
44056,42,77,0,0.8168920357466136
44056,43,75,-2,0.7355644783300851
44056,44,77,2,0.591965586993374
44056,45,66,-11,0.10115796593259727
44056,46,92,26,0.8487919661421629
44056,47,95,3,0.9668499623546118
44056,48,94,-1,0.7379455978478248
44056,49,95,1,0.79139401887879
44056,50,94,-1,0.8357812797560954
44056,51,92,-2,0.4545383997441098
44056,52,98,6,0.955599102234412
44056,53,96,-2,0.6381267522896875
44056,54,99,3,-1.0146594501288326
44056,55,0,-99,0.9742913889274913
44056,56,4,-9,1.0598844609896538
44056,57,3,-11,0.7385912436274404
44056,58,12,-28,1.1771160325209629
44056,59,12,-37,1.1747490939324876
44056,60,11,-35,1.2865383990225971
44056,61,10,-32,-0.36736565330705667
44056,62,72,62,0.8699299582565253
44056,63,73,1,0.42507394571585494
44056,64,89,16,-0.2610219321008982
44056,65,21,-68,0.8239698650096011
44056,66,20,-62,0.5705632564412595
44056,67,21,-63,0.6167011311326565
44056,68,16,-54,0.16714848157868678
44056,69,38,-93,0.6389945131296705
44056,70,47,9,1.0961825315678695
44056,71,48,1,0.7548895250945704
44056,72,49,1,1.1306096622099522
44056,73,48,-1,1.0730304941076378
44056,74,47,-1,0.6434097980147243
44056,75,51,4,0.7493054514635776
44056,76,52,1,0.7339851868970431
44056,77,53,1,0.9142273219168561
44056,78,53,0,1.035432006796393
44056,79,52,-1,1.5463723602486312
44056,80,52,0,1.1338226985943023
44056,81,52,0,0.9534554704189379
44056,82,52,0,0.8875817006264345
44056,83,51,-1,1.1007194128289635
44056,84,50,-1,0.877109182713695
44056,85,50,0,0.9126586810785015
44056,86,52,2,1.0754324647613442
44056,87,51,-1,0.5372935854006988
44056,88,65,14,-0.3059275054044478
44056,89,0,-66,0.7033009160069512
44056,90,0,-1,1.0241433014630363
44056,91,0,-1,0.7836202631248703
44056,92,10,-21,1.0355923053144627
44056,93,6,-23,0.32227764314090873
44056,94,28,-63,1.034374484575181
44056,95,32,-93,0.43453623615216924
44056,96,45,13,-0.1966794470635509
44056,97,0,-46,0.6616363487499394
44056,98,0,-1,0.8888110204450765
44056,99,0,-1,0.9744530343072229
44056,100,0,-1,0.7599736524539673
44056,101,1,-3,1.1896204001188257
44056,102,0,-2,1.0708839170239324
44056,103,0,-1,0.6239374823094888
44056,104,4,-9,1.1913503732444237
44056,105,1,-7,0.6324380264651083
44056,106,5,-12,0.7468781767126992
44056,107,9,-24,0.8295200148198077
44056,108,6,-22,0.7402388378754517
44056,109,7,-21,0.5020556739256085
44056,110,15,-38,0.5268152453741812
44056,111,20,-56,0.8933347527852046
44056,112,20,-61,1.0111559261674752
44056,113,17,-55,0.8414633430918825
44056,114,20,-58,0.6634551861726351
44056,115,25,-71,0.7403667098286312
44056,116,25,-76,0.72573085385781
44056,117,27,-80,0.870467167451299
44056,118,27,-82,1.0473501930295588
44056,119,24,-76,0.6504118051214922
44056,120,29,-83,0.6786033093511357
44056,121,34,-98,1.0152845252413305
44056,122,32,-99,0.9549719254854336
44056,123,30,-93,0.5169593825590065
44056,124,41,11,0.8501430219851258
44056,125,47,6,0.929238814910639
44056,126,46,-1,0.7586289227322365
44056,127,51,5,0.79444723116454
44056,128,54,3,1.055347201931487
44056,129,54,0,1.162621670443676
44056,130,54,0,0.9803166704809171
44056,131,56,2,0.7324149632255276
44056,132,60,4,0.2687046654419799
44056,133,76,16,-0.5222547061790614
44056,134,0,-77,0.5450115444782292
44056,135,6,-13,1.0628056231669787
44056,136,4,-15,0.6328447918536845
44056,137,15,-35,0.8653025413795805
44056,138,16,-48,1.2149029114117043
44056,139,10,-37,0.21467670308466738
44056,140,37,-85,0.91088171635144
44056,141,43,6,0.5797108304394444
44056,142,46,3,0.19568650494744425
44056,143,18,-83,0.7017183954003887
44056,144,17,-53,0.8820694286625669
44056,145,15,-48,0.7535259662212577
44056,146,21,-58,1.0343637336912896
44056,147,21,-64,0.9352698609444052
44056,148,19,-60,0.7164700401220171
44056,149,26,-72,0.7709841406820613
44056,150,26,-79,0.8559153144109336
44056,151,24,-75,0.7618698672701851
44056,152,30,-85,1.1980413635758247
44056,153,30,-91,0.9502833443812837
44056,154,28,-87,0.6530684509610147
44056,155,36,8,1.2366964640282005
44056,156,36,0,1.0088701114998135
44056,157,33,-3,0.49875852362864087
44056,158,47,14,0.898276386908233
44056,159,52,5,0.5212149388806676
44056,160,57,5,-0.01841072971923646
44056,161,4,-66,0.7489155554622755
44056,162,2,-9,0.31869815347761465
44056,163,20,-43,0.7034946113830941
44056,164,30,-81,8.07061555646286e-17
44056,165,64,34,-0.04814671575376525
44056,166,28,-36,0.6783189966503922
44056,167,26,-81,0.7999891721610605
44056,168,24,-75,0.6027636593843262
44056,169,29,-83,0.19241626082973115
44056,170,0,-30,0.6206505559634155
44056,171,8,-17,-0.6649081009898489
44056,172,99,91,0.7139407234633989
44056,173,88,-11,1.0108701155877142
44056,174,85,-3,0.9852233973154387
44056,175,85,0,0.5829724375851586
44056,176,93,8,1.264177108467106
44056,177,91,-2,0.6083710937211104
44056,178,99,8,1.2065200808035954
44056,179,97,-2,0.6119174405793864
44056,180,99,2,0.5186449961456527
44056,181,88,-11,0.9008607693699078
44056,182,84,-4,0.5099045067812737
44056,183,95,11,1.1387855341342341
44056,184,93,-2,0.9903587636480018
44056,185,92,-1,0.657590341974236
44056,186,99,7,0.6573730941818245
44056,187,89,-10,1.1676823275841426
44056,188,85,-4,0.3251908527061011
44056,189,99,14,0.8801249954092454
44056,190,96,-3,1.2500191147156992
44056,191,94,-2,0.8514104369470601
44056,192,94,0,0.6302296799821951
44056,193,98,4,0.9318448549697672
44056,194,93,-5,1.2120893628220937
44056,195,90,-3,0.9009572725097791
44056,196,88,-2,0.8073515333848164
44056,197,90,2,0.7045930077550077
44056,198,80,-10,0.8200854593787352
64889,0,43,-8,-0.2904972716826788
64889,1,96,53,1.2216696349988112
64889,2,93,-3,0.6912542339413943
64889,3,99,6,0.8800869781532937
64889,4,99,0,0.9634205791116142
64889,5,99,0,0.8770935556158217
64889,6,99,0,1.0017594708487867
64889,7,97,-2,0.8118356118217248
64889,8,98,1,0.8949754297739981
64889,9,98,0,0.8519168089403415
64889,10,98,0,0.5421689365288448
64889,11,86,-12,0.8652685602522028
64889,12,84,-2,0.8932702392315026
64889,13,83,-1,0.8781739087952989
64889,14,83,0,1.3676543545013522
64889,15,81,-2,0.8530634870773425
64889,16,84,3,0.8759668526851723
64889,17,84,0,0.7894002926045672
64889,18,86,2,0.8205389580733482
64889,19,83,-3,0.4486876045827627
64889,20,98,15,0.8707926840079445
64889,21,96,-2,1.1619471230864278
64889,22,93,-3,0.6928456460924693
64889,23,95,2,0.9866964046684104
64889,24,91,-4,0.9446654656304985
64889,25,86,-5,0.7926483792385727
64889,26,87,1,0.5067962242929895
64889,27,94,7,1.219929395156964
64889,28,88,-6,0.8872718660667028
64889,29,89,1,1.0186939096693712
64889,30,85,-4,0.5852707360900953
64889,31,87,2,0.5366871745554898
64889,32,69,-18,0.5418841813574227
64889,33,76,7,1.0020813334052174
64889,34,80,4,0.9348716202299653
64889,35,78,-2,0.6474779549437267
64889,36,65,-13,5.468762596333828e-17
64889,37,94,29,0.6441211615809519
64889,38,99,5,0.3174278665564641
64889,39,58,-41,0.34065739846972154
64889,40,77,19,0.9480422519385764
64889,41,77,0,0.8540216035193958
64889,42,77,0,0.8168920357466136
64889,43,75,-2,0.7355644783300851
64889,44,77,2,0.591965586993374
64889,45,66,-11,0.10115796593259727
64889,46,92,26,0.8487919661421629
64889,47,95,3,0.9668499623546118
64889,48,94,-1,0.7379455978478248
64889,49,95,1,0.79139401887879
64889,50,94,-1,0.8357812797560954
64889,51,92,-2,0.4545383997441098
64889,52,98,6,0.955599102234412
64889,53,96,-2,0.6381267522896875
64889,54,99,3,-1.0146594501288326
64889,55,0,-99,0.9742913889274913
64889,56,4,-9,1.0598844609896538
64889,57,3,-11,0.7385912436274404
64889,58,12,-28,1.1771160325209629
64889,59,12,-37,1.1747490939324876
64889,60,11,-35,1.2865383990225971
64889,61,10,-32,-0.36736565330705667
64889,62,72,62,0.8699299582565253
64889,63,73,1,0.42507394571585494
64889,64,89,16,-0.2610219321008982
64889,65,21,-68,0.8239698650096011
64889,66,20,-62,0.5705632564412595
64889,67,21,-63,0.6167011311326565
64889,68,16,-54,0.16714848157868678
64889,69,38,-93,0.6389945131296705
64889,70,47,9,1.0961825315678695
64889,71,48,1,0.7548895250945704
64889,72,49,1,1.1306096622099522
64889,73,48,-1,1.0730304941076378
64889,74,47,-1,0.6434097980147243
64889,75,51,4,0.7493054514635776
64889,76,52,1,0.7339851868970431
64889,77,53,1,0.9142273219168561
64889,78,53,0,1.035432006796393
64889,79,52,-1,1.5463723602486312
64889,80,52,0,1.1338226985943023
64889,81,52,0,0.9534554704189379
64889,82,52,0,0.8875817006264345
64889,83,51,-1,1.1007194128289635
64889,84,50,-1,0.877109182713695
64889,85,50,0,0.9126586810785015
64889,86,52,2,1.0754324647613442
64889,87,51,-1,0.5372935854006988
64889,88,65,14,-0.3059275054044478
64889,89,0,-66,0.7033009160069512
64889,90,0,-1,1.0241433014630363
64889,91,0,-1,0.7836202631248703
64889,92,10,-21,1.0355923053144627
64889,93,6,-23,0.32227764314090873
64889,94,28,-63,1.034374484575181
64889,95,32,-93,0.43453623615216924
64889,96,45,13,-0.1966794470635509
64889,97,0,-46,0.6616363487499394
64889,98,0,-1,0.8888110204450765
64889,99,0,-1,0.9744530343072229
64889,100,0,-1,0.7599736524539673
64889,101,1,-3,1.1896204001188257
64889,102,0,-2,1.0708839170239324
64889,103,0,-1,0.6239374823094888
64889,104,4,-9,1.1913503732444237
64889,105,1,-7,0.6324380264651083
64889,106,5,-12,0.7468781767126992
64889,107,9,-24,0.8295200148198077
64889,108,6,-22,0.7402388378754517
64889,109,7,-21,0.5020556739256085
64889,110,15,-38,0.5268152453741812
64889,111,20,-56,0.8933347527852046
64889,112,20,-61,1.0111559261674752
64889,113,17,-55,0.8414633430918825
64889,114,20,-58,0.6634551861726351
64889,115,25,-71,0.7403667098286312
64889,116,25,-76,0.72573085385781
64889,117,27,-80,0.870467167451299
64889,118,27,-82,1.0473501930295588
64889,119,24,-76,0.6504118051214922
64889,120,29,-83,0.6786033093511357
64889,121,34,-98,1.0152845252413305
64889,122,32,-99,0.9549719254854336
64889,123,30,-93,0.5169593825590065
64889,124,41,11,0.8501430219851258
64889,125,47,6,0.929238814910639
64889,126,46,-1,0.7586289227322365
64889,127,51,5,0.79444723116454
64889,128,54,3,1.055347201931487
64889,129,54,0,1.162621670443676
64889,130,54,0,0.9803166704809171
64889,131,56,2,0.7324149632255276
64889,132,60,4,0.2687046654419799
64889,133,76,16,-0.5222547061790614
64889,134,0,-77,0.5450115444782292
64889,135,6,-13,1.0628056231669787
64889,136,4,-15,0.6328447918536845
64889,137,15,-35,0.8653025413795805
64889,138,16,-48,1.2149029114117043
64889,139,10,-37,0.21467670308466738
64889,140,37,-85,0.91088171635144
64889,141,43,6,0.5797108304394444
64889,142,46,3,0.19568650494744425
64889,143,18,-83,0.7017183954003887
64889,144,17,-53,0.8820694286625669
64889,145,15,-48,0.7535259662212577
64889,146,21,-58,1.0343637336912896
64889,147,21,-64,0.9352698609444052
64889,148,19,-60,0.7164700401220171
64889,149,26,-72,0.7709841406820613
64889,150,26,-79,0.8559153144109336
64889,151,24,-75,0.7618698672701851
64889,152,30,-85,1.1980413635758247
64889,153,30,-91,0.9502833443812837
64889,154,28,-87,0.6530684509610147
64889,155,36,8,1.2366964640282005
64889,156,36,0,1.0088701114998135
64889,157,33,-3,0.49875852362864087
64889,158,47,14,0.898276386908233
64889,159,52,5,0.5212149388806676
64889,160,57,5,-0.01841072971923646
64889,161,4,-66,0.7489155554622755
64889,162,2,-9,0.31869815347761465
64889,163,20,-43,0.7034946113830941
64889,164,30,-81,8.07061555646286e-17
64889,165,64,34,-0.04814671575376525
64889,166,28,-36,0.6783189966503922
64889,167,26,-81,0.7999891721610605
64889,168,24,-75,0.6027636593843262
64889,169,29,-83,0.19241626082973115
64889,170,0,-30,0.6206505559634155
64889,171,8,-17,-0.6649081009898489
64889,172,99,91,0.7139407234633989
64889,173,88,-11,1.0108701155877142
64889,174,85,-3,0.9852233973154387
64889,175,85,0,0.5829724375851586
64889,176,93,8,1.264177108467106
64889,177,91,-2,0.6083710937211104
64889,178,99,8,1.2065200808035954
64889,179,97,-2,0.6119174405793864
64889,180,99,2,0.5186449961456527
64889,181,88,-11,0.9008607693699078
64889,182,84,-4,0.5099045067812737
64889,183,95,11,1.1387855341342341
64889,184,93,-2,0.9903587636480018
64889,185,92,-1,0.657590341974236
64889,186,99,7,0.6573730941818245
64889,187,89,-10,1.1676823275841426
64889,188,85,-4,0.3251908527061011
64889,189,99,14,0.8801249954092454
64889,190,96,-3,1.2500191147156992
64889,191,94,-2,0.8514104369470601
64889,192,94,0,0.6302296799821951
64889,193,98,4,0.9318448549697672
64889,194,93,-5,1.2120893628220937
64889,195,90,-3,0.9009572725097791
64889,196,88,-2,0.8073515333848164
64889,197,90,2,0.7045930077550077
64889,198,80,-10,0.8200854593787352
26633,0,43,-8,-0.2904972716826788
26633,1,96,53,1.2216696349988112
26633,2,93,-3,0.6912542339413943
26633,3,99,6,0.8800869781532937
26633,4,99,0,0.9634205791116142
26633,5,99,0,0.8770935556158217
26633,6,99,0,1.0017594708487867
26633,7,97,-2,0.8118356118217248
26633,8,98,1,0.8949754297739981
26633,9,98,0,0.8519168089403415
26633,10,98,0,0.5421689365288448
26633,11,86,-12,0.8652685602522028
26633,12,84,-2,0.8932702392315026
26633,13,83,-1,0.8781739087952989
26633,14,83,0,1.3676543545013522
26633,15,81,-2,0.8530634870773425
26633,16,84,3,0.8759668526851723
26633,17,84,0,0.7894002926045672
26633,18,86,2,0.8205389580733482
26633,19,83,-3,0.4486876045827627
26633,20,98,15,0.8707926840079445
26633,21,96,-2,1.1619471230864278
26633,22,93,-3,0.6928456460924693
26633,23,95,2,0.9866964046684104
26633,24,91,-4,0.9446654656304985
26633,25,86,-5,0.7926483792385727
26633,26,87,1,0.5067962242929895
26633,27,94,7,1.219929395156964
26633,28,88,-6,0.8872718660667028
26633,29,89,1,1.0186939096693712
26633,30,85,-4,0.5852707360900953
26633,31,87,2,0.5366871745554898
26633,32,69,-18,0.5418841813574227
26633,33,76,7,1.0020813334052174
26633,34,80,4,0.9348716202299653
26633,35,78,-2,0.6474779549437267
26633,36,65,-13,5.468762596333828e-17
26633,37,94,29,0.6441211615809519
26633,38,99,5,0.3174278665564641
26633,39,58,-41,0.34065739846972154
26633,40,77,19,0.9480422519385764
26633,41,77,0,0.8540216035193958
26633,42,77,0,0.8168920357466136
26633,43,75,-2,0.7355644783300851
26633,44,77,2,0.591965586993374
26633,45,66,-11,0.10115796593259727
26633,46,92,26,0.8487919661421629
26633,47,95,3,0.9668499623546118
26633,48,94,-1,0.7379455978478248
26633,49,95,1,0.79139401887879
26633,50,94,-1,0.8357812797560954
26633,51,92,-2,0.4545383997441098
26633,52,98,6,0.955599102234412
26633,53,96,-2,0.6381267522896875
26633,54,99,3,-1.0146594501288326
26633,55,0,-99,0.9742913889274913
26633,56,4,-9,1.0598844609896538
26633,57,3,-11,0.7385912436274404
26633,58,12,-28,1.1771160325209629
26633,59,12,-37,1.1747490939324876
26633,60,11,-35,1.2865383990225971
26633,61,10,-32,-0.36736565330705667
26633,62,72,62,0.8699299582565253
26633,63,73,1,0.42507394571585494
26633,64,89,16,-0.2610219321008982
26633,65,21,-68,0.8239698650096011
26633,66,20,-62,0.5705632564412595
26633,67,21,-63,0.6167011311326565
26633,68,16,-54,0.16714848157868678
26633,69,38,-93,0.6389945131296705
26633,70,47,9,1.0961825315678695
26633,71,48,1,0.7548895250945704
26633,72,49,1,1.1306096622099522
26633,73,48,-1,1.0730304941076378
26633,74,47,-1,0.6434097980147243
26633,75,51,4,0.7493054514635776
26633,76,52,1,0.7339851868970431
26633,77,53,1,0.9142273219168561
26633,78,53,0,1.035432006796393
26633,79,52,-1,1.5463723602486312
26633,80,52,0,1.1338226985943023
26633,81,52,0,0.9534554704189379
26633,82,52,0,0.8875817006264345
26633,83,51,-1,1.1007194128289635
26633,84,50,-1,0.877109182713695
26633,85,50,0,0.9126586810785015
26633,86,52,2,1.0754324647613442
26633,87,51,-1,0.5372935854006988
26633,88,65,14,-0.3059275054044478
26633,89,0,-66,0.7033009160069512
26633,90,0,-1,1.0241433014630363
26633,91,0,-1,0.7836202631248703
26633,92,10,-21,1.0355923053144627
26633,93,6,-23,0.32227764314090873
26633,94,28,-63,1.034374484575181
26633,95,32,-93,0.43453623615216924
26633,96,45,13,-0.1966794470635509
26633,97,0,-46,0.6616363487499394
26633,98,0,-1,0.8888110204450765
26633,99,0,-1,0.9744530343072229
26633,100,0,-1,0.7599736524539673
26633,101,1,-3,1.1896204001188257
26633,102,0,-2,1.0708839170239324
26633,103,0,-1,0.6239374823094888
26633,104,4,-9,1.1913503732444237
26633,105,1,-7,0.6324380264651083
26633,106,5,-12,0.7468781767126992
26633,107,9,-24,0.8295200148198077
26633,108,6,-22,0.7402388378754517
26633,109,7,-21,0.5020556739256085
26633,110,15,-38,0.5268152453741812
26633,111,20,-56,0.8933347527852046
26633,112,20,-61,1.0111559261674752
26633,113,17,-55,0.8414633430918825
26633,114,20,-58,0.6634551861726351
26633,115,25,-71,0.7403667098286312
26633,116,25,-76,0.72573085385781
26633,117,27,-80,0.870467167451299
26633,118,27,-82,1.0473501930295588
26633,119,24,-76,0.6504118051214922
26633,120,29,-83,0.6786033093511357
26633,121,34,-98,1.0152845252413305
26633,122,32,-99,0.9549719254854336
26633,123,30,-93,0.5169593825590065
26633,124,41,11,0.8501430219851258
26633,125,47,6,0.929238814910639
26633,126,46,-1,0.7586289227322365
26633,127,51,5,0.79444723116454
26633,128,54,3,1.055347201931487
26633,129,54,0,1.162621670443676
26633,130,54,0,0.9803166704809171
26633,131,56,2,0.7324149632255276
26633,132,60,4,0.2687046654419799
26633,133,76,16,-0.5222547061790614
26633,134,0,-77,0.5450115444782292
26633,135,6,-13,1.0628056231669787
26633,136,4,-15,0.6328447918536845
26633,137,15,-35,0.8653025413795805
26633,138,16,-48,1.2149029114117043
26633,139,10,-37,0.21467670308466738
26633,140,37,-85,0.91088171635144
26633,141,43,6,0.5797108304394444
26633,142,46,3,0.19568650494744425
26633,143,18,-83,0.7017183954003887
26633,144,17,-53,0.8820694286625669
26633,145,15,-48,0.7535259662212577
26633,146,21,-58,1.0343637336912896
26633,147,21,-64,0.9352698609444052
26633,148,19,-60,0.7164700401220171
26633,149,26,-72,0.7709841406820613
26633,150,26,-79,0.8559153144109336
26633,151,24,-75,0.7618698672701851
26633,152,30,-85,1.1980413635758247
26633,153,30,-91,0.9502833443812837
26633,154,28,-87,0.6530684509610147
26633,155,36,8,1.2366964640282005
26633,156,36,0,1.0088701114998135
26633,157,33,-3,0.49875852362864087
26633,158,47,14,0.898276386908233
26633,159,52,5,0.5212149388806676
26633,160,57,5,-0.01841072971923646
26633,161,4,-66,0.7489155554622755
26633,162,2,-9,0.31869815347761465
26633,163,20,-43,0.7034946113830941
26633,164,30,-81,8.07061555646286e-17
26633,165,64,34,-0.04814671575376525
26633,166,28,-36,0.6783189966503922
26633,167,26,-81,0.7999891721610605
26633,168,24,-75,0.6027636593843262
26633,169,29,-83,0.19241626082973115
26633,170,0,-30,0.6206505559634155
26633,171,8,-17,-0.6649081009898489
26633,172,99,91,0.7139407234633989
26633,173,88,-11,1.0108701155877142
26633,174,85,-3,0.9852233973154387
26633,175,85,0,0.5829724375851586
26633,176,93,8,1.264177108467106
26633,177,91,-2,0.6083710937211104
26633,178,99,8,1.2065200808035954
26633,179,97,-2,0.6119174405793864
26633,180,99,2,0.5186449961456527
26633,181,88,-11,0.9008607693699078
26633,182,84,-4,0.5099045067812737
26633,183,95,11,1.1387855341342341
26633,184,93,-2,0.9903587636480018
26633,185,92,-1,0.657590341974236
26633,186,99,7,0.6573730941818245
26633,187,89,-10,1.1676823275841426
26633,188,85,-4,0.3251908527061011
26633,189,99,14,0.8801249954092454
26633,190,96,-3,1.2500191147156992
26633,191,94,-2,0.8514104369470601
26633,192,94,0,0.6302296799821951
26633,193,98,4,0.9318448549697672
26633,194,93,-5,1.2120893628220937
26633,195,90,-3,0.9009572725097791
26633,196,88,-2,0.8073515333848164
26633,197,90,2,0.7045930077550077
26633,198,80,-10,0.8200854593787352
73174,0,43,-8,-0.2904972716826788
73174,1,96,53,1.2216696349988112
73174,2,93,-3,0.6912542339413943
73174,3,99,6,0.8800869781532937
73174,4,99,0,0.9634205791116142
73174,5,99,0,0.8770935556158217
73174,6,99,0,1.0017594708487867
73174,7,97,-2,0.8118356118217248
73174,8,98,1,0.8949754297739981
73174,9,98,0,0.8519168089403415
73174,10,98,0,0.5421689365288448
73174,11,86,-12,0.8652685602522028
73174,12,84,-2,0.8932702392315026
73174,13,83,-1,0.8781739087952989
73174,14,83,0,1.3676543545013522
73174,15,81,-2,0.8530634870773425
73174,16,84,3,0.8759668526851723
73174,17,84,0,0.7894002926045672
73174,18,86,2,0.8205389580733482
73174,19,83,-3,0.4486876045827627
73174,20,98,15,0.8707926840079445
73174,21,96,-2,1.1619471230864278
73174,22,93,-3,0.6928456460924693
73174,23,95,2,0.9866964046684104
73174,24,91,-4,0.9446654656304985
73174,25,86,-5,0.7926483792385727
73174,26,87,1,0.5067962242929895
73174,27,94,7,1.219929395156964
73174,28,88,-6,0.8872718660667028
73174,29,89,1,1.0186939096693712
73174,30,85,-4,0.5852707360900953
73174,31,87,2,0.5366871745554898
73174,32,69,-18,0.5418841813574227
73174,33,76,7,1.0020813334052174
73174,34,80,4,0.9348716202299653
73174,35,78,-2,0.6474779549437267
73174,36,65,-13,5.468762596333828e-17
73174,37,94,29,0.6441211615809519
73174,38,99,5,0.3174278665564641
73174,39,58,-41,0.34065739846972154
73174,40,77,19,0.9480422519385764
73174,41,77,0,0.8540216035193958
73174,42,77,0,0.8168920357466136
73174,43,75,-2,0.7355644783300851
73174,44,77,2,0.591965586993374
73174,45,66,-11,0.10115796593259727
73174,46,92,26,0.8487919661421629
73174,47,95,3,0.9668499623546118
73174,48,94,-1,0.7379455978478248
73174,49,95,1,0.79139401887879
73174,50,94,-1,0.8357812797560954
73174,51,92,-2,0.4545383997441098
73174,52,98,6,0.955599102234412
73174,53,96,-2,0.6381267522896875
73174,54,99,3,-1.0146594501288326
73174,55,0,-99,0.9742913889274913
73174,56,4,-9,1.0598844609896538
73174,57,3,-11,0.7385912436274404
73174,58,12,-28,1.1771160325209629
73174,59,12,-37,1.1747490939324876
73174,60,11,-35,1.2865383990225971
73174,61,10,-32,-0.36736565330705667
73174,62,72,62,0.8699299582565253
73174,63,73,1,0.42507394571585494
73174,64,89,16,-0.2610219321008982
73174,65,21,-68,0.8239698650096011
73174,66,20,-62,0.5705632564412595
73174,67,21,-63,0.6167011311326565
73174,68,16,-54,0.16714848157868678
73174,69,38,-93,0.6389945131296705
73174,70,47,9,1.0961825315678695
73174,71,48,1,0.7548895250945704
73174,72,49,1,1.1306096622099522
73174,73,48,-1,1.0730304941076378
73174,74,47,-1,0.6434097980147243
73174,75,51,4,0.7493054514635776
73174,76,52,1,0.7339851868970431
73174,77,53,1,0.9142273219168561
73174,78,53,0,1.035432006796393
73174,79,52,-1,1.5463723602486312
73174,80,52,0,1.1338226985943023
73174,81,52,0,0.9534554704189379
73174,82,52,0,0.8875817006264345
73174,83,51,-1,1.1007194128289635
73174,84,50,-1,0.877109182713695
73174,85,50,0,0.9126586810785015
73174,86,52,2,1.0754324647613442
73174,87,51,-1,0.5372935854006988
73174,88,65,14,-0.3059275054044478
73174,89,0,-66,0.7033009160069512
73174,90,0,-1,1.0241433014630363
73174,91,0,-1,0.7836202631248703
73174,92,10,-21,1.0355923053144627
73174,93,6,-23,0.32227764314090873
73174,94,28,-63,1.034374484575181
73174,95,32,-93,0.43453623615216924
73174,96,45,13,-0.1966794470635509
73174,97,0,-46,0.6616363487499394
73174,98,0,-1,0.8888110204450765
73174,99,0,-1,0.9744530343072229
73174,100,0,-1,0.7599736524539673
73174,101,1,-3,1.1896204001188257
73174,102,0,-2,1.0708839170239324
73174,103,0,-1,0.6239374823094888
73174,104,4,-9,1.1913503732444237
73174,105,1,-7,0.6324380264651083
73174,106,5,-12,0.7468781767126992
73174,107,9,-24,0.8295200148198077
73174,108,6,-22,0.7402388378754517
73174,109,7,-21,0.5020556739256085
73174,110,15,-38,0.5268152453741812
73174,111,20,-56,0.8933347527852046
73174,112,20,-61,1.0111559261674752
73174,113,17,-55,0.8414633430918825
73174,114,20,-58,0.6634551861726351
73174,115,25,-71,0.7403667098286312
73174,116,25,-76,0.72573085385781
73174,117,27,-80,0.870467167451299
73174,118,27,-82,1.0473501930295588
73174,119,24,-76,0.6504118051214922
73174,120,29,-83,0.6786033093511357
73174,121,34,-98,1.0152845252413305
73174,122,32,-99,0.9549719254854336
73174,123,30,-93,0.5169593825590065
73174,124,41,11,0.8501430219851258
73174,125,47,6,0.929238814910639
73174,126,46,-1,0.7586289227322365
73174,127,51,5,0.79444723116454
73174,128,54,3,1.055347201931487
73174,129,54,0,1.162621670443676
73174,130,54,0,0.9803166704809171
73174,131,56,2,0.7324149632255276
73174,132,60,4,0.2687046654419799
73174,133,76,16,-0.5222547061790614
73174,134,0,-77,0.5450115444782292
73174,135,6,-13,1.0628056231669787
73174,136,4,-15,0.6328447918536845
73174,137,15,-35,0.8653025413795805
73174,138,16,-48,1.2149029114117043
73174,139,10,-37,0.21467670308466738
73174,140,37,-85,0.91088171635144
73174,141,43,6,0.5797108304394444
73174,142,46,3,0.19568650494744425
73174,143,18,-83,0.7017183954003887
73174,144,17,-53,0.8820694286625669
73174,145,15,-48,0.7535259662212577
73174,146,21,-58,1.0343637336912896
73174,147,21,-64,0.9352698609444052
73174,148,19,-60,0.7164700401220171
73174,149,26,-72,0.7709841406820613
73174,150,26,-79,0.8559153144109336
73174,151,24,-75,0.7618698672701851
73174,152,30,-85,1.1980413635758247
73174,153,30,-91,0.9502833443812837
73174,154,28,-87,0.6530684509610147
73174,155,36,8,1.2366964640282005
73174,156,36,0,1.0088701114998135
73174,157,33,-3,0.49875852362864087
73174,158,47,14,0.898276386908233
73174,159,52,5,0.5212149388806676
73174,160,57,5,-0.01841072971923646
73174,161,4,-66,0.7489155554622755
73174,162,2,-9,0.31869815347761465
73174,163,20,-43,0.7034946113830941
73174,164,30,-81,8.07061555646286e-17
73174,165,64,34,-0.04814671575376525
73174,166,28,-36,0.6783189966503922
73174,167,26,-81,0.7999891721610605
73174,168,24,-75,0.6027636593843262
73174,169,29,-83,0.19241626082973115
73174,170,0,-30,0.6206505559634155
73174,171,8,-17,-0.6649081009898489
73174,172,99,91,0.7139407234633989
73174,173,88,-11,1.0108701155877142
73174,174,85,-3,0.9852233973154387
73174,175,85,0,0.5829724375851586
73174,176,93,8,1.264177108467106
73174,177,91,-2,0.6083710937211104
73174,178,99,8,1.2065200808035954
73174,179,97,-2,0.6119174405793864
73174,180,99,2,0.5186449961456527
73174,181,88,-11,0.9008607693699078
73174,182,84,-4,0.5099045067812737
73174,183,95,11,1.1387855341342341
73174,184,93,-2,0.9903587636480018
73174,185,92,-1,0.657590341974236
73174,186,99,7,0.6573730941818245
73174,187,89,-10,1.1676823275841426
73174,188,85,-4,0.3251908527061011
73174,189,99,14,0.8801249954092454
73174,190,96,-3,1.2500191147156992
73174,191,94,-2,0.8514104369470601
73174,192,94,0,0.6302296799821951
73174,193,98,4,0.9318448549697672
73174,194,93,-5,1.2120893628220937
73174,195,90,-3,0.9009572725097791
73174,196,88,-2,0.8073515333848164
73174,197,90,2,0.7045930077550077
73174,198,80,-10,0.8200854593787352
79844,0,43,-8,-0.2904972716826788
79844,1,96,53,1.2216696349988112
79844,2,93,-3,0.6912542339413943
79844,3,99,6,0.8800869781532937
79844,4,99,0,0.9634205791116142
79844,5,99,0,0.8770935556158217
79844,6,99,0,1.0017594708487867
79844,7,97,-2,0.8118356118217248
79844,8,98,1,0.8949754297739981
79844,9,98,0,0.8519168089403415
79844,10,98,0,0.5421689365288448
79844,11,86,-12,0.8652685602522028
79844,12,84,-2,0.8932702392315026
79844,13,83,-1,0.8781739087952989
79844,14,83,0,1.3676543545013522
79844,15,81,-2,0.8530634870773425
79844,16,84,3,0.8759668526851723
79844,17,84,0,0.7894002926045672
79844,18,86,2,0.8205389580733482
79844,19,83,-3,0.4486876045827627
79844,20,98,15,0.8707926840079445
79844,21,96,-2,1.1619471230864278
79844,22,93,-3,0.6928456460924693
79844,23,95,2,0.9866964046684104
79844,24,91,-4,0.9446654656304985
79844,25,86,-5,0.7926483792385727
79844,26,87,1,0.5067962242929895
79844,27,94,7,1.219929395156964
79844,28,88,-6,0.8872718660667028
79844,29,89,1,1.0186939096693712
79844,30,85,-4,0.5852707360900953
79844,31,87,2,0.5366871745554898
79844,32,69,-18,0.5418841813574227
79844,33,76,7,1.0020813334052174
79844,34,80,4,0.9348716202299653
79844,35,78,-2,0.6474779549437267
79844,36,65,-13,5.468762596333828e-17
79844,37,94,29,0.6441211615809519
79844,38,99,5,0.3174278665564641
79844,39,58,-41,0.34065739846972154
79844,40,77,19,0.9480422519385764
79844,41,77,0,0.8540216035193958
79844,42,77,0,0.8168920357466136
79844,43,75,-2,0.7355644783300851
79844,44,77,2,0.591965586993374
79844,45,66,-11,0.10115796593259727
79844,46,92,26,0.8487919661421629
79844,47,95,3,0.9668499623546118
79844,48,94,-1,0.7379455978478248
79844,49,95,1,0.79139401887879
79844,50,94,-1,0.8357812797560954
79844,51,92,-2,0.4545383997441098
79844,52,98,6,0.955599102234412
79844,53,96,-2,0.6381267522896875
79844,54,99,3,-1.0146594501288326
79844,55,0,-99,0.9742913889274913
79844,56,4,-9,1.0598844609896538
79844,57,3,-11,0.7385912436274404
79844,58,12,-28,1.1771160325209629
79844,59,12,-37,1.1747490939324876
79844,60,11,-35,1.2865383990225971
79844,61,10,-32,-0.36736565330705667
79844,62,72,62,0.8699299582565253
79844,63,73,1,0.42507394571585494
79844,64,89,16,-0.2610219321008982
79844,65,21,-68,0.8239698650096011
79844,66,20,-62,0.5705632564412595
79844,67,21,-63,0.6167011311326565
79844,68,16,-54,0.16714848157868678
79844,69,38,-93,0.6389945131296705
79844,70,47,9,1.0961825315678695
79844,71,48,1,0.7548895250945704
79844,72,49,1,1.1306096622099522
79844,73,48,-1,1.0730304941076378
79844,74,47,-1,0.6434097980147243
79844,75,51,4,0.7493054514635776
79844,76,52,1,0.7339851868970431
79844,77,53,1,0.9142273219168561
79844,78,53,0,1.035432006796393
79844,79,52,-1,1.5463723602486312
79844,80,52,0,1.1338226985943023
79844,81,52,0,0.9534554704189379
79844,82,52,0,0.8875817006264345
79844,83,51,-1,1.1007194128289635
79844,84,50,-1,0.877109182713695
79844,85,50,0,0.9126586810785015
79844,86,52,2,1.0754324647613442
79844,87,51,-1,0.5372935854006988
79844,88,65,14,-0.3059275054044478
79844,89,0,-66,0.7033009160069512
79844,90,0,-1,1.0241433014630363
79844,91,0,-1,0.7836202631248703
79844,92,10,-21,1.0355923053144627
79844,93,6,-23,0.32227764314090873
79844,94,28,-63,1.034374484575181
79844,95,32,-93,0.43453623615216924
79844,96,45,13,-0.1966794470635509
79844,97,0,-46,0.6616363487499394
79844,98,0,-1,0.8888110204450765
79844,99,0,-1,0.9744530343072229
79844,100,0,-1,0.7599736524539673
79844,101,1,-3,1.1896204001188257
79844,102,0,-2,1.0708839170239324
79844,103,0,-1,0.6239374823094888
79844,104,4,-9,1.1913503732444237
79844,105,1,-7,0.6324380264651083
79844,106,5,-12,0.7468781767126992
79844,107,9,-24,0.8295200148198077
79844,108,6,-22,0.7402388378754517
79844,109,7,-21,0.5020556739256085
79844,110,15,-38,0.5268152453741812
79844,111,20,-56,0.8933347527852046
79844,112,20,-61,1.0111559261674752
79844,113,17,-55,0.8414633430918825
79844,114,20,-58,0.6634551861726351
79844,115,25,-71,0.7403667098286312
79844,116,25,-76,0.72573085385781
79844,117,27,-80,0.870467167451299
79844,118,27,-82,1.0473501930295588
79844,119,24,-76,0.6504118051214922
79844,120,29,-83,0.6786033093511357
79844,121,34,-98,1.0152845252413305
79844,122,32,-99,0.9549719254854336
79844,123,30,-93,0.5169593825590065
79844,124,41,11,0.8501430219851258
79844,125,47,6,0.929238814910639
79844,126,46,-1,0.7586289227322365
79844,127,51,5,0.79444723116454
79844,128,54,3,1.055347201931487
79844,129,54,0,1.162621670443676
79844,130,54,0,0.9803166704809171
79844,131,56,2,0.7324149632255276
79844,132,60,4,0.2687046654419799
79844,133,76,16,-0.5222547061790614
79844,134,0,-77,0.5450115444782292
79844,135,6,-13,1.0628056231669787
79844,136,4,-15,0.6328447918536845
79844,137,15,-35,0.8653025413795805
79844,138,16,-48,1.2149029114117043
79844,139,10,-37,0.21467670308466738
79844,140,37,-85,0.91088171635144
79844,141,43,6,0.5797108304394444
79844,142,46,3,0.19568650494744425
79844,143,18,-83,0.7017183954003887
79844,144,17,-53,0.8820694286625669
79844,145,15,-48,0.7535259662212577
79844,146,21,-58,1.0343637336912896
79844,147,21,-64,0.9352698609444052
79844,148,19,-60,0.7164700401220171
79844,149,26,-72,0.7709841406820613
79844,150,26,-79,0.8559153144109336
79844,151,24,-75,0.7618698672701851
79844,152,30,-85,1.1980413635758247
79844,153,30,-91,0.9502833443812837
79844,154,28,-87,0.6530684509610147
79844,155,36,8,1.2366964640282005
79844,156,36,0,1.0088701114998135
79844,157,33,-3,0.49875852362864087
79844,158,47,14,0.898276386908233
79844,159,52,5,0.5212149388806676
79844,160,57,5,-0.01841072971923646
79844,161,4,-66,0.7489155554622755
79844,162,2,-9,0.31869815347761465
79844,163,20,-43,0.7034946113830941
79844,164,30,-81,8.07061555646286e-17
79844,165,64,34,-0.04814671575376525
79844,166,28,-36,0.6783189966503922
79844,167,26,-81,0.7999891721610605
79844,168,24,-75,0.6027636593843262
79844,169,29,-83,0.19241626082973115
79844,170,0,-30,0.6206505559634155
79844,171,8,-17,-0.6649081009898489
79844,172,99,91,0.7139407234633989
79844,173,88,-11,1.0108701155877142
79844,174,85,-3,0.9852233973154387
79844,175,85,0,0.5829724375851586
79844,176,93,8,1.264177108467106
79844,177,91,-2,0.6083710937211104
79844,178,99,8,1.2065200808035954
79844,179,97,-2,0.6119174405793864
79844,180,99,2,0.5186449961456527
79844,181,88,-11,0.9008607693699078
79844,182,84,-4,0.5099045067812737
79844,183,95,11,1.1387855341342341
79844,184,93,-2,0.9903587636480018
79844,185,92,-1,0.657590341974236
79844,186,99,7,0.6573730941818245
79844,187,89,-10,1.1676823275841426
79844,188,85,-4,0.3251908527061011
79844,189,99,14,0.8801249954092454
79844,190,96,-3,1.2500191147156992
79844,191,94,-2,0.8514104369470601
79844,192,94,0,0.6302296799821951
79844,193,98,4,0.9318448549697672
79844,194,93,-5,1.2120893628220937
79844,195,90,-3,0.9009572725097791
79844,196,88,-2,0.8073515333848164
79844,197,90,2,0.7045930077550077
79844,198,80,-10,0.8200854593787352
44343,0,43,-8,-0.2904972716826788
44343,1,96,53,1.2216696349988112
44343,2,93,-3,0.6912542339413943
44343,3,99,6,0.8800869781532937
44343,4,99,0,0.9634205791116142
44343,5,99,0,0.8770935556158217
44343,6,99,0,1.0017594708487867
44343,7,97,-2,0.8118356118217248
44343,8,98,1,0.8949754297739981
44343,9,98,0,0.8519168089403415
44343,10,98,0,0.5421689365288448
44343,11,86,-12,0.8652685602522028
44343,12,84,-2,0.8932702392315026
44343,13,83,-1,0.8781739087952989
44343,14,83,0,1.3676543545013522
44343,15,81,-2,0.8530634870773425
44343,16,84,3,0.8759668526851723
44343,17,84,0,0.7894002926045672
44343,18,86,2,0.8205389580733482
44343,19,83,-3,0.4486876045827627
44343,20,98,15,0.8707926840079445
44343,21,96,-2,1.1619471230864278
44343,22,93,-3,0.6928456460924693
44343,23,95,2,0.9866964046684104
44343,24,91,-4,0.9446654656304985
44343,25,86,-5,0.7926483792385727
44343,26,87,1,0.5067962242929895
44343,27,94,7,1.219929395156964
44343,28,88,-6,0.8872718660667028
44343,29,89,1,1.0186939096693712
44343,30,85,-4,0.5852707360900953
44343,31,87,2,0.5366871745554898
44343,32,69,-18,0.5418841813574227
44343,33,76,7,1.0020813334052174
44343,34,80,4,0.9348716202299653
44343,35,78,-2,0.6474779549437267
44343,36,65,-13,5.468762596333828e-17
44343,37,94,29,0.6441211615809519
44343,38,99,5,0.3174278665564641
44343,39,58,-41,0.34065739846972154
44343,40,77,19,0.9480422519385764
44343,41,77,0,0.8540216035193958
44343,42,77,0,0.8168920357466136
44343,43,75,-2,0.7355644783300851
44343,44,77,2,0.591965586993374
44343,45,66,-11,0.10115796593259727
44343,46,92,26,0.8487919661421629
44343,47,95,3,0.9668499623546118
44343,48,94,-1,0.7379455978478248
44343,49,95,1,0.79139401887879
44343,50,94,-1,0.8357812797560954
44343,51,92,-2,0.4545383997441098
44343,52,98,6,0.955599102234412
44343,53,96,-2,0.6381267522896875
44343,54,99,3,-1.0146594501288326
44343,55,0,-99,0.9742913889274913
44343,56,4,-9,1.0598844609896538
44343,57,3,-11,0.7385912436274404
44343,58,12,-28,1.1771160325209629
44343,59,12,-37,1.1747490939324876
44343,60,11,-35,1.2865383990225971
44343,61,10,-32,-0.36736565330705667
44343,62,72,62,0.8699299582565253
44343,63,73,1,0.42507394571585494
44343,64,89,16,-0.2610219321008982
44343,65,21,-68,0.8239698650096011
44343,66,20,-62,0.5705632564412595
44343,67,21,-63,0.6167011311326565
44343,68,16,-54,0.16714848157868678
44343,69,38,-93,0.6389945131296705
44343,70,47,9,1.0961825315678695
44343,71,48,1,0.7548895250945704
44343,72,49,1,1.1306096622099522
44343,73,48,-1,1.0730304941076378
44343,74,47,-1,0.6434097980147243
44343,75,51,4,0.7493054514635776
44343,76,52,1,0.7339851868970431
44343,77,53,1,0.9142273219168561
44343,78,53,0,1.035432006796393
44343,79,52,-1,1.5463723602486312
44343,80,52,0,1.1338226985943023
44343,81,52,0,0.9534554704189379
44343,82,52,0,0.8875817006264345
44343,83,51,-1,1.1007194128289635
44343,84,50,-1,0.877109182713695
44343,85,50,0,0.9126586810785015
44343,86,52,2,1.0754324647613442
44343,87,51,-1,0.5372935854006988
44343,88,65,14,-0.3059275054044478
44343,89,0,-66,0.7033009160069512
44343,90,0,-1,1.0241433014630363
44343,91,0,-1,0.7836202631248703
44343,92,10,-21,1.0355923053144627
44343,93,6,-23,0.32227764314090873
44343,94,28,-63,1.034374484575181
44343,95,32,-93,0.43453623615216924
44343,96,45,13,-0.1966794470635509
44343,97,0,-46,0.6616363487499394
44343,98,0,-1,0.8888110204450765
44343,99,0,-1,0.9744530343072229
44343,100,0,-1,0.7599736524539673
44343,101,1,-3,1.1896204001188257
44343,102,0,-2,1.0708839170239324
44343,103,0,-1,0.6239374823094888
44343,104,4,-9,1.1913503732444237
44343,105,1,-7,0.6324380264651083
44343,106,5,-12,0.7468781767126992
44343,107,9,-24,0.8295200148198077
44343,108,6,-22,0.7402388378754517
44343,109,7,-21,0.5020556739256085
44343,110,15,-38,0.5268152453741812
44343,111,20,-56,0.8933347527852046
44343,112,20,-61,1.0111559261674752
44343,113,17,-55,0.8414633430918825
44343,114,20,-58,0.6634551861726351
44343,115,25,-71,0.7403667098286312
44343,116,25,-76,0.72573085385781
44343,117,27,-80,0.870467167451299
44343,118,27,-82,1.0473501930295588
44343,119,24,-76,0.6504118051214922
44343,120,29,-83,0.6786033093511357
44343,121,34,-98,1.0152845252413305
44343,122,32,-99,0.9549719254854336
44343,123,30,-93,0.5169593825590065
44343,124,41,11,0.8501430219851258
44343,125,47,6,0.929238814910639
44343,126,46,-1,0.7586289227322365
44343,127,51,5,0.79444723116454
44343,128,54,3,1.055347201931487
44343,129,54,0,1.162621670443676
44343,130,54,0,0.9803166704809171
44343,131,56,2,0.7324149632255276
44343,132,60,4,0.2687046654419799
44343,133,76,16,-0.5222547061790614
44343,134,0,-77,0.5450115444782292
44343,135,6,-13,1.0628056231669787
44343,136,4,-15,0.6328447918536845
44343,137,15,-35,0.8653025413795805
44343,138,16,-48,1.2149029114117043
44343,139,10,-37,0.21467670308466738
44343,140,37,-85,0.91088171635144
44343,141,43,6,0.5797108304394444
44343,142,46,3,0.19568650494744425
44343,143,18,-83,0.7017183954003887
44343,144,17,-53,0.8820694286625669
44343,145,15,-48,0.7535259662212577
44343,146,21,-58,1.0343637336912896
44343,147,21,-64,0.9352698609444052
44343,148,19,-60,0.7164700401220171
44343,149,26,-72,0.7709841406820613
44343,150,26,-79,0.8559153144109336
44343,151,24,-75,0.7618698672701851
44343,152,30,-85,1.1980413635758247
44343,153,30,-91,0.9502833443812837
44343,154,28,-87,0.6530684509610147
44343,155,36,8,1.2366964640282005
44343,156,36,0,1.0088701114998135
44343,157,33,-3,0.49875852362864087
44343,158,47,14,0.898276386908233
44343,159,52,5,0.5212149388806676
44343,160,57,5,-0.01841072971923646
44343,161,4,-66,0.7489155554622755
44343,162,2,-9,0.31869815347761465
44343,163,20,-43,0.7034946113830941
44343,164,30,-81,8.07061555646286e-17
44343,165,64,34,-0.04814671575376525
44343,166,28,-36,0.6783189966503922
44343,167,26,-81,0.7999891721610605
44343,168,24,-75,0.6027636593843262
44343,169,29,-83,0.19241626082973115
44343,170,0,-30,0.6206505559634155
44343,171,8,-17,-0.6649081009898489
44343,172,99,91,0.7139407234633989
44343,173,88,-11,1.0108701155877142
44343,174,85,-3,0.9852233973154387
44343,175,85,0,0.5829724375851586
44343,176,93,8,1.264177108467106
44343,177,91,-2,0.6083710937211104
44343,178,99,8,1.2065200808035954
44343,179,97,-2,0.6119174405793864
44343,180,99,2,0.5186449961456527
44343,181,88,-11,0.9008607693699078
44343,182,84,-4,0.5099045067812737
44343,183,95,11,1.1387855341342341
44343,184,93,-2,0.9903587636480018
44343,185,92,-1,0.657590341974236
44343,186,99,7,0.6573730941818245
44343,187,89,-10,1.1676823275841426
44343,188,85,-4,0.3251908527061011
44343,189,99,14,0.8801249954092454
44343,190,96,-3,1.2500191147156992
44343,191,94,-2,0.8514104369470601
44343,192,94,0,0.6302296799821951
44343,193,98,4,0.9318448549697672
44343,194,93,-5,1.2120893628220937
44343,195,90,-3,0.9009572725097791
44343,196,88,-2,0.8073515333848164
44343,197,90,2,0.7045930077550077
44343,198,80,-10,0.8200854593787352
17735,0,43,-8,-0.2904972716826788
17735,1,96,53,1.2216696349988112
17735,2,93,-3,0.6912542339413943
17735,3,99,6,0.8800869781532937
17735,4,99,0,0.9634205791116142
17735,5,99,0,0.8770935556158217
17735,6,99,0,1.0017594708487867
17735,7,97,-2,0.8118356118217248
17735,8,98,1,0.8949754297739981
17735,9,98,0,0.8519168089403415
17735,10,98,0,0.5421689365288448
17735,11,86,-12,0.8652685602522028
17735,12,84,-2,0.8932702392315026
17735,13,83,-1,0.8781739087952989
17735,14,83,0,1.3676543545013522
17735,15,81,-2,0.8530634870773425
17735,16,84,3,0.8759668526851723
17735,17,84,0,0.7894002926045672
17735,18,86,2,0.8205389580733482
17735,19,83,-3,0.4486876045827627
17735,20,98,15,0.8707926840079445
17735,21,96,-2,1.1619471230864278
17735,22,93,-3,0.6928456460924693
17735,23,95,2,0.9866964046684104
17735,24,91,-4,0.9446654656304985
17735,25,86,-5,0.7926483792385727
17735,26,87,1,0.5067962242929895
17735,27,94,7,1.219929395156964
17735,28,88,-6,0.8872718660667028
17735,29,89,1,1.0186939096693712
17735,30,85,-4,0.5852707360900953
17735,31,87,2,0.5366871745554898
17735,32,69,-18,0.5418841813574227
17735,33,76,7,1.0020813334052174
17735,34,80,4,0.9348716202299653
17735,35,78,-2,0.6474779549437267
17735,36,65,-13,5.468762596333828e-17
17735,37,94,29,0.6441211615809519
17735,38,99,5,0.3174278665564641
17735,39,58,-41,0.34065739846972154
17735,40,77,19,0.9480422519385764
17735,41,77,0,0.8540216035193958
17735,42,77,0,0.8168920357466136
17735,43,75,-2,0.7355644783300851
17735,44,77,2,0.591965586993374
17735,45,66,-11,0.10115796593259727
17735,46,92,26,0.8487919661421629
17735,47,95,3,0.9668499623546118
17735,48,94,-1,0.7379455978478248
17735,49,95,1,0.79139401887879
17735,50,94,-1,0.8357812797560954
17735,51,92,-2,0.4545383997441098
17735,52,98,6,0.955599102234412
17735,53,96,-2,0.6381267522896875
17735,54,99,3,-1.0146594501288326
17735,55,0,-99,0.9742913889274913
17735,56,4,-9,1.0598844609896538
17735,57,3,-11,0.7385912436274404
17735,58,12,-28,1.1771160325209629
17735,59,12,-37,1.1747490939324876
17735,60,11,-35,1.2865383990225971
17735,61,10,-32,-0.36736565330705667
17735,62,72,62,0.8699299582565253
17735,63,73,1,0.42507394571585494
17735,64,89,16,-0.2610219321008982
17735,65,21,-68,0.8239698650096011
17735,66,20,-62,0.5705632564412595
17735,67,21,-63,0.6167011311326565
17735,68,16,-54,0.16714848157868678
17735,69,38,-93,0.6389945131296705
17735,70,47,9,1.0961825315678695
17735,71,48,1,0.7548895250945704
17735,72,49,1,1.1306096622099522
17735,73,48,-1,1.0730304941076378
17735,74,47,-1,0.6434097980147243
17735,75,51,4,0.7493054514635776
17735,76,52,1,0.7339851868970431
17735,77,53,1,0.9142273219168561
17735,78,53,0,1.035432006796393
17735,79,52,-1,1.5463723602486312
17735,80,52,0,1.1338226985943023
17735,81,52,0,0.9534554704189379
17735,82,52,0,0.8875817006264345
17735,83,51,-1,1.1007194128289635
17735,84,50,-1,0.877109182713695
17735,85,50,0,0.9126586810785015
17735,86,52,2,1.0754324647613442
17735,87,51,-1,0.5372935854006988
17735,88,65,14,-0.3059275054044478
17735,89,0,-66,0.7033009160069512
17735,90,0,-1,1.0241433014630363
17735,91,0,-1,0.7836202631248703
17735,92,10,-21,1.0355923053144627
17735,93,6,-23,0.32227764314090873
17735,94,28,-63,1.034374484575181
17735,95,32,-93,0.43453623615216924
17735,96,45,13,-0.1966794470635509
17735,97,0,-46,0.6616363487499394
17735,98,0,-1,0.8888110204450765
17735,99,0,-1,0.9744530343072229
17735,100,0,-1,0.7599736524539673
17735,101,1,-3,1.1896204001188257
17735,102,0,-2,1.0708839170239324
17735,103,0,-1,0.6239374823094888
17735,104,4,-9,1.1913503732444237
17735,105,1,-7,0.6324380264651083
17735,106,5,-12,0.7468781767126992
17735,107,9,-24,0.8295200148198077
17735,108,6,-22,0.7402388378754517
17735,109,7,-21,0.5020556739256085
17735,110,15,-38,0.5268152453741812
17735,111,20,-56,0.8933347527852046
17735,112,20,-61,1.0111559261674752
17735,113,17,-55,0.8414633430918825
17735,114,20,-58,0.6634551861726351
17735,115,25,-71,0.7403667098286312
17735,116,25,-76,0.72573085385781
17735,117,27,-80,0.870467167451299
17735,118,27,-82,1.0473501930295588
17735,119,24,-76,0.6504118051214922
17735,120,29,-83,0.6786033093511357
17735,121,34,-98,1.0152845252413305
17735,122,32,-99,0.9549719254854336
17735,123,30,-93,0.5169593825590065
17735,124,41,11,0.8501430219851258
17735,125,47,6,0.929238814910639
17735,126,46,-1,0.7586289227322365
17735,127,51,5,0.79444723116454
17735,128,54,3,1.055347201931487
17735,129,54,0,1.162621670443676
17735,130,54,0,0.9803166704809171
17735,131,56,2,0.7324149632255276
17735,132,60,4,0.2687046654419799
17735,133,76,16,-0.5222547061790614
17735,134,0,-77,0.5450115444782292
17735,135,6,-13,1.0628056231669787
17735,136,4,-15,0.6328447918536845
17735,137,15,-35,0.8653025413795805
17735,138,16,-48,1.2149029114117043
17735,139,10,-37,0.21467670308466738
17735,140,37,-85,0.91088171635144
17735,141,43,6,0.5797108304394444
17735,142,46,3,0.19568650494744425
17735,143,18,-83,0.7017183954003887
17735,144,17,-53,0.8820694286625669
17735,145,15,-48,0.7535259662212577
17735,146,21,-58,1.0343637336912896
17735,147,21,-64,0.9352698609444052
17735,148,19,-60,0.7164700401220171
17735,149,26,-72,0.7709841406820613
17735,150,26,-79,0.8559153144109336
17735,151,24,-75,0.7618698672701851
17735,152,30,-85,1.1980413635758247
17735,153,30,-91,0.9502833443812837
17735,154,28,-87,0.6530684509610147
17735,155,36,8,1.2366964640282005
17735,156,36,0,1.0088701114998135
17735,157,33,-3,0.49875852362864087
17735,158,47,14,0.898276386908233
17735,159,52,5,0.5212149388806676
17735,160,57,5,-0.01841072971923646
17735,161,4,-66,0.7489155554622755
17735,162,2,-9,0.31869815347761465
17735,163,20,-43,0.7034946113830941
17735,164,30,-81,8.07061555646286e-17
17735,165,64,34,-0.04814671575376525
17735,166,28,-36,0.6783189966503922
17735,167,26,-81,0.7999891721610605
17735,168,24,-75,0.6027636593843262
17735,169,29,-83,0.19241626082973115
17735,170,0,-30,0.6206505559634155
17735,171,8,-17,-0.6649081009898489
17735,172,99,91,0.7139407234633989
17735,173,88,-11,1.0108701155877142
17735,174,85,-3,0.9852233973154387
17735,175,85,0,0.5829724375851586
17735,176,93,8,1.264177108467106
17735,177,91,-2,0.6083710937211104
17735,178,99,8,1.2065200808035954
17735,179,97,-2,0.6119174405793864
17735,180,99,2,0.5186449961456527
17735,181,88,-11,0.9008607693699078
17735,182,84,-4,0.5099045067812737
17735,183,95,11,1.1387855341342341
17735,184,93,-2,0.9903587636480018
17735,185,92,-1,0.657590341974236
17735,186,99,7,0.6573730941818245
17735,187,89,-10,1.1676823275841426
17735,188,85,-4,0.3251908527061011
17735,189,99,14,0.8801249954092454
17735,190,96,-3,1.2500191147156992
17735,191,94,-2,0.8514104369470601
17735,192,94,0,0.6302296799821951
17735,193,98,4,0.9318448549697672
17735,194,93,-5,1.2120893628220937
17735,195,90,-3,0.9009572725097791
17735,196,88,-2,0.8073515333848164
17735,197,90,2,0.7045930077550077
17735,198,80,-10,0.8200854593787352
77466,0,43,-8,-0.2904972716826788
77466,1,96,53,1.2216696349988112
77466,2,93,-3,0.6912542339413943
77466,3,99,6,0.8800869781532937
77466,4,99,0,0.9634205791116142
77466,5,99,0,0.8770935556158217
77466,6,99,0,1.0017594708487867
77466,7,97,-2,0.8118356118217248
77466,8,98,1,0.8949754297739981
77466,9,98,0,0.8519168089403415
77466,10,98,0,0.5421689365288448
77466,11,86,-12,0.8652685602522028
77466,12,84,-2,0.8932702392315026
77466,13,83,-1,0.8781739087952989
77466,14,83,0,1.3676543545013522
77466,15,81,-2,0.8530634870773425
77466,16,84,3,0.8759668526851723
77466,17,84,0,0.7894002926045672
77466,18,86,2,0.8205389580733482
77466,19,83,-3,0.4486876045827627
77466,20,98,15,0.8707926840079445
77466,21,96,-2,1.1619471230864278
77466,22,93,-3,0.6928456460924693
77466,23,95,2,0.9866964046684104
77466,24,91,-4,0.9446654656304985
77466,25,86,-5,0.7926483792385727
77466,26,87,1,0.5067962242929895
77466,27,94,7,1.219929395156964
77466,28,88,-6,0.8872718660667028
77466,29,89,1,1.0186939096693712
77466,30,85,-4,0.5852707360900953
77466,31,87,2,0.5366871745554898
77466,32,69,-18,0.5418841813574227
77466,33,76,7,1.0020813334052174
77466,34,80,4,0.9348716202299653
77466,35,78,-2,0.6474779549437267
77466,36,65,-13,5.468762596333828e-17
77466,37,94,29,0.6441211615809519
77466,38,99,5,0.3174278665564641
77466,39,58,-41,0.34065739846972154
77466,40,77,19,0.9480422519385764
77466,41,77,0,0.8540216035193958
77466,42,77,0,0.8168920357466136
77466,43,75,-2,0.7355644783300851
77466,44,77,2,0.591965586993374
77466,45,66,-11,0.10115796593259727
77466,46,92,26,0.8487919661421629
77466,47,95,3,0.9668499623546118
77466,48,94,-1,0.7379455978478248
77466,49,95,1,0.79139401887879
77466,50,94,-1,0.8357812797560954
77466,51,92,-2,0.4545383997441098
77466,52,98,6,0.955599102234412
77466,53,96,-2,0.6381267522896875
77466,54,99,3,-1.0146594501288326
77466,55,0,-99,0.9742913889274913
77466,56,4,-9,1.0598844609896538
77466,57,3,-11,0.7385912436274404
77466,58,12,-28,1.1771160325209629
77466,59,12,-37,1.1747490939324876
77466,60,11,-35,1.2865383990225971
77466,61,10,-32,-0.36736565330705667
77466,62,72,62,0.8699299582565253
77466,63,73,1,0.42507394571585494
77466,64,89,16,-0.2610219321008982
77466,65,21,-68,0.8239698650096011
77466,66,20,-62,0.5705632564412595
77466,67,21,-63,0.6167011311326565
77466,68,16,-54,0.16714848157868678
77466,69,38,-93,0.6389945131296705
77466,70,47,9,1.0961825315678695
77466,71,48,1,0.7548895250945704
77466,72,49,1,1.1306096622099522
77466,73,48,-1,1.0730304941076378
77466,74,47,-1,0.6434097980147243
77466,75,51,4,0.7493054514635776
77466,76,52,1,0.7339851868970431
77466,77,53,1,0.9142273219168561
77466,78,53,0,1.035432006796393
77466,79,52,-1,1.5463723602486312
77466,80,52,0,1.1338226985943023
77466,81,52,0,0.9534554704189379
77466,82,52,0,0.8875817006264345
77466,83,51,-1,1.1007194128289635
77466,84,50,-1,0.877109182713695
77466,85,50,0,0.9126586810785015
77466,86,52,2,1.0754324647613442
77466,87,51,-1,0.5372935854006988
77466,88,65,14,-0.3059275054044478
77466,89,0,-66,0.7033009160069512
77466,90,0,-1,1.0241433014630363
77466,91,0,-1,0.7836202631248703
77466,92,10,-21,1.0355923053144627
77466,93,6,-23,0.32227764314090873
77466,94,28,-63,1.034374484575181
77466,95,32,-93,0.43453623615216924
77466,96,45,13,-0.1966794470635509
77466,97,0,-46,0.6616363487499394
77466,98,0,-1,0.8888110204450765
77466,99,0,-1,0.9744530343072229
77466,100,0,-1,0.7599736524539673
77466,101,1,-3,1.1896204001188257
77466,102,0,-2,1.0708839170239324
77466,103,0,-1,0.6239374823094888
77466,104,4,-9,1.1913503732444237
77466,105,1,-7,0.6324380264651083
77466,106,5,-12,0.7468781767126992
77466,107,9,-24,0.8295200148198077
77466,108,6,-22,0.7402388378754517
77466,109,7,-21,0.5020556739256085
77466,110,15,-38,0.5268152453741812
77466,111,20,-56,0.8933347527852046
77466,112,20,-61,1.0111559261674752
77466,113,17,-55,0.8414633430918825
77466,114,20,-58,0.6634551861726351
77466,115,25,-71,0.7403667098286312
77466,116,25,-76,0.72573085385781
77466,117,27,-80,0.870467167451299
77466,118,27,-82,1.0473501930295588
77466,119,24,-76,0.6504118051214922
77466,120,29,-83,0.6786033093511357
77466,121,34,-98,1.0152845252413305
77466,122,32,-99,0.9549719254854336
77466,123,30,-93,0.5169593825590065
77466,124,41,11,0.8501430219851258
77466,125,47,6,0.929238814910639
77466,126,46,-1,0.7586289227322365
77466,127,51,5,0.79444723116454
77466,128,54,3,1.055347201931487
77466,129,54,0,1.162621670443676
77466,130,54,0,0.9803166704809171
77466,131,56,2,0.7324149632255276
77466,132,60,4,0.2687046654419799
77466,133,76,16,-0.5222547061790614
77466,134,0,-77,0.5450115444782292
77466,135,6,-13,1.0628056231669787
77466,136,4,-15,0.6328447918536845
77466,137,15,-35,0.8653025413795805
77466,138,16,-48,1.2149029114117043
77466,139,10,-37,0.21467670308466738
77466,140,37,-85,0.91088171635144
77466,141,43,6,0.5797108304394444
77466,142,46,3,0.19568650494744425
77466,143,18,-83,0.7017183954003887
77466,144,17,-53,0.8820694286625669
77466,145,15,-48,0.7535259662212577
77466,146,21,-58,1.0343637336912896
77466,147,21,-64,0.9352698609444052
77466,148,19,-60,0.7164700401220171
77466,149,26,-72,0.7709841406820613
77466,150,26,-79,0.8559153144109336
77466,151,24,-75,0.7618698672701851
77466,152,30,-85,1.1980413635758247
77466,153,30,-91,0.9502833443812837
77466,154,28,-87,0.6530684509610147
77466,155,36,8,1.2366964640282005
77466,156,36,0,1.0088701114998135
77466,157,33,-3,0.49875852362864087
77466,158,47,14,0.898276386908233
77466,159,52,5,0.5212149388806676
77466,160,57,5,-0.01841072971923646
77466,161,4,-66,0.7489155554622755
77466,162,2,-9,0.31869815347761465
77466,163,20,-43,0.7034946113830941
77466,164,30,-81,8.07061555646286e-17
77466,165,64,34,-0.04814671575376525
77466,166,28,-36,0.6783189966503922
77466,167,26,-81,0.7999891721610605
77466,168,24,-75,0.6027636593843262
77466,169,29,-83,0.19241626082973115
77466,170,0,-30,0.6206505559634155
77466,171,8,-17,-0.6649081009898489
77466,172,99,91,0.7139407234633989
77466,173,88,-11,1.0108701155877142
77466,174,85,-3,0.9852233973154387
77466,175,85,0,0.5829724375851586
77466,176,93,8,1.264177108467106
77466,177,91,-2,0.6083710937211104
77466,178,99,8,1.2065200808035954
77466,179,97,-2,0.6119174405793864
77466,180,99,2,0.5186449961456527
77466,181,88,-11,0.9008607693699078
77466,182,84,-4,0.5099045067812737
77466,183,95,11,1.1387855341342341
77466,184,93,-2,0.9903587636480018
77466,185,92,-1,0.657590341974236
77466,186,99,7,0.6573730941818245
77466,187,89,-10,1.1676823275841426
77466,188,85,-4,0.3251908527061011
77466,189,99,14,0.8801249954092454
77466,190,96,-3,1.2500191147156992
77466,191,94,-2,0.8514104369470601
77466,192,94,0,0.6302296799821951
77466,193,98,4,0.9318448549697672
77466,194,93,-5,1.2120893628220937
77466,195,90,-3,0.9009572725097791
77466,196,88,-2,0.8073515333848164
77466,197,90,2,0.7045930077550077
77466,198,80,-10,0.8200854593787352
13314,0,43,-8,-0.2904972716826788
13314,1,96,53,1.2216696349988112
13314,2,93,-3,0.6912542339413943
13314,3,99,6,0.8800869781532937
13314,4,99,0,0.9634205791116142
13314,5,99,0,0.8770935556158217
13314,6,99,0,1.0017594708487867
13314,7,97,-2,0.8118356118217248
13314,8,98,1,0.8949754297739981
13314,9,98,0,0.8519168089403415
13314,10,98,0,0.5421689365288448
13314,11,86,-12,0.8652685602522028
13314,12,84,-2,0.8932702392315026
13314,13,83,-1,0.8781739087952989
13314,14,83,0,1.3676543545013522
13314,15,81,-2,0.8530634870773425
13314,16,84,3,0.8759668526851723
13314,17,84,0,0.7894002926045672
13314,18,86,2,0.8205389580733482
13314,19,83,-3,0.4486876045827627
13314,20,98,15,0.8707926840079445
13314,21,96,-2,1.1619471230864278
13314,22,93,-3,0.6928456460924693
13314,23,95,2,0.9866964046684104
13314,24,91,-4,0.9446654656304985
13314,25,86,-5,0.7926483792385727
13314,26,87,1,0.5067962242929895
13314,27,94,7,1.219929395156964
13314,28,88,-6,0.8872718660667028
13314,29,89,1,1.0186939096693712
13314,30,85,-4,0.5852707360900953
13314,31,87,2,0.5366871745554898
13314,32,69,-18,0.5418841813574227
13314,33,76,7,1.0020813334052174
13314,34,80,4,0.9348716202299653
13314,35,78,-2,0.6474779549437267
13314,36,65,-13,5.468762596333828e-17
13314,37,94,29,0.6441211615809519
13314,38,99,5,0.3174278665564641
13314,39,58,-41,0.34065739846972154
13314,40,77,19,0.9480422519385764
13314,41,77,0,0.8540216035193958
13314,42,77,0,0.8168920357466136
13314,43,75,-2,0.7355644783300851
13314,44,77,2,0.591965586993374
13314,45,66,-11,0.10115796593259727
13314,46,92,26,0.8487919661421629
13314,47,95,3,0.9668499623546118
13314,48,94,-1,0.7379455978478248
13314,49,95,1,0.79139401887879
13314,50,94,-1,0.8357812797560954
13314,51,92,-2,0.4545383997441098
13314,52,98,6,0.955599102234412
13314,53,96,-2,0.6381267522896875
13314,54,99,3,-1.0146594501288326
13314,55,0,-99,0.9742913889274913
13314,56,4,-9,1.0598844609896538
13314,57,3,-11,0.7385912436274404
13314,58,12,-28,1.1771160325209629
13314,59,12,-37,1.1747490939324876
13314,60,11,-35,1.2865383990225971
13314,61,10,-32,-0.36736565330705667
13314,62,72,62,0.8699299582565253
13314,63,73,1,0.42507394571585494
13314,64,89,16,-0.2610219321008982
13314,65,21,-68,0.8239698650096011
13314,66,20,-62,0.5705632564412595
13314,67,21,-63,0.6167011311326565
13314,68,16,-54,0.16714848157868678
13314,69,38,-93,0.6389945131296705
13314,70,47,9,1.0961825315678695
13314,71,48,1,0.7548895250945704
13314,72,49,1,1.1306096622099522
13314,73,48,-1,1.0730304941076378
13314,74,47,-1,0.6434097980147243
13314,75,51,4,0.7493054514635776
13314,76,52,1,0.7339851868970431
13314,77,53,1,0.9142273219168561
13314,78,53,0,1.035432006796393
13314,79,52,-1,1.5463723602486312
13314,80,52,0,1.1338226985943023
13314,81,52,0,0.9534554704189379
13314,82,52,0,0.8875817006264345
13314,83,51,-1,1.1007194128289635
13314,84,50,-1,0.877109182713695
13314,85,50,0,0.9126586810785015
13314,86,52,2,1.0754324647613442
13314,87,51,-1,0.5372935854006988
13314,88,65,14,-0.3059275054044478
13314,89,0,-66,0.7033009160069512
13314,90,0,-1,1.0241433014630363
13314,91,0,-1,0.7836202631248703
13314,92,10,-21,1.0355923053144627
13314,93,6,-23,0.32227764314090873
13314,94,28,-63,1.034374484575181
13314,95,32,-93,0.43453623615216924
13314,96,45,13,-0.1966794470635509
13314,97,0,-46,0.6616363487499394
13314,98,0,-1,0.8888110204450765
13314,99,0,-1,0.9744530343072229
13314,100,0,-1,0.7599736524539673
13314,101,1,-3,1.1896204001188257
13314,102,0,-2,1.0708839170239324
13314,103,0,-1,0.6239374823094888
13314,104,4,-9,1.1913503732444237
13314,105,1,-7,0.6324380264651083
13314,106,5,-12,0.7468781767126992
13314,107,9,-24,0.8295200148198077
13314,108,6,-22,0.7402388378754517
13314,109,7,-21,0.5020556739256085
13314,110,15,-38,0.5268152453741812
13314,111,20,-56,0.8933347527852046
13314,112,20,-61,1.0111559261674752
13314,113,17,-55,0.8414633430918825
13314,114,20,-58,0.6634551861726351
13314,115,25,-71,0.7403667098286312
13314,116,25,-76,0.72573085385781
13314,117,27,-80,0.870467167451299
13314,118,27,-82,1.0473501930295588
13314,119,24,-76,0.6504118051214922
13314,120,29,-83,0.6786033093511357
13314,121,34,-98,1.0152845252413305
13314,122,32,-99,0.9549719254854336
13314,123,30,-93,0.5169593825590065
13314,124,41,11,0.8501430219851258
13314,125,47,6,0.929238814910639
13314,126,46,-1,0.7586289227322365
13314,127,51,5,0.79444723116454
13314,128,54,3,1.055347201931487
13314,129,54,0,1.162621670443676
13314,130,54,0,0.9803166704809171
13314,131,56,2,0.7324149632255276
13314,132,60,4,0.2687046654419799
13314,133,76,16,-0.5222547061790614
13314,134,0,-77,0.5450115444782292
13314,135,6,-13,1.0628056231669787
13314,136,4,-15,0.6328447918536845
13314,137,15,-35,0.8653025413795805
13314,138,16,-48,1.2149029114117043
13314,139,10,-37,0.21467670308466738
13314,140,37,-85,0.91088171635144
13314,141,43,6,0.5797108304394444
13314,142,46,3,0.19568650494744425
13314,143,18,-83,0.7017183954003887
13314,144,17,-53,0.8820694286625669
13314,145,15,-48,0.7535259662212577
13314,146,21,-58,1.0343637336912896
13314,147,21,-64,0.9352698609444052
13314,148,19,-60,0.7164700401220171
13314,149,26,-72,0.7709841406820613
13314,150,26,-79,0.8559153144109336
13314,151,24,-75,0.7618698672701851
13314,152,30,-85,1.1980413635758247
13314,153,30,-91,0.9502833443812837
13314,154,28,-87,0.6530684509610147
13314,155,36,8,1.2366964640282005
13314,156,36,0,1.0088701114998135
13314,157,33,-3,0.49875852362864087
13314,158,47,14,0.898276386908233
13314,159,52,5,0.5212149388806676
13314,160,57,5,-0.01841072971923646
13314,161,4,-66,0.7489155554622755
13314,162,2,-9,0.31869815347761465
13314,163,20,-43,0.7034946113830941
13314,164,30,-81,8.07061555646286e-17
13314,165,64,34,-0.04814671575376525
13314,166,28,-36,0.6783189966503922
13314,167,26,-81,0.7999891721610605
13314,168,24,-75,0.6027636593843262
13314,169,29,-83,0.19241626082973115
13314,170,0,-30,0.6206505559634155
13314,171,8,-17,-0.6649081009898489
13314,172,99,91,0.7139407234633989
13314,173,88,-11,1.0108701155877142
13314,174,85,-3,0.9852233973154387
13314,175,85,0,0.5829724375851586
13314,176,93,8,1.264177108467106
13314,177,91,-2,0.6083710937211104
13314,178,99,8,1.2065200808035954
13314,179,97,-2,0.6119174405793864
13314,180,99,2,0.5186449961456527
13314,181,88,-11,0.9008607693699078
13314,182,84,-4,0.5099045067812737
13314,183,95,11,1.1387855341342341
13314,184,93,-2,0.9903587636480018
13314,185,92,-1,0.657590341974236
13314,186,99,7,0.6573730941818245
13314,187,89,-10,1.1676823275841426
13314,188,85,-4,0.3251908527061011
13314,189,99,14,0.8801249954092454
13314,190,96,-3,1.2500191147156992
13314,191,94,-2,0.8514104369470601
13314,192,94,0,0.6302296799821951
13314,193,98,4,0.9318448549697672
13314,194,93,-5,1.2120893628220937
13314,195,90,-3,0.9009572725097791
13314,196,88,-2,0.8073515333848164
13314,197,90,2,0.7045930077550077
13314,198,80,-10,0.8200854593787352
85377,0,43,-8,-0.2904972716826788
85377,1,96,53,1.2216696349988112
85377,2,93,-3,0.6912542339413943
85377,3,99,6,0.8800869781532937
85377,4,99,0,0.9634205791116142
85377,5,99,0,0.8770935556158217
85377,6,99,0,1.0017594708487867
85377,7,97,-2,0.8118356118217248
85377,8,98,1,0.8949754297739981
85377,9,98,0,0.8519168089403415
85377,10,98,0,0.5421689365288448
85377,11,86,-12,0.8652685602522028
85377,12,84,-2,0.8932702392315026
85377,13,83,-1,0.8781739087952989
85377,14,83,0,1.3676543545013522
85377,15,81,-2,0.8530634870773425
85377,16,84,3,0.8759668526851723
85377,17,84,0,0.7894002926045672
85377,18,86,2,0.8205389580733482
85377,19,83,-3,0.4486876045827627
85377,20,98,15,0.8707926840079445
85377,21,96,-2,1.1619471230864278
85377,22,93,-3,0.6928456460924693
85377,23,95,2,0.9866964046684104
85377,24,91,-4,0.9446654656304985
85377,25,86,-5,0.7926483792385727
85377,26,87,1,0.5067962242929895
85377,27,94,7,1.219929395156964
85377,28,88,-6,0.8872718660667028
85377,29,89,1,1.0186939096693712
85377,30,85,-4,0.5852707360900953
85377,31,87,2,0.5366871745554898
85377,32,69,-18,0.5418841813574227
85377,33,76,7,1.0020813334052174
85377,34,80,4,0.9348716202299653
85377,35,78,-2,0.6474779549437267
85377,36,65,-13,5.468762596333828e-17
85377,37,94,29,0.6441211615809519
85377,38,99,5,0.3174278665564641
85377,39,58,-41,0.34065739846972154
85377,40,77,19,0.9480422519385764
85377,41,77,0,0.8540216035193958
85377,42,77,0,0.8168920357466136
85377,43,75,-2,0.7355644783300851
85377,44,77,2,0.591965586993374
85377,45,66,-11,0.10115796593259727
85377,46,92,26,0.8487919661421629
85377,47,95,3,0.9668499623546118
85377,48,94,-1,0.7379455978478248
85377,49,95,1,0.79139401887879
85377,50,94,-1,0.8357812797560954
85377,51,92,-2,0.4545383997441098
85377,52,98,6,0.955599102234412
85377,53,96,-2,0.6381267522896875
85377,54,99,3,-1.0146594501288326
85377,55,0,-99,0.9742913889274913
85377,56,4,-9,1.0598844609896538
85377,57,3,-11,0.7385912436274404
85377,58,12,-28,1.1771160325209629
85377,59,12,-37,1.1747490939324876
85377,60,11,-35,1.2865383990225971
85377,61,10,-32,-0.36736565330705667
85377,62,72,62,0.8699299582565253
85377,63,73,1,0.42507394571585494
85377,64,89,16,-0.2610219321008982
85377,65,21,-68,0.8239698650096011
85377,66,20,-62,0.5705632564412595
85377,67,21,-63,0.6167011311326565
85377,68,16,-54,0.16714848157868678
85377,69,38,-93,0.6389945131296705
85377,70,47,9,1.0961825315678695
85377,71,48,1,0.7548895250945704
85377,72,49,1,1.1306096622099522
85377,73,48,-1,1.0730304941076378
85377,74,47,-1,0.6434097980147243
85377,75,51,4,0.7493054514635776
85377,76,52,1,0.7339851868970431
85377,77,53,1,0.9142273219168561
85377,78,53,0,1.035432006796393
85377,79,52,-1,1.5463723602486312
85377,80,52,0,1.1338226985943023
85377,81,52,0,0.9534554704189379
85377,82,52,0,0.8875817006264345
85377,83,51,-1,1.1007194128289635
85377,84,50,-1,0.877109182713695
85377,85,50,0,0.9126586810785015
85377,86,52,2,1.0754324647613442
85377,87,51,-1,0.5372935854006988
85377,88,65,14,-0.3059275054044478
85377,89,0,-66,0.7033009160069512
85377,90,0,-1,1.0241433014630363
85377,91,0,-1,0.7836202631248703
85377,92,10,-21,1.0355923053144627
85377,93,6,-23,0.32227764314090873
85377,94,28,-63,1.034374484575181
85377,95,32,-93,0.43453623615216924
85377,96,45,13,-0.1966794470635509
85377,97,0,-46,0.6616363487499394
85377,98,0,-1,0.8888110204450765
85377,99,0,-1,0.9744530343072229
85377,100,0,-1,0.7599736524539673
85377,101,1,-3,1.1896204001188257
85377,102,0,-2,1.0708839170239324
85377,103,0,-1,0.6239374823094888
85377,104,4,-9,1.1913503732444237
85377,105,1,-7,0.6324380264651083
85377,106,5,-12,0.7468781767126992
85377,107,9,-24,0.8295200148198077
85377,108,6,-22,0.7402388378754517
85377,109,7,-21,0.5020556739256085
85377,110,15,-38,0.5268152453741812
85377,111,20,-56,0.8933347527852046
85377,112,20,-61,1.0111559261674752
85377,113,17,-55,0.8414633430918825
85377,114,20,-58,0.6634551861726351
85377,115,25,-71,0.7403667098286312
85377,116,25,-76,0.72573085385781
85377,117,27,-80,0.870467167451299
85377,118,27,-82,1.0473501930295588
85377,119,24,-76,0.6504118051214922
85377,120,29,-83,0.6786033093511357
85377,121,34,-98,1.0152845252413305
85377,122,32,-99,0.9549719254854336
85377,123,30,-93,0.5169593825590065
85377,124,41,11,0.8501430219851258
85377,125,47,6,0.929238814910639
85377,126,46,-1,0.7586289227322365
85377,127,51,5,0.79444723116454
85377,128,54,3,1.055347201931487
85377,129,54,0,1.162621670443676
85377,130,54,0,0.9803166704809171
85377,131,56,2,0.7324149632255276
85377,132,60,4,0.2687046654419799
85377,133,76,16,-0.5222547061790614
85377,134,0,-77,0.5450115444782292
85377,135,6,-13,1.0628056231669787
85377,136,4,-15,0.6328447918536845
85377,137,15,-35,0.8653025413795805
85377,138,16,-48,1.2149029114117043
85377,139,10,-37,0.21467670308466738
85377,140,37,-85,0.91088171635144
85377,141,43,6,0.5797108304394444
85377,142,46,3,0.19568650494744425
85377,143,18,-83,0.7017183954003887
85377,144,17,-53,0.8820694286625669
85377,145,15,-48,0.7535259662212577
85377,146,21,-58,1.0343637336912896
85377,147,21,-64,0.9352698609444052
85377,148,19,-60,0.7164700401220171
85377,149,26,-72,0.7709841406820613
85377,150,26,-79,0.8559153144109336
85377,151,24,-75,0.7618698672701851
85377,152,30,-85,1.1980413635758247
85377,153,30,-91,0.9502833443812837
85377,154,28,-87,0.6530684509610147
85377,155,36,8,1.2366964640282005
85377,156,36,0,1.0088701114998135
85377,157,33,-3,0.49875852362864087
85377,158,47,14,0.898276386908233
85377,159,52,5,0.5212149388806676
85377,160,57,5,-0.01841072971923646
85377,161,4,-66,0.7489155554622755
85377,162,2,-9,0.31869815347761465
85377,163,20,-43,0.7034946113830941
85377,164,30,-81,8.07061555646286e-17
85377,165,64,34,-0.04814671575376525
85377,166,28,-36,0.6783189966503922
85377,167,26,-81,0.7999891721610605
85377,168,24,-75,0.6027636593843262
85377,169,29,-83,0.19241626082973115
85377,170,0,-30,0.6206505559634155
85377,171,8,-17,-0.6649081009898489
85377,172,99,91,0.7139407234633989
85377,173,88,-11,1.0108701155877142
85377,174,85,-3,0.9852233973154387
85377,175,85,0,0.5829724375851586
85377,176,93,8,1.264177108467106
85377,177,91,-2,0.6083710937211104
85377,178,99,8,1.2065200808035954
85377,179,97,-2,0.6119174405793864
85377,180,99,2,0.5186449961456527
85377,181,88,-11,0.9008607693699078
85377,182,84,-4,0.5099045067812737
85377,183,95,11,1.1387855341342341
85377,184,93,-2,0.9903587636480018
85377,185,92,-1,0.657590341974236
85377,186,99,7,0.6573730941818245
85377,187,89,-10,1.1676823275841426
85377,188,85,-4,0.3251908527061011
85377,189,99,14,0.8801249954092454
85377,190,96,-3,1.2500191147156992
85377,191,94,-2,0.8514104369470601
85377,192,94,0,0.6302296799821951
85377,193,98,4,0.9318448549697672
85377,194,93,-5,1.2120893628220937
85377,195,90,-3,0.9009572725097791
85377,196,88,-2,0.8073515333848164
85377,197,90,2,0.7045930077550077
85377,198,80,-10,0.8200854593787352
52244,0,43,-8,-0.2904972716826788
52244,1,96,53,1.2216696349988112
52244,2,93,-3,0.6912542339413943
52244,3,99,6,0.8800869781532937
52244,4,99,0,0.9634205791116142
52244,5,99,0,0.8770935556158217
52244,6,99,0,1.0017594708487867
52244,7,97,-2,0.8118356118217248
52244,8,98,1,0.8949754297739981
52244,9,98,0,0.8519168089403415
52244,10,98,0,0.5421689365288448
52244,11,86,-12,0.8652685602522028
52244,12,84,-2,0.8932702392315026
52244,13,83,-1,0.8781739087952989
52244,14,83,0,1.3676543545013522
52244,15,81,-2,0.8530634870773425
52244,16,84,3,0.8759668526851723
52244,17,84,0,0.7894002926045672
52244,18,86,2,0.8205389580733482
52244,19,83,-3,0.4486876045827627
52244,20,98,15,0.8707926840079445
52244,21,96,-2,1.1619471230864278
52244,22,93,-3,0.6928456460924693
52244,23,95,2,0.9866964046684104
52244,24,91,-4,0.9446654656304985
52244,25,86,-5,0.7926483792385727
52244,26,87,1,0.5067962242929895
52244,27,94,7,1.219929395156964
52244,28,88,-6,0.8872718660667028
52244,29,89,1,1.0186939096693712
52244,30,85,-4,0.5852707360900953
52244,31,87,2,0.5366871745554898
52244,32,69,-18,0.5418841813574227
52244,33,76,7,1.0020813334052174
52244,34,80,4,0.9348716202299653
52244,35,78,-2,0.6474779549437267
52244,36,65,-13,5.468762596333828e-17
52244,37,94,29,0.6441211615809519
52244,38,99,5,0.3174278665564641
52244,39,58,-41,0.34065739846972154
52244,40,77,19,0.9480422519385764
52244,41,77,0,0.8540216035193958
52244,42,77,0,0.8168920357466136
52244,43,75,-2,0.7355644783300851
52244,44,77,2,0.591965586993374
52244,45,66,-11,0.10115796593259727
52244,46,92,26,0.8487919661421629
52244,47,95,3,0.9668499623546118
52244,48,94,-1,0.7379455978478248
52244,49,95,1,0.79139401887879
52244,50,94,-1,0.8357812797560954
52244,51,92,-2,0.4545383997441098
52244,52,98,6,0.955599102234412
52244,53,96,-2,0.6381267522896875
52244,54,99,3,-1.0146594501288326
52244,55,0,-99,0.9742913889274913
52244,56,4,-9,1.0598844609896538
52244,57,3,-11,0.7385912436274404
52244,58,12,-28,1.1771160325209629
52244,59,12,-37,1.1747490939324876
52244,60,11,-35,1.2865383990225971
52244,61,10,-32,-0.36736565330705667
52244,62,72,62,0.8699299582565253
52244,63,73,1,0.42507394571585494
52244,64,89,16,-0.2610219321008982
52244,65,21,-68,0.8239698650096011
52244,66,20,-62,0.5705632564412595
52244,67,21,-63,0.6167011311326565
52244,68,16,-54,0.16714848157868678
52244,69,38,-93,0.6389945131296705
52244,70,47,9,1.0961825315678695
52244,71,48,1,0.7548895250945704
52244,72,49,1,1.1306096622099522
52244,73,48,-1,1.0730304941076378
52244,74,47,-1,0.6434097980147243
52244,75,51,4,0.7493054514635776
52244,76,52,1,0.7339851868970431
52244,77,53,1,0.9142273219168561
52244,78,53,0,1.035432006796393
52244,79,52,-1,1.5463723602486312
52244,80,52,0,1.1338226985943023
52244,81,52,0,0.9534554704189379
52244,82,52,0,0.8875817006264345
52244,83,51,-1,1.1007194128289635
52244,84,50,-1,0.877109182713695
52244,85,50,0,0.9126586810785015
52244,86,52,2,1.0754324647613442
52244,87,51,-1,0.5372935854006988
52244,88,65,14,-0.3059275054044478
52244,89,0,-66,0.7033009160069512
52244,90,0,-1,1.0241433014630363
52244,91,0,-1,0.7836202631248703
52244,92,10,-21,1.0355923053144627
52244,93,6,-23,0.32227764314090873
52244,94,28,-63,1.034374484575181
52244,95,32,-93,0.43453623615216924
52244,96,45,13,-0.1966794470635509
52244,97,0,-46,0.6616363487499394
52244,98,0,-1,0.8888110204450765
52244,99,0,-1,0.9744530343072229
52244,100,0,-1,0.7599736524539673
52244,101,1,-3,1.1896204001188257
52244,102,0,-2,1.0708839170239324
52244,103,0,-1,0.6239374823094888
52244,104,4,-9,1.1913503732444237
52244,105,1,-7,0.6324380264651083
52244,106,5,-12,0.7468781767126992
52244,107,9,-24,0.8295200148198077
52244,108,6,-22,0.7402388378754517
52244,109,7,-21,0.5020556739256085
52244,110,15,-38,0.5268152453741812
52244,111,20,-56,0.8933347527852046
52244,112,20,-61,1.0111559261674752
52244,113,17,-55,0.8414633430918825
52244,114,20,-58,0.6634551861726351
52244,115,25,-71,0.7403667098286312
52244,116,25,-76,0.72573085385781
52244,117,27,-80,0.870467167451299
52244,118,27,-82,1.0473501930295588
52244,119,24,-76,0.6504118051214922
52244,120,29,-83,0.6786033093511357
52244,121,34,-98,1.0152845252413305
52244,122,32,-99,0.9549719254854336
52244,123,30,-93,0.5169593825590065
52244,124,41,11,0.8501430219851258
52244,125,47,6,0.929238814910639
52244,126,46,-1,0.7586289227322365
52244,127,51,5,0.79444723116454
52244,128,54,3,1.055347201931487
52244,129,54,0,1.162621670443676
52244,130,54,0,0.9803166704809171
52244,131,56,2,0.7324149632255276
52244,132,60,4,0.2687046654419799
52244,133,76,16,-0.5222547061790614
52244,134,0,-77,0.5450115444782292
52244,135,6,-13,1.0628056231669787
52244,136,4,-15,0.6328447918536845
52244,137,15,-35,0.8653025413795805
52244,138,16,-48,1.2149029114117043
52244,139,10,-37,0.21467670308466738
52244,140,37,-85,0.91088171635144
52244,141,43,6,0.5797108304394444
52244,142,46,3,0.19568650494744425
52244,143,18,-83,0.7017183954003887
52244,144,17,-53,0.8820694286625669
52244,145,15,-48,0.7535259662212577
52244,146,21,-58,1.0343637336912896
52244,147,21,-64,0.9352698609444052
52244,148,19,-60,0.7164700401220171
52244,149,26,-72,0.7709841406820613
52244,150,26,-79,0.8559153144109336
52244,151,24,-75,0.7618698672701851
52244,152,30,-85,1.1980413635758247
52244,153,30,-91,0.9502833443812837
52244,154,28,-87,0.6530684509610147
52244,155,36,8,1.2366964640282005
52244,156,36,0,1.0088701114998135
52244,157,33,-3,0.49875852362864087
52244,158,47,14,0.898276386908233
52244,159,52,5,0.5212149388806676
52244,160,57,5,-0.01841072971923646
52244,161,4,-66,0.7489155554622755
52244,162,2,-9,0.31869815347761465
52244,163,20,-43,0.7034946113830941
52244,164,30,-81,8.07061555646286e-17
52244,165,64,34,-0.04814671575376525
52244,166,28,-36,0.6783189966503922
52244,167,26,-81,0.7999891721610605
52244,168,24,-75,0.6027636593843262
52244,169,29,-83,0.19241626082973115
52244,170,0,-30,0.6206505559634155
52244,171,8,-17,-0.6649081009898489
52244,172,99,91,0.7139407234633989
52244,173,88,-11,1.0108701155877142
52244,174,85,-3,0.9852233973154387
52244,175,85,0,0.5829724375851586
52244,176,93,8,1.264177108467106
52244,177,91,-2,0.6083710937211104
52244,178,99,8,1.2065200808035954
52244,179,97,-2,0.6119174405793864
52244,180,99,2,0.5186449961456527
52244,181,88,-11,0.9008607693699078
52244,182,84,-4,0.5099045067812737
52244,183,95,11,1.1387855341342341
52244,184,93,-2,0.9903587636480018
52244,185,92,-1,0.657590341974236
52244,186,99,7,0.6573730941818245
52244,187,89,-10,1.1676823275841426
52244,188,85,-4,0.3251908527061011
52244,189,99,14,0.8801249954092454
52244,190,96,-3,1.2500191147156992
52244,191,94,-2,0.8514104369470601
52244,192,94,0,0.6302296799821951
52244,193,98,4,0.9318448549697672
52244,194,93,-5,1.2120893628220937
52244,195,90,-3,0.9009572725097791
52244,196,88,-2,0.8073515333848164
52244,197,90,2,0.7045930077550077
52244,198,80,-10,0.8200854593787352
13525,0,43,-8,-0.2904972716826788
13525,1,96,53,1.2216696349988112
13525,2,93,-3,0.6912542339413943
13525,3,99,6,0.8800869781532937
13525,4,99,0,0.9634205791116142
13525,5,99,0,0.8770935556158217
13525,6,99,0,1.0017594708487867
13525,7,97,-2,0.8118356118217248
13525,8,98,1,0.8949754297739981
13525,9,98,0,0.8519168089403415
13525,10,98,0,0.5421689365288448
13525,11,86,-12,0.8652685602522028
13525,12,84,-2,0.8932702392315026
13525,13,83,-1,0.8781739087952989
13525,14,83,0,1.3676543545013522
13525,15,81,-2,0.8530634870773425
13525,16,84,3,0.8759668526851723
13525,17,84,0,0.7894002926045672
13525,18,86,2,0.8205389580733482
13525,19,83,-3,0.4486876045827627
13525,20,98,15,0.8707926840079445
13525,21,96,-2,1.1619471230864278
13525,22,93,-3,0.6928456460924693
13525,23,95,2,0.9866964046684104
13525,24,91,-4,0.9446654656304985
13525,25,86,-5,0.7926483792385727
13525,26,87,1,0.5067962242929895
13525,27,94,7,1.219929395156964
13525,28,88,-6,0.8872718660667028
13525,29,89,1,1.0186939096693712
13525,30,85,-4,0.5852707360900953
13525,31,87,2,0.5366871745554898
13525,32,69,-18,0.5418841813574227
13525,33,76,7,1.0020813334052174
13525,34,80,4,0.9348716202299653
13525,35,78,-2,0.6474779549437267
13525,36,65,-13,5.468762596333828e-17
13525,37,94,29,0.6441211615809519
13525,38,99,5,0.3174278665564641
13525,39,58,-41,0.34065739846972154
13525,40,77,19,0.9480422519385764
13525,41,77,0,0.8540216035193958
13525,42,77,0,0.8168920357466136
13525,43,75,-2,0.7355644783300851
13525,44,77,2,0.591965586993374
13525,45,66,-11,0.10115796593259727
13525,46,92,26,0.8487919661421629
13525,47,95,3,0.9668499623546118
13525,48,94,-1,0.7379455978478248
13525,49,95,1,0.79139401887879
13525,50,94,-1,0.8357812797560954
13525,51,92,-2,0.4545383997441098
13525,52,98,6,0.955599102234412
13525,53,96,-2,0.6381267522896875
13525,54,99,3,-1.0146594501288326
13525,55,0,-99,0.9742913889274913
13525,56,4,-9,1.0598844609896538
13525,57,3,-11,0.7385912436274404
13525,58,12,-28,1.1771160325209629
13525,59,12,-37,1.1747490939324876
13525,60,11,-35,1.2865383990225971
13525,61,10,-32,-0.36736565330705667
13525,62,72,62,0.8699299582565253
13525,63,73,1,0.42507394571585494
13525,64,89,16,-0.2610219321008982
13525,65,21,-68,0.8239698650096011
13525,66,20,-62,0.5705632564412595
13525,67,21,-63,0.6167011311326565
13525,68,16,-54,0.16714848157868678
13525,69,38,-93,0.6389945131296705
13525,70,47,9,1.0961825315678695
13525,71,48,1,0.7548895250945704
13525,72,49,1,1.1306096622099522
13525,73,48,-1,1.0730304941076378
13525,74,47,-1,0.6434097980147243
13525,75,51,4,0.7493054514635776
13525,76,52,1,0.7339851868970431
13525,77,53,1,0.9142273219168561
13525,78,53,0,1.035432006796393
13525,79,52,-1,1.5463723602486312
13525,80,52,0,1.1338226985943023
13525,81,52,0,0.9534554704189379
13525,82,52,0,0.8875817006264345
13525,83,51,-1,1.1007194128289635
13525,84,50,-1,0.877109182713695
13525,85,50,0,0.9126586810785015
13525,86,52,2,1.0754324647613442
13525,87,51,-1,0.5372935854006988
13525,88,65,14,-0.3059275054044478
13525,89,0,-66,0.7033009160069512
13525,90,0,-1,1.0241433014630363
13525,91,0,-1,0.7836202631248703
13525,92,10,-21,1.0355923053144627
13525,93,6,-23,0.32227764314090873
13525,94,28,-63,1.034374484575181
13525,95,32,-93,0.43453623615216924
13525,96,45,13,-0.1966794470635509
13525,97,0,-46,0.6616363487499394
13525,98,0,-1,0.8888110204450765
13525,99,0,-1,0.9744530343072229
13525,100,0,-1,0.7599736524539673
13525,101,1,-3,1.1896204001188257
13525,102,0,-2,1.0708839170239324
13525,103,0,-1,0.6239374823094888
13525,104,4,-9,1.1913503732444237
13525,105,1,-7,0.6324380264651083
13525,106,5,-12,0.7468781767126992
13525,107,9,-24,0.8295200148198077
13525,108,6,-22,0.7402388378754517
13525,109,7,-21,0.5020556739256085
13525,110,15,-38,0.5268152453741812
13525,111,20,-56,0.8933347527852046
13525,112,20,-61,1.0111559261674752
13525,113,17,-55,0.8414633430918825
13525,114,20,-58,0.6634551861726351
13525,115,25,-71,0.7403667098286312
13525,116,25,-76,0.72573085385781
13525,117,27,-80,0.870467167451299
13525,118,27,-82,1.0473501930295588
13525,119,24,-76,0.6504118051214922
13525,120,29,-83,0.6786033093511357
13525,121,34,-98,1.0152845252413305
13525,122,32,-99,0.9549719254854336
13525,123,30,-93,0.5169593825590065
13525,124,41,11,0.8501430219851258
13525,125,47,6,0.929238814910639
13525,126,46,-1,0.7586289227322365
13525,127,51,5,0.79444723116454
13525,128,54,3,1.055347201931487
13525,129,54,0,1.162621670443676
13525,130,54,0,0.9803166704809171
13525,131,56,2,0.7324149632255276
13525,132,60,4,0.2687046654419799
13525,133,76,16,-0.5222547061790614
13525,134,0,-77,0.5450115444782292
13525,135,6,-13,1.0628056231669787
13525,136,4,-15,0.6328447918536845
13525,137,15,-35,0.8653025413795805
13525,138,16,-48,1.2149029114117043
13525,139,10,-37,0.21467670308466738
13525,140,37,-85,0.91088171635144
13525,141,43,6,0.5797108304394444
13525,142,46,3,0.19568650494744425
13525,143,18,-83,0.7017183954003887
13525,144,17,-53,0.8820694286625669
13525,145,15,-48,0.7535259662212577
13525,146,21,-58,1.0343637336912896
13525,147,21,-64,0.9352698609444052
13525,148,19,-60,0.7164700401220171
13525,149,26,-72,0.7709841406820613
13525,150,26,-79,0.8559153144109336
13525,151,24,-75,0.7618698672701851
13525,152,30,-85,1.1980413635758247
13525,153,30,-91,0.9502833443812837
13525,154,28,-87,0.6530684509610147
13525,155,36,8,1.2366964640282005
13525,156,36,0,1.0088701114998135
13525,157,33,-3,0.49875852362864087
13525,158,47,14,0.898276386908233
13525,159,52,5,0.5212149388806676
13525,160,57,5,-0.01841072971923646
13525,161,4,-66,0.7489155554622755
13525,162,2,-9,0.31869815347761465
13525,163,20,-43,0.7034946113830941
13525,164,30,-81,8.07061555646286e-17
13525,165,64,34,-0.04814671575376525
13525,166,28,-36,0.6783189966503922
13525,167,26,-81,0.7999891721610605
13525,168,24,-75,0.6027636593843262
13525,169,29,-83,0.19241626082973115
13525,170,0,-30,0.6206505559634155
13525,171,8,-17,-0.6649081009898489
13525,172,99,91,0.7139407234633989
13525,173,88,-11,1.0108701155877142
13525,174,85,-3,0.9852233973154387
13525,175,85,0,0.5829724375851586
13525,176,93,8,1.264177108467106
13525,177,91,-2,0.6083710937211104
13525,178,99,8,1.2065200808035954
13525,179,97,-2,0.6119174405793864
13525,180,99,2,0.5186449961456527
13525,181,88,-11,0.9008607693699078
13525,182,84,-4,0.5099045067812737
13525,183,95,11,1.1387855341342341
13525,184,93,-2,0.9903587636480018
13525,185,92,-1,0.657590341974236
13525,186,99,7,0.6573730941818245
13525,187,89,-10,1.1676823275841426
13525,188,85,-4,0.3251908527061011
13525,189,99,14,0.8801249954092454
13525,190,96,-3,1.2500191147156992
13525,191,94,-2,0.8514104369470601
13525,192,94,0,0.6302296799821951
13525,193,98,4,0.9318448549697672
13525,194,93,-5,1.2120893628220937
13525,195,90,-3,0.9009572725097791
13525,196,88,-2,0.8073515333848164
13525,197,90,2,0.7045930077550077
13525,198,80,-10,0.8200854593787352
55094,0,43,-8,-0.2904972716826788
55094,1,96,53,1.2216696349988112
55094,2,93,-3,0.6912542339413943
55094,3,99,6,0.8800869781532937
55094,4,99,0,0.9634205791116142
55094,5,99,0,0.8770935556158217
55094,6,99,0,1.0017594708487867
55094,7,97,-2,0.8118356118217248
55094,8,98,1,0.8949754297739981
55094,9,98,0,0.8519168089403415
55094,10,98,0,0.5421689365288448
55094,11,86,-12,0.8652685602522028
55094,12,84,-2,0.8932702392315026
55094,13,83,-1,0.8781739087952989
55094,14,83,0,1.3676543545013522
55094,15,81,-2,0.8530634870773425
55094,16,84,3,0.8759668526851723
55094,17,84,0,0.7894002926045672
55094,18,86,2,0.8205389580733482
55094,19,83,-3,0.4486876045827627
55094,20,98,15,0.8707926840079445
55094,21,96,-2,1.1619471230864278
55094,22,93,-3,0.6928456460924693
55094,23,95,2,0.9866964046684104
55094,24,91,-4,0.9446654656304985
55094,25,86,-5,0.7926483792385727
55094,26,87,1,0.5067962242929895
55094,27,94,7,1.219929395156964
55094,28,88,-6,0.8872718660667028
55094,29,89,1,1.0186939096693712
55094,30,85,-4,0.5852707360900953
55094,31,87,2,0.5366871745554898
55094,32,69,-18,0.5418841813574227
55094,33,76,7,1.0020813334052174
55094,34,80,4,0.9348716202299653
55094,35,78,-2,0.6474779549437267
55094,36,65,-13,5.468762596333828e-17
55094,37,94,29,0.6441211615809519
55094,38,99,5,0.3174278665564641
55094,39,58,-41,0.34065739846972154
55094,40,77,19,0.9480422519385764
55094,41,77,0,0.8540216035193958
55094,42,77,0,0.8168920357466136
55094,43,75,-2,0.7355644783300851
55094,44,77,2,0.591965586993374
55094,45,66,-11,0.10115796593259727
55094,46,92,26,0.8487919661421629
55094,47,95,3,0.9668499623546118
55094,48,94,-1,0.7379455978478248
55094,49,95,1,0.79139401887879
55094,50,94,-1,0.8357812797560954
55094,51,92,-2,0.4545383997441098
55094,52,98,6,0.955599102234412
55094,53,96,-2,0.6381267522896875
55094,54,99,3,-1.0146594501288326
55094,55,0,-99,0.9742913889274913
55094,56,4,-9,1.0598844609896538
55094,57,3,-11,0.7385912436274404
55094,58,12,-28,1.1771160325209629
55094,59,12,-37,1.1747490939324876
55094,60,11,-35,1.2865383990225971
55094,61,10,-32,-0.36736565330705667
55094,62,72,62,0.8699299582565253
55094,63,73,1,0.42507394571585494
55094,64,89,16,-0.2610219321008982
55094,65,21,-68,0.8239698650096011
55094,66,20,-62,0.5705632564412595
55094,67,21,-63,0.6167011311326565
55094,68,16,-54,0.16714848157868678
55094,69,38,-93,0.6389945131296705
55094,70,47,9,1.0961825315678695
55094,71,48,1,0.7548895250945704
55094,72,49,1,1.1306096622099522
55094,73,48,-1,1.0730304941076378
55094,74,47,-1,0.6434097980147243
55094,75,51,4,0.7493054514635776
55094,76,52,1,0.7339851868970431
55094,77,53,1,0.9142273219168561
55094,78,53,0,1.035432006796393
55094,79,52,-1,1.5463723602486312
55094,80,52,0,1.1338226985943023
55094,81,52,0,0.9534554704189379
55094,82,52,0,0.8875817006264345
55094,83,51,-1,1.1007194128289635
55094,84,50,-1,0.877109182713695
55094,85,50,0,0.9126586810785015
55094,86,52,2,1.0754324647613442
55094,87,51,-1,0.5372935854006988
55094,88,65,14,-0.3059275054044478
55094,89,0,-66,0.7033009160069512
55094,90,0,-1,1.0241433014630363
55094,91,0,-1,0.7836202631248703
55094,92,10,-21,1.0355923053144627
55094,93,6,-23,0.32227764314090873
55094,94,28,-63,1.034374484575181
55094,95,32,-93,0.43453623615216924
55094,96,45,13,-0.1966794470635509
55094,97,0,-46,0.6616363487499394
55094,98,0,-1,0.8888110204450765
55094,99,0,-1,0.9744530343072229
55094,100,0,-1,0.7599736524539673
55094,101,1,-3,1.1896204001188257
55094,102,0,-2,1.0708839170239324
55094,103,0,-1,0.6239374823094888
55094,104,4,-9,1.1913503732444237
55094,105,1,-7,0.6324380264651083
55094,106,5,-12,0.7468781767126992
55094,107,9,-24,0.8295200148198077
55094,108,6,-22,0.7402388378754517
55094,109,7,-21,0.5020556739256085
55094,110,15,-38,0.5268152453741812
55094,111,20,-56,0.8933347527852046
55094,112,20,-61,1.0111559261674752
55094,113,17,-55,0.8414633430918825
55094,114,20,-58,0.6634551861726351
55094,115,25,-71,0.7403667098286312
55094,116,25,-76,0.72573085385781
55094,117,27,-80,0.870467167451299
55094,118,27,-82,1.0473501930295588
55094,119,24,-76,0.6504118051214922
55094,120,29,-83,0.6786033093511357
55094,121,34,-98,1.0152845252413305
55094,122,32,-99,0.9549719254854336
55094,123,30,-93,0.5169593825590065
55094,124,41,11,0.8501430219851258
55094,125,47,6,0.929238814910639
55094,126,46,-1,0.7586289227322365
55094,127,51,5,0.79444723116454
55094,128,54,3,1.055347201931487
55094,129,54,0,1.162621670443676
55094,130,54,0,0.9803166704809171
55094,131,56,2,0.7324149632255276
55094,132,60,4,0.2687046654419799
55094,133,76,16,-0.5222547061790614
55094,134,0,-77,0.5450115444782292
55094,135,6,-13,1.0628056231669787
55094,136,4,-15,0.6328447918536845
55094,137,15,-35,0.8653025413795805
55094,138,16,-48,1.2149029114117043
55094,139,10,-37,0.21467670308466738
55094,140,37,-85,0.91088171635144
55094,141,43,6,0.5797108304394444
55094,142,46,3,0.19568650494744425
55094,143,18,-83,0.7017183954003887
55094,144,17,-53,0.8820694286625669
55094,145,15,-48,0.7535259662212577
55094,146,21,-58,1.0343637336912896
55094,147,21,-64,0.9352698609444052
55094,148,19,-60,0.7164700401220171
55094,149,26,-72,0.7709841406820613
55094,150,26,-79,0.8559153144109336
55094,151,24,-75,0.7618698672701851
55094,152,30,-85,1.1980413635758247
55094,153,30,-91,0.9502833443812837
55094,154,28,-87,0.6530684509610147
55094,155,36,8,1.2366964640282005
55094,156,36,0,1.0088701114998135
55094,157,33,-3,0.49875852362864087
55094,158,47,14,0.898276386908233
55094,159,52,5,0.5212149388806676
55094,160,57,5,-0.01841072971923646
55094,161,4,-66,0.7489155554622755
55094,162,2,-9,0.31869815347761465
55094,163,20,-43,0.7034946113830941
55094,164,30,-81,8.07061555646286e-17
55094,165,64,34,-0.04814671575376525
55094,166,28,-36,0.6783189966503922
55094,167,26,-81,0.7999891721610605
55094,168,24,-75,0.6027636593843262
55094,169,29,-83,0.19241626082973115
55094,170,0,-30,0.6206505559634155
55094,171,8,-17,-0.6649081009898489
55094,172,99,91,0.7139407234633989
55094,173,88,-11,1.0108701155877142
55094,174,85,-3,0.9852233973154387
55094,175,85,0,0.5829724375851586
55094,176,93,8,1.264177108467106
55094,177,91,-2,0.6083710937211104
55094,178,99,8,1.2065200808035954
55094,179,97,-2,0.6119174405793864
55094,180,99,2,0.5186449961456527
55094,181,88,-11,0.9008607693699078
55094,182,84,-4,0.5099045067812737
55094,183,95,11,1.1387855341342341
55094,184,93,-2,0.9903587636480018
55094,185,92,-1,0.657590341974236
55094,186,99,7,0.6573730941818245
55094,187,89,-10,1.1676823275841426
55094,188,85,-4,0.3251908527061011
55094,189,99,14,0.8801249954092454
55094,190,96,-3,1.2500191147156992
55094,191,94,-2,0.8514104369470601
55094,192,94,0,0.6302296799821951
55094,193,98,4,0.9318448549697672
55094,194,93,-5,1.2120893628220937
55094,195,90,-3,0.9009572725097791
55094,196,88,-2,0.8073515333848164
55094,197,90,2,0.7045930077550077
55094,198,80,-10,0.8200854593787352
83620,0,43,-8,-0.2904972716826788
83620,1,96,53,1.2216696349988112
83620,2,93,-3,0.6912542339413943
83620,3,99,6,0.8800869781532937
83620,4,99,0,0.9634205791116142
83620,5,99,0,0.8770935556158217
83620,6,99,0,1.0017594708487867
83620,7,97,-2,0.8118356118217248
83620,8,98,1,0.8949754297739981
83620,9,98,0,0.8519168089403415
83620,10,98,0,0.5421689365288448
83620,11,86,-12,0.8652685602522028
83620,12,84,-2,0.8932702392315026
83620,13,83,-1,0.8781739087952989
83620,14,83,0,1.3676543545013522
83620,15,81,-2,0.8530634870773425
83620,16,84,3,0.8759668526851723
83620,17,84,0,0.7894002926045672
83620,18,86,2,0.8205389580733482
83620,19,83,-3,0.4486876045827627
83620,20,98,15,0.8707926840079445
83620,21,96,-2,1.1619471230864278
83620,22,93,-3,0.6928456460924693
83620,23,95,2,0.9866964046684104
83620,24,91,-4,0.9446654656304985
83620,25,86,-5,0.7926483792385727
83620,26,87,1,0.5067962242929895
83620,27,94,7,1.219929395156964
83620,28,88,-6,0.8872718660667028
83620,29,89,1,1.0186939096693712
83620,30,85,-4,0.5852707360900953
83620,31,87,2,0.5366871745554898
83620,32,69,-18,0.5418841813574227
83620,33,76,7,1.0020813334052174
83620,34,80,4,0.9348716202299653
83620,35,78,-2,0.6474779549437267
83620,36,65,-13,5.468762596333828e-17
83620,37,94,29,0.6441211615809519
83620,38,99,5,0.3174278665564641
83620,39,58,-41,0.34065739846972154
83620,40,77,19,0.9480422519385764
83620,41,77,0,0.8540216035193958
83620,42,77,0,0.8168920357466136
83620,43,75,-2,0.7355644783300851
83620,44,77,2,0.591965586993374
83620,45,66,-11,0.10115796593259727
83620,46,92,26,0.8487919661421629
83620,47,95,3,0.9668499623546118
83620,48,94,-1,0.7379455978478248
83620,49,95,1,0.79139401887879
83620,50,94,-1,0.8357812797560954
83620,51,92,-2,0.4545383997441098
83620,52,98,6,0.955599102234412
83620,53,96,-2,0.6381267522896875
83620,54,99,3,-1.0146594501288326
83620,55,0,-99,0.9742913889274913
83620,56,4,-9,1.0598844609896538
83620,57,3,-11,0.7385912436274404
83620,58,12,-28,1.1771160325209629
83620,59,12,-37,1.1747490939324876
83620,60,11,-35,1.2865383990225971
83620,61,10,-32,-0.36736565330705667
83620,62,72,62,0.8699299582565253
83620,63,73,1,0.42507394571585494
83620,64,89,16,-0.2610219321008982
83620,65,21,-68,0.8239698650096011
83620,66,20,-62,0.5705632564412595
83620,67,21,-63,0.6167011311326565
83620,68,16,-54,0.16714848157868678
83620,69,38,-93,0.6389945131296705
83620,70,47,9,1.0961825315678695
83620,71,48,1,0.7548895250945704
83620,72,49,1,1.1306096622099522
83620,73,48,-1,1.0730304941076378
83620,74,47,-1,0.6434097980147243
83620,75,51,4,0.7493054514635776
83620,76,52,1,0.7339851868970431
83620,77,53,1,0.9142273219168561
83620,78,53,0,1.035432006796393
83620,79,52,-1,1.5463723602486312
83620,80,52,0,1.1338226985943023
83620,81,52,0,0.9534554704189379
83620,82,52,0,0.8875817006264345
83620,83,51,-1,1.1007194128289635
83620,84,50,-1,0.877109182713695
83620,85,50,0,0.9126586810785015
83620,86,52,2,1.0754324647613442
83620,87,51,-1,0.5372935854006988
83620,88,65,14,-0.3059275054044478
83620,89,0,-66,0.7033009160069512
83620,90,0,-1,1.0241433014630363
83620,91,0,-1,0.7836202631248703
83620,92,10,-21,1.0355923053144627
83620,93,6,-23,0.32227764314090873
83620,94,28,-63,1.034374484575181
83620,95,32,-93,0.43453623615216924
83620,96,45,13,-0.1966794470635509
83620,97,0,-46,0.6616363487499394
83620,98,0,-1,0.8888110204450765
83620,99,0,-1,0.9744530343072229
83620,100,0,-1,0.7599736524539673
83620,101,1,-3,1.1896204001188257
83620,102,0,-2,1.0708839170239324
83620,103,0,-1,0.6239374823094888
83620,104,4,-9,1.1913503732444237
83620,105,1,-7,0.6324380264651083
83620,106,5,-12,0.7468781767126992
83620,107,9,-24,0.8295200148198077
83620,108,6,-22,0.7402388378754517
83620,109,7,-21,0.5020556739256085
83620,110,15,-38,0.5268152453741812
83620,111,20,-56,0.8933347527852046
83620,112,20,-61,1.0111559261674752
83620,113,17,-55,0.8414633430918825
83620,114,20,-58,0.6634551861726351
83620,115,25,-71,0.7403667098286312
83620,116,25,-76,0.72573085385781
83620,117,27,-80,0.870467167451299
83620,118,27,-82,1.0473501930295588
83620,119,24,-76,0.6504118051214922
83620,120,29,-83,0.6786033093511357
83620,121,34,-98,1.0152845252413305
83620,122,32,-99,0.9549719254854336
83620,123,30,-93,0.5169593825590065
83620,124,41,11,0.8501430219851258
83620,125,47,6,0.929238814910639
83620,126,46,-1,0.7586289227322365
83620,127,51,5,0.79444723116454
83620,128,54,3,1.055347201931487
83620,129,54,0,1.162621670443676
83620,130,54,0,0.9803166704809171
83620,131,56,2,0.7324149632255276
83620,132,60,4,0.2687046654419799
83620,133,76,16,-0.5222547061790614
83620,134,0,-77,0.5450115444782292
83620,135,6,-13,1.0628056231669787
83620,136,4,-15,0.6328447918536845
83620,137,15,-35,0.8653025413795805
83620,138,16,-48,1.2149029114117043
83620,139,10,-37,0.21467670308466738
83620,140,37,-85,0.91088171635144
83620,141,43,6,0.5797108304394444
83620,142,46,3,0.19568650494744425
83620,143,18,-83,0.7017183954003887
83620,144,17,-53,0.8820694286625669
83620,145,15,-48,0.7535259662212577
83620,146,21,-58,1.0343637336912896
83620,147,21,-64,0.9352698609444052
83620,148,19,-60,0.7164700401220171
83620,149,26,-72,0.7709841406820613
83620,150,26,-79,0.8559153144109336
83620,151,24,-75,0.7618698672701851
83620,152,30,-85,1.1980413635758247
83620,153,30,-91,0.9502833443812837
83620,154,28,-87,0.6530684509610147
83620,155,36,8,1.2366964640282005
83620,156,36,0,1.0088701114998135
83620,157,33,-3,0.49875852362864087
83620,158,47,14,0.898276386908233
83620,159,52,5,0.5212149388806676
83620,160,57,5,-0.01841072971923646
83620,161,4,-66,0.7489155554622755
83620,162,2,-9,0.31869815347761465
83620,163,20,-43,0.7034946113830941
83620,164,30,-81,8.07061555646286e-17
83620,165,64,34,-0.04814671575376525
83620,166,28,-36,0.6783189966503922
83620,167,26,-81,0.7999891721610605
83620,168,24,-75,0.6027636593843262
83620,169,29,-83,0.19241626082973115
83620,170,0,-30,0.6206505559634155
83620,171,8,-17,-0.6649081009898489
83620,172,99,91,0.7139407234633989
83620,173,88,-11,1.0108701155877142
83620,174,85,-3,0.9852233973154387
83620,175,85,0,0.5829724375851586
83620,176,93,8,1.264177108467106
83620,177,91,-2,0.6083710937211104
83620,178,99,8,1.2065200808035954
83620,179,97,-2,0.6119174405793864
83620,180,99,2,0.5186449961456527
83620,181,88,-11,0.9008607693699078
83620,182,84,-4,0.5099045067812737
83620,183,95,11,1.1387855341342341
83620,184,93,-2,0.9903587636480018
83620,185,92,-1,0.657590341974236
83620,186,99,7,0.6573730941818245
83620,187,89,-10,1.1676823275841426
83620,188,85,-4,0.3251908527061011
83620,189,99,14,0.8801249954092454
83620,190,96,-3,1.2500191147156992
83620,191,94,-2,0.8514104369470601
83620,192,94,0,0.6302296799821951
83620,193,98,4,0.9318448549697672
83620,194,93,-5,1.2120893628220937
83620,195,90,-3,0.9009572725097791
83620,196,88,-2,0.8073515333848164
83620,197,90,2,0.7045930077550077
83620,198,80,-10,0.8200854593787352
66927,0,43,-8,-0.2904972716826788
66927,1,96,53,1.2216696349988112
66927,2,93,-3,0.6912542339413943
66927,3,99,6,0.8800869781532937
66927,4,99,0,0.9634205791116142
66927,5,99,0,0.8770935556158217
66927,6,99,0,1.0017594708487867
66927,7,97,-2,0.8118356118217248
66927,8,98,1,0.8949754297739981
66927,9,98,0,0.8519168089403415
66927,10,98,0,0.5421689365288448
66927,11,86,-12,0.8652685602522028
66927,12,84,-2,0.8932702392315026
66927,13,83,-1,0.8781739087952989
66927,14,83,0,1.3676543545013522
66927,15,81,-2,0.8530634870773425
66927,16,84,3,0.8759668526851723
66927,17,84,0,0.7894002926045672
66927,18,86,2,0.8205389580733482
66927,19,83,-3,0.4486876045827627
66927,20,98,15,0.8707926840079445
66927,21,96,-2,1.1619471230864278
66927,22,93,-3,0.6928456460924693
66927,23,95,2,0.9866964046684104
66927,24,91,-4,0.9446654656304985
66927,25,86,-5,0.7926483792385727
66927,26,87,1,0.5067962242929895
66927,27,94,7,1.219929395156964
66927,28,88,-6,0.8872718660667028
66927,29,89,1,1.0186939096693712
66927,30,85,-4,0.5852707360900953
66927,31,87,2,0.5366871745554898
66927,32,69,-18,0.5418841813574227
66927,33,76,7,1.0020813334052174
66927,34,80,4,0.9348716202299653
66927,35,78,-2,0.6474779549437267
66927,36,65,-13,5.468762596333828e-17
66927,37,94,29,0.6441211615809519
66927,38,99,5,0.3174278665564641
66927,39,58,-41,0.34065739846972154
66927,40,77,19,0.9480422519385764
66927,41,77,0,0.8540216035193958
66927,42,77,0,0.8168920357466136
66927,43,75,-2,0.7355644783300851
66927,44,77,2,0.591965586993374
66927,45,66,-11,0.10115796593259727
66927,46,92,26,0.8487919661421629
66927,47,95,3,0.9668499623546118
66927,48,94,-1,0.7379455978478248
66927,49,95,1,0.79139401887879
66927,50,94,-1,0.8357812797560954
66927,51,92,-2,0.4545383997441098
66927,52,98,6,0.955599102234412
66927,53,96,-2,0.6381267522896875
66927,54,99,3,-1.0146594501288326
66927,55,0,-99,0.9742913889274913
66927,56,4,-9,1.0598844609896538
66927,57,3,-11,0.7385912436274404
66927,58,12,-28,1.1771160325209629
66927,59,12,-37,1.1747490939324876
66927,60,11,-35,1.2865383990225971
66927,61,10,-32,-0.36736565330705667
66927,62,72,62,0.8699299582565253
66927,63,73,1,0.42507394571585494
66927,64,89,16,-0.2610219321008982
66927,65,21,-68,0.8239698650096011
66927,66,20,-62,0.5705632564412595
66927,67,21,-63,0.6167011311326565
66927,68,16,-54,0.16714848157868678
66927,69,38,-93,0.6389945131296705
66927,70,47,9,1.0961825315678695
66927,71,48,1,0.7548895250945704
66927,72,49,1,1.1306096622099522
66927,73,48,-1,1.0730304941076378
66927,74,47,-1,0.6434097980147243
66927,75,51,4,0.7493054514635776
66927,76,52,1,0.7339851868970431
66927,77,53,1,0.9142273219168561
66927,78,53,0,1.035432006796393
66927,79,52,-1,1.5463723602486312
66927,80,52,0,1.1338226985943023
66927,81,52,0,0.9534554704189379
66927,82,52,0,0.8875817006264345
66927,83,51,-1,1.1007194128289635
66927,84,50,-1,0.877109182713695
66927,85,50,0,0.9126586810785015
66927,86,52,2,1.0754324647613442
66927,87,51,-1,0.5372935854006988
66927,88,65,14,-0.3059275054044478
66927,89,0,-66,0.7033009160069512
66927,90,0,-1,1.0241433014630363
66927,91,0,-1,0.7836202631248703
66927,92,10,-21,1.0355923053144627
66927,93,6,-23,0.32227764314090873
66927,94,28,-63,1.034374484575181
66927,95,32,-93,0.43453623615216924
66927,96,45,13,-0.1966794470635509
66927,97,0,-46,0.6616363487499394
66927,98,0,-1,0.8888110204450765
66927,99,0,-1,0.9744530343072229
66927,100,0,-1,0.7599736524539673
66927,101,1,-3,1.1896204001188257
66927,102,0,-2,1.0708839170239324
66927,103,0,-1,0.6239374823094888
66927,104,4,-9,1.1913503732444237
66927,105,1,-7,0.6324380264651083
66927,106,5,-12,0.7468781767126992
66927,107,9,-24,0.8295200148198077
66927,108,6,-22,0.7402388378754517
66927,109,7,-21,0.5020556739256085
66927,110,15,-38,0.5268152453741812
66927,111,20,-56,0.8933347527852046
66927,112,20,-61,1.0111559261674752
66927,113,17,-55,0.8414633430918825
66927,114,20,-58,0.6634551861726351
66927,115,25,-71,0.7403667098286312
66927,116,25,-76,0.72573085385781
66927,117,27,-80,0.870467167451299
66927,118,27,-82,1.0473501930295588
66927,119,24,-76,0.6504118051214922
66927,120,29,-83,0.6786033093511357
66927,121,34,-98,1.0152845252413305
66927,122,32,-99,0.9549719254854336
66927,123,30,-93,0.5169593825590065
66927,124,41,11,0.8501430219851258
66927,125,47,6,0.929238814910639
66927,126,46,-1,0.7586289227322365
66927,127,51,5,0.79444723116454
66927,128,54,3,1.055347201931487
66927,129,54,0,1.162621670443676
66927,130,54,0,0.9803166704809171
66927,131,56,2,0.7324149632255276
66927,132,60,4,0.2687046654419799
66927,133,76,16,-0.5222547061790614
66927,134,0,-77,0.5450115444782292
66927,135,6,-13,1.0628056231669787
66927,136,4,-15,0.6328447918536845
66927,137,15,-35,0.8653025413795805
66927,138,16,-48,1.2149029114117043
66927,139,10,-37,0.21467670308466738
66927,140,37,-85,0.91088171635144
66927,141,43,6,0.5797108304394444
66927,142,46,3,0.19568650494744425
66927,143,18,-83,0.7017183954003887
66927,144,17,-53,0.8820694286625669
66927,145,15,-48,0.7535259662212577
66927,146,21,-58,1.0343637336912896
66927,147,21,-64,0.9352698609444052
66927,148,19,-60,0.7164700401220171
66927,149,26,-72,0.7709841406820613
66927,150,26,-79,0.8559153144109336
66927,151,24,-75,0.7618698672701851
66927,152,30,-85,1.1980413635758247
66927,153,30,-91,0.9502833443812837
66927,154,28,-87,0.6530684509610147
66927,155,36,8,1.2366964640282005
66927,156,36,0,1.0088701114998135
66927,157,33,-3,0.49875852362864087
66927,158,47,14,0.898276386908233
66927,159,52,5,0.5212149388806676
66927,160,57,5,-0.01841072971923646
66927,161,4,-66,0.7489155554622755
66927,162,2,-9,0.31869815347761465
66927,163,20,-43,0.7034946113830941
66927,164,30,-81,8.07061555646286e-17
66927,165,64,34,-0.04814671575376525
66927,166,28,-36,0.6783189966503922
66927,167,26,-81,0.7999891721610605
66927,168,24,-75,0.6027636593843262
66927,169,29,-83,0.19241626082973115
66927,170,0,-30,0.6206505559634155
66927,171,8,-17,-0.6649081009898489
66927,172,99,91,0.7139407234633989
66927,173,88,-11,1.0108701155877142
66927,174,85,-3,0.9852233973154387
66927,175,85,0,0.5829724375851586
66927,176,93,8,1.264177108467106
66927,177,91,-2,0.6083710937211104
66927,178,99,8,1.2065200808035954
66927,179,97,-2,0.6119174405793864
66927,180,99,2,0.5186449961456527
66927,181,88,-11,0.9008607693699078
66927,182,84,-4,0.5099045067812737
66927,183,95,11,1.1387855341342341
66927,184,93,-2,0.9903587636480018
66927,185,92,-1,0.657590341974236
66927,186,99,7,0.6573730941818245
66927,187,89,-10,1.1676823275841426
66927,188,85,-4,0.3251908527061011
66927,189,99,14,0.8801249954092454
66927,190,96,-3,1.2500191147156992
66927,191,94,-2,0.8514104369470601
66927,192,94,0,0.6302296799821951
66927,193,98,4,0.9318448549697672
66927,194,93,-5,1.2120893628220937
66927,195,90,-3,0.9009572725097791
66927,196,88,-2,0.8073515333848164
66927,197,90,2,0.7045930077550077
66927,198,80,-10,0.8200854593787352
25514,0,43,-8,-0.2904972716826788
25514,1,96,53,1.2216696349988112
25514,2,93,-3,0.6912542339413943
25514,3,99,6,0.8800869781532937
25514,4,99,0,0.9634205791116142
25514,5,99,0,0.8770935556158217
25514,6,99,0,1.0017594708487867
25514,7,97,-2,0.8118356118217248
25514,8,98,1,0.8949754297739981
25514,9,98,0,0.8519168089403415
25514,10,98,0,0.5421689365288448
25514,11,86,-12,0.8652685602522028
25514,12,84,-2,0.8932702392315026
25514,13,83,-1,0.8781739087952989
25514,14,83,0,1.3676543545013522
25514,15,81,-2,0.8530634870773425
25514,16,84,3,0.8759668526851723
25514,17,84,0,0.7894002926045672
25514,18,86,2,0.8205389580733482
25514,19,83,-3,0.4486876045827627
25514,20,98,15,0.8707926840079445
25514,21,96,-2,1.1619471230864278
25514,22,93,-3,0.6928456460924693
25514,23,95,2,0.9866964046684104
25514,24,91,-4,0.9446654656304985
25514,25,86,-5,0.7926483792385727
25514,26,87,1,0.5067962242929895
25514,27,94,7,1.219929395156964
25514,28,88,-6,0.8872718660667028
25514,29,89,1,1.0186939096693712
25514,30,85,-4,0.5852707360900953
25514,31,87,2,0.5366871745554898
25514,32,69,-18,0.5418841813574227
25514,33,76,7,1.0020813334052174
25514,34,80,4,0.9348716202299653
25514,35,78,-2,0.6474779549437267
25514,36,65,-13,5.468762596333828e-17
25514,37,94,29,0.6441211615809519
25514,38,99,5,0.3174278665564641
25514,39,58,-41,0.34065739846972154
25514,40,77,19,0.9480422519385764
25514,41,77,0,0.8540216035193958
25514,42,77,0,0.8168920357466136
25514,43,75,-2,0.7355644783300851
25514,44,77,2,0.591965586993374
25514,45,66,-11,0.10115796593259727
25514,46,92,26,0.8487919661421629
25514,47,95,3,0.9668499623546118
25514,48,94,-1,0.7379455978478248
25514,49,95,1,0.79139401887879
25514,50,94,-1,0.8357812797560954
25514,51,92,-2,0.4545383997441098
25514,52,98,6,0.955599102234412
25514,53,96,-2,0.6381267522896875
25514,54,99,3,-1.0146594501288326
25514,55,0,-99,0.9742913889274913
25514,56,4,-9,1.0598844609896538
25514,57,3,-11,0.7385912436274404
25514,58,12,-28,1.1771160325209629
25514,59,12,-37,1.1747490939324876
25514,60,11,-35,1.2865383990225971
25514,61,10,-32,-0.36736565330705667
25514,62,72,62,0.8699299582565253
25514,63,73,1,0.42507394571585494
25514,64,89,16,-0.2610219321008982
25514,65,21,-68,0.8239698650096011
25514,66,20,-62,0.5705632564412595
25514,67,21,-63,0.6167011311326565
25514,68,16,-54,0.16714848157868678
25514,69,38,-93,0.6389945131296705
25514,70,47,9,1.0961825315678695
25514,71,48,1,0.7548895250945704
25514,72,49,1,1.1306096622099522
25514,73,48,-1,1.0730304941076378
25514,74,47,-1,0.6434097980147243
25514,75,51,4,0.7493054514635776
25514,76,52,1,0.7339851868970431
25514,77,53,1,0.9142273219168561
25514,78,53,0,1.035432006796393
25514,79,52,-1,1.5463723602486312
25514,80,52,0,1.1338226985943023
25514,81,52,0,0.9534554704189379
25514,82,52,0,0.8875817006264345
25514,83,51,-1,1.1007194128289635
25514,84,50,-1,0.877109182713695
25514,85,50,0,0.9126586810785015
25514,86,52,2,1.0754324647613442
25514,87,51,-1,0.5372935854006988
25514,88,65,14,-0.3059275054044478
25514,89,0,-66,0.7033009160069512
25514,90,0,-1,1.0241433014630363
25514,91,0,-1,0.7836202631248703
25514,92,10,-21,1.0355923053144627
25514,93,6,-23,0.32227764314090873
25514,94,28,-63,1.034374484575181
25514,95,32,-93,0.43453623615216924
25514,96,45,13,-0.1966794470635509
25514,97,0,-46,0.6616363487499394
25514,98,0,-1,0.8888110204450765
25514,99,0,-1,0.9744530343072229
25514,100,0,-1,0.7599736524539673
25514,101,1,-3,1.1896204001188257
25514,102,0,-2,1.0708839170239324
25514,103,0,-1,0.6239374823094888
25514,104,4,-9,1.1913503732444237
25514,105,1,-7,0.6324380264651083
25514,106,5,-12,0.7468781767126992
25514,107,9,-24,0.8295200148198077
25514,108,6,-22,0.7402388378754517
25514,109,7,-21,0.5020556739256085
25514,110,15,-38,0.5268152453741812
25514,111,20,-56,0.8933347527852046
25514,112,20,-61,1.0111559261674752
25514,113,17,-55,0.8414633430918825
25514,114,20,-58,0.6634551861726351
25514,115,25,-71,0.7403667098286312
25514,116,25,-76,0.72573085385781
25514,117,27,-80,0.870467167451299
25514,118,27,-82,1.0473501930295588
25514,119,24,-76,0.6504118051214922
25514,120,29,-83,0.6786033093511357
25514,121,34,-98,1.0152845252413305
25514,122,32,-99,0.9549719254854336
25514,123,30,-93,0.5169593825590065
25514,124,41,11,0.8501430219851258
25514,125,47,6,0.929238814910639
25514,126,46,-1,0.7586289227322365
25514,127,51,5,0.79444723116454
25514,128,54,3,1.055347201931487
25514,129,54,0,1.162621670443676
25514,130,54,0,0.9803166704809171
25514,131,56,2,0.7324149632255276
25514,132,60,4,0.2687046654419799
25514,133,76,16,-0.5222547061790614
25514,134,0,-77,0.5450115444782292
25514,135,6,-13,1.0628056231669787
25514,136,4,-15,0.6328447918536845
25514,137,15,-35,0.8653025413795805
25514,138,16,-48,1.2149029114117043
25514,139,10,-37,0.21467670308466738
25514,140,37,-85,0.91088171635144
25514,141,43,6,0.5797108304394444
25514,142,46,3,0.19568650494744425
25514,143,18,-83,0.7017183954003887
25514,144,17,-53,0.8820694286625669
25514,145,15,-48,0.7535259662212577
25514,146,21,-58,1.0343637336912896
25514,147,21,-64,0.9352698609444052
25514,148,19,-60,0.7164700401220171
25514,149,26,-72,0.7709841406820613
25514,150,26,-79,0.8559153144109336
25514,151,24,-75,0.7618698672701851
25514,152,30,-85,1.1980413635758247
25514,153,30,-91,0.9502833443812837
25514,154,28,-87,0.6530684509610147
25514,155,36,8,1.2366964640282005
25514,156,36,0,1.0088701114998135
25514,157,33,-3,0.49875852362864087
25514,158,47,14,0.898276386908233
25514,159,52,5,0.5212149388806676
25514,160,57,5,-0.01841072971923646
25514,161,4,-66,0.7489155554622755
25514,162,2,-9,0.31869815347761465
25514,163,20,-43,0.7034946113830941
25514,164,30,-81,8.07061555646286e-17
25514,165,64,34,-0.04814671575376525
25514,166,28,-36,0.6783189966503922
25514,167,26,-81,0.7999891721610605
25514,168,24,-75,0.6027636593843262
25514,169,29,-83,0.19241626082973115
25514,170,0,-30,0.6206505559634155
25514,171,8,-17,-0.6649081009898489
25514,172,99,91,0.7139407234633989
25514,173,88,-11,1.0108701155877142
25514,174,85,-3,0.9852233973154387
25514,175,85,0,0.5829724375851586
25514,176,93,8,1.264177108467106
25514,177,91,-2,0.6083710937211104
25514,178,99,8,1.2065200808035954
25514,179,97,-2,0.6119174405793864
25514,180,99,2,0.5186449961456527
25514,181,88,-11,0.9008607693699078
25514,182,84,-4,0.5099045067812737
25514,183,95,11,1.1387855341342341
25514,184,93,-2,0.9903587636480018
25514,185,92,-1,0.657590341974236
25514,186,99,7,0.6573730941818245
25514,187,89,-10,1.1676823275841426
25514,188,85,-4,0.3251908527061011
25514,189,99,14,0.8801249954092454
25514,190,96,-3,1.2500191147156992
25514,191,94,-2,0.8514104369470601
25514,192,94,0,0.6302296799821951
25514,193,98,4,0.9318448549697672
25514,194,93,-5,1.2120893628220937
25514,195,90,-3,0.9009572725097791
25514,196,88,-2,0.8073515333848164
25514,197,90,2,0.7045930077550077
25514,198,80,-10,0.8200854593787352
71714,0,43,-8,-0.2904972716826788
71714,1,96,53,1.2216696349988112
71714,2,93,-3,0.6912542339413943
71714,3,99,6,0.8800869781532937
71714,4,99,0,0.9634205791116142
71714,5,99,0,0.8770935556158217
71714,6,99,0,1.0017594708487867
71714,7,97,-2,0.8118356118217248
71714,8,98,1,0.8949754297739981
71714,9,98,0,0.8519168089403415
71714,10,98,0,0.5421689365288448
71714,11,86,-12,0.8652685602522028
71714,12,84,-2,0.8932702392315026
71714,13,83,-1,0.8781739087952989
71714,14,83,0,1.3676543545013522
71714,15,81,-2,0.8530634870773425
71714,16,84,3,0.8759668526851723
71714,17,84,0,0.7894002926045672
71714,18,86,2,0.8205389580733482
71714,19,83,-3,0.4486876045827627
71714,20,98,15,0.8707926840079445
71714,21,96,-2,1.1619471230864278
71714,22,93,-3,0.6928456460924693
71714,23,95,2,0.9866964046684104
71714,24,91,-4,0.9446654656304985
71714,25,86,-5,0.7926483792385727
71714,26,87,1,0.5067962242929895
71714,27,94,7,1.219929395156964
71714,28,88,-6,0.8872718660667028
71714,29,89,1,1.0186939096693712
71714,30,85,-4,0.5852707360900953
71714,31,87,2,0.5366871745554898
71714,32,69,-18,0.5418841813574227
71714,33,76,7,1.0020813334052174
71714,34,80,4,0.9348716202299653
71714,35,78,-2,0.6474779549437267
71714,36,65,-13,5.468762596333828e-17
71714,37,94,29,0.6441211615809519
71714,38,99,5,0.3174278665564641
71714,39,58,-41,0.34065739846972154
71714,40,77,19,0.9480422519385764
71714,41,77,0,0.8540216035193958
71714,42,77,0,0.8168920357466136
71714,43,75,-2,0.7355644783300851
71714,44,77,2,0.591965586993374
71714,45,66,-11,0.10115796593259727
71714,46,92,26,0.8487919661421629
71714,47,95,3,0.9668499623546118
71714,48,94,-1,0.7379455978478248
71714,49,95,1,0.79139401887879
71714,50,94,-1,0.8357812797560954
71714,51,92,-2,0.4545383997441098
71714,52,98,6,0.955599102234412
71714,53,96,-2,0.6381267522896875
71714,54,99,3,-1.0146594501288326
71714,55,0,-99,0.9742913889274913
71714,56,4,-9,1.0598844609896538
71714,57,3,-11,0.7385912436274404
71714,58,12,-28,1.1771160325209629
71714,59,12,-37,1.1747490939324876
71714,60,11,-35,1.2865383990225971
71714,61,10,-32,-0.36736565330705667
71714,62,72,62,0.8699299582565253
71714,63,73,1,0.42507394571585494
71714,64,89,16,-0.2610219321008982
71714,65,21,-68,0.8239698650096011
71714,66,20,-62,0.5705632564412595
71714,67,21,-63,0.6167011311326565
71714,68,16,-54,0.16714848157868678
71714,69,38,-93,0.6389945131296705
71714,70,47,9,1.0961825315678695
71714,71,48,1,0.7548895250945704
71714,72,49,1,1.1306096622099522
71714,73,48,-1,1.0730304941076378
71714,74,47,-1,0.6434097980147243
71714,75,51,4,0.7493054514635776
71714,76,52,1,0.7339851868970431
71714,77,53,1,0.9142273219168561
71714,78,53,0,1.035432006796393
71714,79,52,-1,1.5463723602486312
71714,80,52,0,1.1338226985943023
71714,81,52,0,0.9534554704189379
71714,82,52,0,0.8875817006264345
71714,83,51,-1,1.1007194128289635
71714,84,50,-1,0.877109182713695
71714,85,50,0,0.9126586810785015
71714,86,52,2,1.0754324647613442
71714,87,51,-1,0.5372935854006988
71714,88,65,14,-0.3059275054044478
71714,89,0,-66,0.7033009160069512
71714,90,0,-1,1.0241433014630363
71714,91,0,-1,0.7836202631248703
71714,92,10,-21,1.0355923053144627
71714,93,6,-23,0.32227764314090873
71714,94,28,-63,1.034374484575181
71714,95,32,-93,0.43453623615216924
71714,96,45,13,-0.1966794470635509
71714,97,0,-46,0.6616363487499394
71714,98,0,-1,0.8888110204450765
71714,99,0,-1,0.9744530343072229
71714,100,0,-1,0.7599736524539673
71714,101,1,-3,1.1896204001188257
71714,102,0,-2,1.0708839170239324
71714,103,0,-1,0.6239374823094888
71714,104,4,-9,1.1913503732444237
71714,105,1,-7,0.6324380264651083
71714,106,5,-12,0.7468781767126992
71714,107,9,-24,0.8295200148198077
71714,108,6,-22,0.7402388378754517
71714,109,7,-21,0.5020556739256085
71714,110,15,-38,0.5268152453741812
71714,111,20,-56,0.8933347527852046
71714,112,20,-61,1.0111559261674752
71714,113,17,-55,0.8414633430918825
71714,114,20,-58,0.6634551861726351
71714,115,25,-71,0.7403667098286312
71714,116,25,-76,0.72573085385781
71714,117,27,-80,0.870467167451299
71714,118,27,-82,1.0473501930295588
71714,119,24,-76,0.6504118051214922
71714,120,29,-83,0.6786033093511357
71714,121,34,-98,1.0152845252413305
71714,122,32,-99,0.9549719254854336
71714,123,30,-93,0.5169593825590065
71714,124,41,11,0.8501430219851258
71714,125,47,6,0.929238814910639
71714,126,46,-1,0.7586289227322365
71714,127,51,5,0.79444723116454
71714,128,54,3,1.055347201931487
71714,129,54,0,1.162621670443676
71714,130,54,0,0.9803166704809171
71714,131,56,2,0.7324149632255276
71714,132,60,4,0.2687046654419799
71714,133,76,16,-0.5222547061790614
71714,134,0,-77,0.5450115444782292
71714,135,6,-13,1.0628056231669787
71714,136,4,-15,0.6328447918536845
71714,137,15,-35,0.8653025413795805
71714,138,16,-48,1.2149029114117043
71714,139,10,-37,0.21467670308466738
71714,140,37,-85,0.91088171635144
71714,141,43,6,0.5797108304394444
71714,142,46,3,0.19568650494744425
71714,143,18,-83,0.7017183954003887
71714,144,17,-53,0.8820694286625669
71714,145,15,-48,0.7535259662212577
71714,146,21,-58,1.0343637336912896
71714,147,21,-64,0.9352698609444052
71714,148,19,-60,0.7164700401220171
71714,149,26,-72,0.7709841406820613
71714,150,26,-79,0.8559153144109336
71714,151,24,-75,0.7618698672701851
71714,152,30,-85,1.1980413635758247
71714,153,30,-91,0.9502833443812837
71714,154,28,-87,0.6530684509610147
71714,155,36,8,1.2366964640282005
71714,156,36,0,1.0088701114998135
71714,157,33,-3,0.49875852362864087
71714,158,47,14,0.898276386908233
71714,159,52,5,0.5212149388806676
71714,160,57,5,-0.01841072971923646
71714,161,4,-66,0.7489155554622755
71714,162,2,-9,0.31869815347761465
71714,163,20,-43,0.7034946113830941
71714,164,30,-81,8.07061555646286e-17
71714,165,64,34,-0.04814671575376525
71714,166,28,-36,0.6783189966503922
71714,167,26,-81,0.7999891721610605
71714,168,24,-75,0.6027636593843262
71714,169,29,-83,0.19241626082973115
71714,170,0,-30,0.6206505559634155
71714,171,8,-17,-0.6649081009898489
71714,172,99,91,0.7139407234633989
71714,173,88,-11,1.0108701155877142
71714,174,85,-3,0.9852233973154387
71714,175,85,0,0.5829724375851586
71714,176,93,8,1.264177108467106
71714,177,91,-2,0.6083710937211104
71714,178,99,8,1.2065200808035954
71714,179,97,-2,0.6119174405793864
71714,180,99,2,0.5186449961456527
71714,181,88,-11,0.9008607693699078
71714,182,84,-4,0.5099045067812737
71714,183,95,11,1.1387855341342341
71714,184,93,-2,0.9903587636480018
71714,185,92,-1,0.657590341974236
71714,186,99,7,0.6573730941818245
71714,187,89,-10,1.1676823275841426
71714,188,85,-4,0.3251908527061011
71714,189,99,14,0.8801249954092454
71714,190,96,-3,1.2500191147156992
71714,191,94,-2,0.8514104369470601
71714,192,94,0,0.6302296799821951
71714,193,98,4,0.9318448549697672
71714,194,93,-5,1.2120893628220937
71714,195,90,-3,0.9009572725097791
71714,196,88,-2,0.8073515333848164
71714,197,90,2,0.7045930077550077
71714,198,80,-10,0.8200854593787352
83221,0,43,-8,-0.2904972716826788
83221,1,96,53,1.2216696349988112
83221,2,93,-3,0.6912542339413943
83221,3,99,6,0.8800869781532937
83221,4,99,0,0.9634205791116142
83221,5,99,0,0.8770935556158217
83221,6,99,0,1.0017594708487867
83221,7,97,-2,0.8118356118217248
83221,8,98,1,0.8949754297739981
83221,9,98,0,0.8519168089403415
83221,10,98,0,0.5421689365288448
83221,11,86,-12,0.8652685602522028
83221,12,84,-2,0.8932702392315026
83221,13,83,-1,0.8781739087952989
83221,14,83,0,1.3676543545013522
83221,15,81,-2,0.8530634870773425
83221,16,84,3,0.8759668526851723
83221,17,84,0,0.7894002926045672
83221,18,86,2,0.8205389580733482
83221,19,83,-3,0.4486876045827627
83221,20,98,15,0.8707926840079445
83221,21,96,-2,1.1619471230864278
83221,22,93,-3,0.6928456460924693
83221,23,95,2,0.9866964046684104
83221,24,91,-4,0.9446654656304985
83221,25,86,-5,0.7926483792385727
83221,26,87,1,0.5067962242929895
83221,27,94,7,1.219929395156964
83221,28,88,-6,0.8872718660667028
83221,29,89,1,1.0186939096693712
83221,30,85,-4,0.5852707360900953
83221,31,87,2,0.5366871745554898
83221,32,69,-18,0.5418841813574227
83221,33,76,7,1.0020813334052174
83221,34,80,4,0.9348716202299653
83221,35,78,-2,0.6474779549437267
83221,36,65,-13,5.468762596333828e-17
83221,37,94,29,0.6441211615809519
83221,38,99,5,0.3174278665564641
83221,39,58,-41,0.34065739846972154
83221,40,77,19,0.9480422519385764
83221,41,77,0,0.8540216035193958
83221,42,77,0,0.8168920357466136
83221,43,75,-2,0.7355644783300851
83221,44,77,2,0.591965586993374
83221,45,66,-11,0.10115796593259727
83221,46,92,26,0.8487919661421629
83221,47,95,3,0.9668499623546118
83221,48,94,-1,0.7379455978478248
83221,49,95,1,0.79139401887879
83221,50,94,-1,0.8357812797560954
83221,51,92,-2,0.4545383997441098
83221,52,98,6,0.955599102234412
83221,53,96,-2,0.6381267522896875
83221,54,99,3,-1.0146594501288326
83221,55,0,-99,0.9742913889274913
83221,56,4,-9,1.0598844609896538
83221,57,3,-11,0.7385912436274404
83221,58,12,-28,1.1771160325209629
83221,59,12,-37,1.1747490939324876
83221,60,11,-35,1.2865383990225971
83221,61,10,-32,-0.36736565330705667
83221,62,72,62,0.8699299582565253
83221,63,73,1,0.42507394571585494
83221,64,89,16,-0.2610219321008982
83221,65,21,-68,0.8239698650096011
83221,66,20,-62,0.5705632564412595
83221,67,21,-63,0.6167011311326565
83221,68,16,-54,0.16714848157868678
83221,69,38,-93,0.6389945131296705
83221,70,47,9,1.0961825315678695
83221,71,48,1,0.7548895250945704
83221,72,49,1,1.1306096622099522
83221,73,48,-1,1.0730304941076378
83221,74,47,-1,0.6434097980147243
83221,75,51,4,0.7493054514635776
83221,76,52,1,0.7339851868970431
83221,77,53,1,0.9142273219168561
83221,78,53,0,1.035432006796393
83221,79,52,-1,1.5463723602486312
83221,80,52,0,1.1338226985943023
83221,81,52,0,0.9534554704189379
83221,82,52,0,0.8875817006264345
83221,83,51,-1,1.1007194128289635
83221,84,50,-1,0.877109182713695
83221,85,50,0,0.9126586810785015
83221,86,52,2,1.0754324647613442
83221,87,51,-1,0.5372935854006988
83221,88,65,14,-0.3059275054044478
83221,89,0,-66,0.7033009160069512
83221,90,0,-1,1.0241433014630363
83221,91,0,-1,0.7836202631248703
83221,92,10,-21,1.0355923053144627
83221,93,6,-23,0.32227764314090873
83221,94,28,-63,1.034374484575181
83221,95,32,-93,0.43453623615216924
83221,96,45,13,-0.1966794470635509
83221,97,0,-46,0.6616363487499394
83221,98,0,-1,0.8888110204450765
83221,99,0,-1,0.9744530343072229
83221,100,0,-1,0.7599736524539673
83221,101,1,-3,1.1896204001188257
83221,102,0,-2,1.0708839170239324
83221,103,0,-1,0.6239374823094888
83221,104,4,-9,1.1913503732444237
83221,105,1,-7,0.6324380264651083
83221,106,5,-12,0.7468781767126992
83221,107,9,-24,0.8295200148198077
83221,108,6,-22,0.7402388378754517
83221,109,7,-21,0.5020556739256085
83221,110,15,-38,0.5268152453741812
83221,111,20,-56,0.8933347527852046
83221,112,20,-61,1.0111559261674752
83221,113,17,-55,0.8414633430918825
83221,114,20,-58,0.6634551861726351
83221,115,25,-71,0.7403667098286312
83221,116,25,-76,0.72573085385781
83221,117,27,-80,0.870467167451299
83221,118,27,-82,1.0473501930295588
83221,119,24,-76,0.6504118051214922
83221,120,29,-83,0.6786033093511357
83221,121,34,-98,1.0152845252413305
83221,122,32,-99,0.9549719254854336
83221,123,30,-93,0.5169593825590065
83221,124,41,11,0.8501430219851258
83221,125,47,6,0.929238814910639
83221,126,46,-1,0.7586289227322365
83221,127,51,5,0.79444723116454
83221,128,54,3,1.055347201931487
83221,129,54,0,1.162621670443676
83221,130,54,0,0.9803166704809171
83221,131,56,2,0.7324149632255276
83221,132,60,4,0.2687046654419799
83221,133,76,16,-0.5222547061790614
83221,134,0,-77,0.5450115444782292
83221,135,6,-13,1.0628056231669787
83221,136,4,-15,0.6328447918536845
83221,137,15,-35,0.8653025413795805
83221,138,16,-48,1.2149029114117043
83221,139,10,-37,0.21467670308466738
83221,140,37,-85,0.91088171635144
83221,141,43,6,0.5797108304394444
83221,142,46,3,0.19568650494744425
83221,143,18,-83,0.7017183954003887
83221,144,17,-53,0.8820694286625669
83221,145,15,-48,0.7535259662212577
83221,146,21,-58,1.0343637336912896
83221,147,21,-64,0.9352698609444052
83221,148,19,-60,0.7164700401220171
83221,149,26,-72,0.7709841406820613
83221,150,26,-79,0.8559153144109336
83221,151,24,-75,0.7618698672701851
83221,152,30,-85,1.1980413635758247
83221,153,30,-91,0.9502833443812837
83221,154,28,-87,0.6530684509610147
83221,155,36,8,1.2366964640282005
83221,156,36,0,1.0088701114998135
83221,157,33,-3,0.49875852362864087
83221,158,47,14,0.898276386908233
83221,159,52,5,0.5212149388806676
83221,160,57,5,-0.01841072971923646
83221,161,4,-66,0.7489155554622755
83221,162,2,-9,0.31869815347761465
83221,163,20,-43,0.7034946113830941
83221,164,30,-81,8.07061555646286e-17
83221,165,64,34,-0.04814671575376525
83221,166,28,-36,0.6783189966503922
83221,167,26,-81,0.7999891721610605
83221,168,24,-75,0.6027636593843262
83221,169,29,-83,0.19241626082973115
83221,170,0,-30,0.6206505559634155
83221,171,8,-17,-0.6649081009898489
83221,172,99,91,0.7139407234633989
83221,173,88,-11,1.0108701155877142
83221,174,85,-3,0.9852233973154387
83221,175,85,0,0.5829724375851586
83221,176,93,8,1.264177108467106
83221,177,91,-2,0.6083710937211104
83221,178,99,8,1.2065200808035954
83221,179,97,-2,0.6119174405793864
83221,180,99,2,0.5186449961456527
83221,181,88,-11,0.9008607693699078
83221,182,84,-4,0.5099045067812737
83221,183,95,11,1.1387855341342341
83221,184,93,-2,0.9903587636480018
83221,185,92,-1,0.657590341974236
83221,186,99,7,0.6573730941818245
83221,187,89,-10,1.1676823275841426
83221,188,85,-4,0.3251908527061011
83221,189,99,14,0.8801249954092454
83221,190,96,-3,1.2500191147156992
83221,191,94,-2,0.8514104369470601
83221,192,94,0,0.6302296799821951
83221,193,98,4,0.9318448549697672
83221,194,93,-5,1.2120893628220937
83221,195,90,-3,0.9009572725097791
83221,196,88,-2,0.8073515333848164
83221,197,90,2,0.7045930077550077
83221,198,80,-10,0.8200854593787352
90485,0,43,-8,-0.2904972716826788
90485,1,96,53,1.2216696349988112
90485,2,93,-3,0.6912542339413943
90485,3,99,6,0.8800869781532937
90485,4,99,0,0.9634205791116142
90485,5,99,0,0.8770935556158217
90485,6,99,0,1.0017594708487867
90485,7,97,-2,0.8118356118217248
90485,8,98,1,0.8949754297739981
90485,9,98,0,0.8519168089403415
90485,10,98,0,0.5421689365288448
90485,11,86,-12,0.8652685602522028
90485,12,84,-2,0.8932702392315026
90485,13,83,-1,0.8781739087952989
90485,14,83,0,1.3676543545013522
90485,15,81,-2,0.8530634870773425
90485,16,84,3,0.8759668526851723
90485,17,84,0,0.7894002926045672
90485,18,86,2,0.8205389580733482
90485,19,83,-3,0.4486876045827627
90485,20,98,15,0.8707926840079445
90485,21,96,-2,1.1619471230864278
90485,22,93,-3,0.6928456460924693
90485,23,95,2,0.9866964046684104
90485,24,91,-4,0.9446654656304985
90485,25,86,-5,0.7926483792385727
90485,26,87,1,0.5067962242929895
90485,27,94,7,1.219929395156964
90485,28,88,-6,0.8872718660667028
90485,29,89,1,1.0186939096693712
90485,30,85,-4,0.5852707360900953
90485,31,87,2,0.5366871745554898
90485,32,69,-18,0.5418841813574227
90485,33,76,7,1.0020813334052174
90485,34,80,4,0.9348716202299653
90485,35,78,-2,0.6474779549437267
90485,36,65,-13,5.468762596333828e-17
90485,37,94,29,0.6441211615809519
90485,38,99,5,0.3174278665564641
90485,39,58,-41,0.34065739846972154
90485,40,77,19,0.9480422519385764
90485,41,77,0,0.8540216035193958
90485,42,77,0,0.8168920357466136
90485,43,75,-2,0.7355644783300851
90485,44,77,2,0.591965586993374
90485,45,66,-11,0.10115796593259727
90485,46,92,26,0.8487919661421629
90485,47,95,3,0.9668499623546118
90485,48,94,-1,0.7379455978478248
90485,49,95,1,0.79139401887879
90485,50,94,-1,0.8357812797560954
90485,51,92,-2,0.4545383997441098
90485,52,98,6,0.955599102234412
90485,53,96,-2,0.6381267522896875
90485,54,99,3,-1.0146594501288326
90485,55,0,-99,0.9742913889274913
90485,56,4,-9,1.0598844609896538
90485,57,3,-11,0.7385912436274404
90485,58,12,-28,1.1771160325209629
90485,59,12,-37,1.1747490939324876
90485,60,11,-35,1.2865383990225971
90485,61,10,-32,-0.36736565330705667
90485,62,72,62,0.8699299582565253
90485,63,73,1,0.42507394571585494
90485,64,89,16,-0.2610219321008982
90485,65,21,-68,0.8239698650096011
90485,66,20,-62,0.5705632564412595
90485,67,21,-63,0.6167011311326565
90485,68,16,-54,0.16714848157868678
90485,69,38,-93,0.6389945131296705
90485,70,47,9,1.0961825315678695
90485,71,48,1,0.7548895250945704
90485,72,49,1,1.1306096622099522
90485,73,48,-1,1.0730304941076378
90485,74,47,-1,0.6434097980147243
90485,75,51,4,0.7493054514635776
90485,76,52,1,0.7339851868970431
90485,77,53,1,0.9142273219168561
90485,78,53,0,1.035432006796393
90485,79,52,-1,1.5463723602486312
90485,80,52,0,1.1338226985943023
90485,81,52,0,0.9534554704189379
90485,82,52,0,0.8875817006264345
90485,83,51,-1,1.1007194128289635
90485,84,50,-1,0.877109182713695
90485,85,50,0,0.9126586810785015
90485,86,52,2,1.0754324647613442
90485,87,51,-1,0.5372935854006988
90485,88,65,14,-0.3059275054044478
90485,89,0,-66,0.7033009160069512
90485,90,0,-1,1.0241433014630363
90485,91,0,-1,0.7836202631248703
90485,92,10,-21,1.0355923053144627
90485,93,6,-23,0.32227764314090873
90485,94,28,-63,1.034374484575181
90485,95,32,-93,0.43453623615216924
90485,96,45,13,-0.1966794470635509
90485,97,0,-46,0.6616363487499394
90485,98,0,-1,0.8888110204450765
90485,99,0,-1,0.9744530343072229
90485,100,0,-1,0.7599736524539673
90485,101,1,-3,1.1896204001188257
90485,102,0,-2,1.0708839170239324
90485,103,0,-1,0.6239374823094888
90485,104,4,-9,1.1913503732444237
90485,105,1,-7,0.6324380264651083
90485,106,5,-12,0.7468781767126992
90485,107,9,-24,0.8295200148198077
90485,108,6,-22,0.7402388378754517
90485,109,7,-21,0.5020556739256085
90485,110,15,-38,0.5268152453741812
90485,111,20,-56,0.8933347527852046
90485,112,20,-61,1.0111559261674752
90485,113,17,-55,0.8414633430918825
90485,114,20,-58,0.6634551861726351
90485,115,25,-71,0.7403667098286312
90485,116,25,-76,0.72573085385781
90485,117,27,-80,0.870467167451299
90485,118,27,-82,1.0473501930295588
90485,119,24,-76,0.6504118051214922
90485,120,29,-83,0.6786033093511357
90485,121,34,-98,1.0152845252413305
90485,122,32,-99,0.9549719254854336
90485,123,30,-93,0.5169593825590065
90485,124,41,11,0.8501430219851258
90485,125,47,6,0.929238814910639
90485,126,46,-1,0.7586289227322365
90485,127,51,5,0.79444723116454
90485,128,54,3,1.055347201931487
90485,129,54,0,1.162621670443676
90485,130,54,0,0.9803166704809171
90485,131,56,2,0.7324149632255276
90485,132,60,4,0.2687046654419799
90485,133,76,16,-0.5222547061790614
90485,134,0,-77,0.5450115444782292
90485,135,6,-13,1.0628056231669787
90485,136,4,-15,0.6328447918536845
90485,137,15,-35,0.8653025413795805
90485,138,16,-48,1.2149029114117043
90485,139,10,-37,0.21467670308466738
90485,140,37,-85,0.91088171635144
90485,141,43,6,0.5797108304394444
90485,142,46,3,0.19568650494744425
90485,143,18,-83,0.7017183954003887
90485,144,17,-53,0.8820694286625669
90485,145,15,-48,0.7535259662212577
90485,146,21,-58,1.0343637336912896
90485,147,21,-64,0.9352698609444052
90485,148,19,-60,0.7164700401220171
90485,149,26,-72,0.7709841406820613
90485,150,26,-79,0.8559153144109336
90485,151,24,-75,0.7618698672701851
90485,152,30,-85,1.1980413635758247
90485,153,30,-91,0.9502833443812837
90485,154,28,-87,0.6530684509610147
90485,155,36,8,1.2366964640282005
90485,156,36,0,1.0088701114998135
90485,157,33,-3,0.49875852362864087
90485,158,47,14,0.898276386908233
90485,159,52,5,0.5212149388806676
90485,160,57,5,-0.01841072971923646
90485,161,4,-66,0.7489155554622755
90485,162,2,-9,0.31869815347761465
90485,163,20,-43,0.7034946113830941
90485,164,30,-81,8.07061555646286e-17
90485,165,64,34,-0.04814671575376525
90485,166,28,-36,0.6783189966503922
90485,167,26,-81,0.7999891721610605
90485,168,24,-75,0.6027636593843262
90485,169,29,-83,0.19241626082973115
90485,170,0,-30,0.6206505559634155
90485,171,8,-17,-0.6649081009898489
90485,172,99,91,0.7139407234633989
90485,173,88,-11,1.0108701155877142
90485,174,85,-3,0.9852233973154387
90485,175,85,0,0.5829724375851586
90485,176,93,8,1.264177108467106
90485,177,91,-2,0.6083710937211104
90485,178,99,8,1.2065200808035954
90485,179,97,-2,0.6119174405793864
90485,180,99,2,0.5186449961456527
90485,181,88,-11,0.9008607693699078
90485,182,84,-4,0.5099045067812737
90485,183,95,11,1.1387855341342341
90485,184,93,-2,0.9903587636480018
90485,185,92,-1,0.657590341974236
90485,186,99,7,0.6573730941818245
90485,187,89,-10,1.1676823275841426
90485,188,85,-4,0.3251908527061011
90485,189,99,14,0.8801249954092454
90485,190,96,-3,1.2500191147156992
90485,191,94,-2,0.8514104369470601
90485,192,94,0,0.6302296799821951
90485,193,98,4,0.9318448549697672
90485,194,93,-5,1.2120893628220937
90485,195,90,-3,0.9009572725097791
89585,0,43,-8,-0.2904972716826788
89585,1,99,56,1.1703613521219403
89585,2,89,-10,0.8229539308616811
89585,3,92,3,0.5328610449717952
89585,4,94,2,0.41291651943094765
89585,5,72,59,0.8402569485890286
89585,6,73,1,0.5315920478421245
89585,7,83,10,-0.4011405089378632
89585,8,4,-92,0.680142157693019
89585,9,12,-29,1.0221845179419733
89585,10,12,-37,0.8799492299788176
89585,11,12,-37,1.1894879642093277
89585,12,11,-35,0.7853148400592003
89585,13,5,-22,0.16489183412442232
89585,14,32,-70,0.8348076215936954
89585,15,34,2,0.534578689747164
89585,16,40,6,0.5696612515948776
89585,17,46,6,0.094720845840717
89585,18,29,-17,0.4918327463756937
89585,19,16,-62,0.627904800484995
89585,20,9,-35,0.1156914533694007
89585,21,40,-90,0.5691519746266991
89585,22,44,4,0.38707709853672
89585,23,38,-6,0.5622085659223964
89585,24,26,-91,0.7316177156669252
89585,25,20,-67,0.8753045210030079
89585,26,15,-51,0.4014636499503034
89585,27,28,-72,0.8087776219828828
89585,28,36,8,0.19189976784921603
89585,29,1,-35,1.2712480057141646
89585,30,99,98,1.1945927067511575
89585,31,86,-13,1.0650850383042227
89585,32,83,-3,0.5344348488060676
89585,33,88,5,0.7539504290852754
89585,34,92,4,0.6581438143413939
89585,35,95,3,1.208498323467884
89585,36,92,-3,0.6427623264617384
89585,37,61,-31,0.876767447512331
89585,38,62,1,0.7175694879617954
89585,39,67,5,0.27556251019881695
89585,40,50,-17,0.7400733662330078
89585,41,42,-8,0.790039127458614
89585,42,42,0,0.724067078210982
89585,43,44,2,0.5056434333604988
89585,44,35,-9,0.35793326127870834
89585,45,55,20,-0.20812076400842694
89585,46,0,-56,0.7112419297473287
89585,47,1,-3,0.665788957932865
89585,48,0,-2,0.4712022233759557
89585,49,0,-1,0.7438012941275837
89585,50,0,-1,0.5785809230574087
89585,51,0,-1,0.38636282150548285
89585,52,12,-25,1.0204695365099334
89585,53,16,-45,0.40559876567912434
89585,54,0,-17,0.9615278070437755
89585,55,16,-33,0.9742913889274913
89585,56,18,-53,1.2285645629030042
89585,57,14,-47,0.6680703933366232
89585,58,23,-61,1.1262219560028246
89585,59,23,-70,1.1239573549497388
89585,60,23,-70,1.1792168070144968
89585,61,22,-68,-0.2116187692918759
89585,62,99,77,0.3422375575169086
89585,63,72,-27,0.4449007576454305
89585,64,73,1,0.8342926106543672
89585,65,76,3,0.36373512015309206
89585,66,85,9,-0.3441426832523644
89585,67,10,-75,0.742953281472573
89585,68,16,-43,0.6136868091302787
89585,69,6,-29,0.9059459025174514
89585,70,5,-17,0.9388530543043893
89585,71,1,-8,0.7032279458958884
89585,72,0,-2,0.7214355745396995
89585,73,0,-1,0.8366134201613156
89585,74,0,-1,0.5985685771264779
89585,75,1,-3,0.399832691800901
89585,76,9,-20,0.6165234153041835
89585,77,14,-38,0.9543067674330874
89585,78,12,-39,0.9102082699517681
89585,79,6,-25,0.12091075960123088
89585,80,44,-95,0.9740249082684829
89585,81,44,0,0.6157017844538718
89585,82,41,-3,1.260069029599308
89585,83,41,0,0.7312952471865134
89585,84,36,-5,0.5327595425028994
89585,85,42,6,0.6650882177051711
89585,86,49,7,0.49103108011051455
89585,87,36,-13,-0.18197054714008226
89585,88,82,46,0.5659146174126152
89585,89,91,9,0.8973521170810419
89585,90,87,-4,0.49917358382760063
89585,91,98,11,0.8806205336874495
89585,92,86,-12,1.169468370587135
89585,93,83,-3,0.5748550905851857
89585,94,96,13,0.7079524176354668
89585,95,82,-14,1.1742486885705576
89585,96,83,1,1.0394659884844326
89585,97,81,-2,0.5883671747035183
89585,98,98,17,-0.2787560168428681
89585,99,22,-76,0.11766826096816946
89585,100,51,29,0.6116956012947039
89585,101,48,-3,1.0098423351466999
89585,102,53,5,0.1745641335850051
89585,103,39,-14,0.8130701930647926
89585,104,34,-5,0.7861130790723521
89585,105,33,-1,0.8239164981952664
89585,106,33,-99,0.8581354065702628
89585,107,35,2,0.3405419053433704
89585,108,13,-62,1.1913503732444237
89585,109,13,-40,0.9301459026258092
89585,110,13,-40,0.7082585091510847
89585,111,11,-36,0.4144912775899525
89585,112,32,-76,0.4974840827034866
89585,113,52,20,-0.23984311432405925
89585,114,2,-57,0.7089256312137947
89585,115,0,-3,0.556857436835094
89585,116,2,-5,0.5753837401962252
89585,117,0,-3,0.5023713779944521
89585,118,1,-3,0.28902263587248894
89585,119,39,-80,0.8380300789792641
89585,120,56,17,-0.34346030594499877
89585,121,0,-57,0.9846251976410233
89585,122,25,-51,0.8592588086669962
89585,123,24,-74,0.8433218685055672
89585,124,24,-73,0.6134156521456877
89585,125,13,-51,0.8753935531391503
89585,126,12,-38,0.6982748816431531
89585,127,7,-27,0.2623647674631656
89585,128,32,-72,1.2103446516574148
89585,129,35,3,0.7217056705139859
89585,130,26,-88,0.02788231834853984
89585,131,64,38,0.6028951275560118
89585,132,74,10,-0.24992315998074716
89585,133,9,-93,0.36881886479939546
89585,134,27,-64,0.85625034247895
89585,135,29,-86,0.8505836271768058
89585,136,31,-92,0.7333843605271969
89585,137,31,-94,0.7806496988658567
89585,138,31,-94,1.103796631089527
89585,139,30,-92,0.7065245109088326
89585,140,31,-93,1.1008373359928754
89585,141,32,-96,0.8018658034092613
89585,142,25,-83,0.32002579138287834
89585,143,46,21,0.8828389563769095
89585,144,57,11,-0.0745013446871075
89585,145,4,-66,0.771345936793002
89585,146,14,-33,0.7025114164280639
89585,147,16,-47,0.8237602785075523
89585,148,16,-49,0.7152467753172049
89585,149,20,-57,0.36516577104898096
89585,150,0,-21,0.8769925283095331
89585,151,0,-1,0.7213823735652694
89585,152,5,-11,0.8349005606414976
89585,153,6,-18,0.859811898724885
89585,154,6,-19,0.963893262753441
89585,155,5,-17,0.8619100385069017
89585,156,1,-8,0.33916486452310374
89585,157,21,-44,0.6602180237240511
89585,158,27,-76,0.44343184858091733
89585,159,5,-38,0.8295673396234127
89585,160,9,-24,0.452285158727837
89585,161,0,-10,0.03468812984270728
89585,162,52,52,0.23842398778407262
89585,163,24,-28,0.9582824372089772
89585,164,30,-85,0.2701471643434612
89585,165,5,-41,0.6687561207810191
89585,166,99,94,0.9782479703086284
89585,167,91,-8,0.9926990888650848
89585,168,84,-7,0.534282865642833
89585,169,99,15,0.9211887203737363
89585,170,99,0,1.3371023820738643
89585,171,98,-1,1.0370848249116715
89585,172,95,-3,0.8984880464916952
89585,173,96,1,1.1464446211983876
89585,174,93,-3,1.0134371839229672
89585,175,95,2,0.5862178306037578
89585,176,78,-17,0.6583078661775686
89585,177,81,3,0.9979869415449116
89585,178,83,2,0.657347736319854
89585,179,85,2,0.9656396096885853
89585,180,85,0,1.0096046123356963
89585,181,86,1,1.1902473599342553
89585,182,86,0,0.9053466768212107
89585,183,93,7,0.4189537046490094
89585,184,66,-27,0.4050670611646785
89585,185,96,30,-0.4211379442804001
89585,186,15,-81,0.4996499699327173
89585,187,16,-48,0.5128601422464947
89585,188,6,-29,0.7640416667840786
89585,189,0,-7,0.9681700917002471
89585,190,4,-9,0.8613486490496892
89585,191,0,-5,0.46841013019575145
89585,192,15,-31,1.004268524231819
89585,193,14,-44,0.7121935531509251
89585,194,21,-57,0.3324945907450084
89585,195,50,29,0.35473252153740387
89585,196,13,-77,-0.46693767079922555
89585,197,87,74,1.2414621594542825
89585,198,76,-11,0.5762477691594151
10298,0,41,-10,-0.2760384862713904
10298,1,99,58,1.2216696349988112
10298,2,99,0,0.7893426256599675
10298,3,99,0,0.8800869781532937
10298,4,98,-1,1.2924756240692035
10298,5,99,1,0.668733063720213
10298,6,84,-15,0.8402104258651252
10298,7,85,1,0.6823506043480636
10298,8,85,0,0.8121562584152546
10298,9,86,1,0.4924272181171707
10298,10,78,-8,0.7698012845155394
10298,11,80,2,0.8615456318350749
10298,12,79,-1,0.7391284105532303
10298,13,80,1,0.8631936896008816
10298,14,86,6,0.13134792576758014
10298,15,59,-27,0.8507045523351005
10298,16,51,-8,-0.2273873933754723
10298,17,91,40,0.6557076423087365
10298,18,99,8,0.8340687319390637
10298,19,98,-1,0.9719447005617071
10298,20,99,1,0.7196360015237693
10298,21,0,-99,1.2377251452861222
10298,22,0,-1,1.052697208046042
10298,23,11,-23,1.1678171269132915
10298,24,14,-40,0.42510532161404035
10298,25,0,-15,0.8606857254518459
10298,26,21,-43,0.9910268696498717
10298,27,18,-58,0.4468182092426376
10298,28,39,-97,1.1324569027238125
10298,29,40,1,0.9215421788559428
10298,30,35,-5,1.1416414168640965
10298,31,34,-1,0.9990222524933942
10298,32,29,-93,0.3028540590642819
10298,33,38,9,0.4696934792143446
10298,34,30,-99,-0.14168240769292695
10298,35,85,55,0.314746772767472
10298,36,67,-18,0.7772081610406635
10298,37,70,3,0.33170336585666765
10298,38,93,23,-0.3450548500011976
10298,39,7,-86,0.7625129614000493
10298,40,22,-52,0.4413653733049858
10298,41,0,-23,-0.2623124027278089
10298,42,50,50,0.7030710670192964
10298,43,68,18,0.9426067274925813
10298,44,68,0,0.618492437932481
10298,45,72,4,0.48795939779368697
10298,46,85,13,-0.4903860910007984
10298,47,0,-86,0.6632482157614494
10298,48,19,-39,0.6418837443314941
10298,49,0,-20,-0.6431293429006875
10298,50,77,77,0.6558016666542063
10298,51,86,9,0.06297899372787713
10298,52,41,-45,0.5062120282257173
10298,53,50,9,0.5406011768676195
10298,54,40,-10,-0.29980703591865465
10298,55,99,59,0.734528242209101
10298,56,92,-7,0.946807990713769
10298,57,94,2,1.0253208800212665
10298,58,97,3,0.6580693990223939
10298,59,83,-14,0.8778482225929268
10298,60,84,1,1.0642463784025187
10298,61,83,-1,0.6555891640163057
10298,62,89,6,0.8238718362940461
10298,63,92,3,0.6256668959731249
10298,64,87,-5,0.8173045328214184
10298,65,90,3,0.45987239339970515
10298,66,79,-11,0.6339015196166643
10298,67,88,9,-0.086866756242473
10298,68,45,-43,0.8579668213568648
10298,69,46,1,0.6311726439021229
10298,70,46,0,0.6056328976577163
10298,71,54,8,-0.04724850342178736
10298,72,2,-59,1.1695226771514737
10298,73,4,-11,1.385508954250169
10298,74,41,-87,0.38860145534511975
10298,75,25,-92,1.13770034809786
10298,76,26,-78,1.0072101625813807
10298,77,25,-77,0.8981681289239358
10298,78,27,-80,0.9604606595447606
10298,79,27,-82,-0.41934892803154794
10298,80,99,72,0.6010418942860364
10298,81,82,-17,0.725726576065101
10298,82,87,5,0.3048422425198579
10298,83,60,-27,0.8833883086877099
10298,84,53,-7,0.1291094561764408
10298,85,84,31,0.8674887889475345
10298,86,86,2,0.8359994785983457
10298,87,90,4,0.814567357801314
10298,88,97,7,0.17420924574687455
10298,89,64,-33,0.978928453171346
10298,90,60,-4,0.9083882021777895
10298,91,57,-3,1.120482343288127
10298,92,55,-2,0.48144794243651856
10298,93,64,9,0.7793336252303028
10298,94,70,6,0.93534522363863
10298,95,65,-5,0.5870810581279717
10298,96,76,11,0.6339796502463582
10298,97,56,-20,-0.11475836413047955
10298,98,97,41,1.0428187488260408
10298,99,99,2,0.6016832316343323
10298,100,99,0,0.838347934529571
10298,101,85,-14,0.6397584284017309
10298,102,0,-86,1.2114847017724752
10298,103,2,-5,0.9690103648457589
10298,104,8,-19,1.0852132603270952
10298,105,12,-33,0.47987332818168515
10298,106,0,-13,1.0135273955560467
10298,107,17,-35,1.6982331712734875
10298,108,20,-58,0.6110427012645561
10298,109,0,-21,-0.40308734566018944
10298,110,99,99,-0.11560279535702282
10298,111,47,-52,0.8537214255796547
10298,112,43,-4,0.4675123575678738
10298,113,50,7,0.44181306292808153
10298,114,65,15,0.6912016541310279
10298,115,65,0,0.929467622792232
10298,116,62,-3,0.7533746081498447
10298,117,64,2,0.6999428449750817
10298,118,53,-11,1.417450193742225
10298,119,48,-5,0.6077168221201322
10298,120,60,12,0.4097335898687267
10298,121,27,-33,-0.4430671774438915
10298,122,83,56,0.5487934371812808
10298,123,99,16,0.7090325926191245
10298,124,95,-4,0.9248016496875678
10298,125,94,-1,1.0313708886348125
10298,126,98,4,0.36874606835226376
10298,127,73,-25,0.649881674346958
10298,128,78,5,0.4938665195033014
10298,129,66,-12,0.830864577198989
10298,130,66,0,0.8631553199921533
10298,131,67,1,0.49854178276053224
10298,132,76,9,-0.2336590859233928
10298,133,9,-95,0.838113175527241
10298,134,13,-35,0.309236510270125
10298,135,99,86,0.6068702495291802
10298,136,74,-25,1.2024516728299686
10298,137,74,0,0.35950474061320253
10298,138,91,17,1.1882416176735637
10298,139,94,3,0.8148223464396893
10298,140,94,0,0.8564764127608746
10298,141,97,3,1.0890928558176824
10298,142,90,-7,0.960588572711972
10298,143,79,-11,0.48365220238721895
10298,144,0,-80,-0.06533473871572759
10298,145,52,52,0.6103423813513675
10298,146,51,-1,0.5321269486978515
10298,147,43,-8,0.7834770079222613
10298,148,40,-3,0.7065197199615717
10298,149,46,6,0.2939950146575917
10298,150,15,-77,1.1140590436980689
10298,151,13,-42,0.5760797725497137
10298,152,19,-52,0.7126113534225781
10298,153,24,-68,0.7549825876132572
10298,154,24,-73,1.1219113940887477
10298,155,23,-71,0.4536302720247829
10298,156,39,16,-0.1681696012061762
10298,157,0,-40,0.7135518721266862
10298,158,5,-11,0.63695187298821
10298,159,1,-8,0.5484964529801014
10298,160,20,-42,0.9462821551702012
10298,161,19,-59,0.4827990103594441
10298,162,33,-86,0.17801754667245917
10298,163,0,-34,0.9352698609444052
10298,164,11,-23,1.2247083563383034
10298,165,11,-34,1.4286410376227774
10298,166,11,-34,1.064903663274911
10298,167,13,-38,1.0698275313909211
10298,168,14,-42,0.7387579645858093
10298,169,1,-17,0.9750280391797301
10298,170,9,-20,1.177240393225875
10298,171,99,90,0.800706511984415
10298,172,99,0,1.018156465065657
10298,173,91,-8,0.8798630687864794
10298,174,89,-2,0.6391389642534775
10298,175,99,10,1.1652380947308534
10298,176,99,0,1.2956504229644927
10298,177,99,0,0.8241064319506486
10298,178,82,-17,1.0327184008864165
10298,179,76,-6,0.5918180899207427
10298,180,89,13,-0.08766745139152984
10298,181,28,-61,0.42529989444976235
10298,182,44,16,0.6655984181375227
10298,183,37,-7,0.0797921138688278
10298,184,78,41,0.47370609076981873
10298,185,84,6,0.029561814614365117
10298,186,36,-48,0.8495941202780898
10298,187,34,-2,1.0138633552583178
10298,188,32,-99,0.6262796738517178
10298,189,38,6,1.1992838170442293
10298,190,36,-2,0.7048893926456931
10298,191,39,3,0.7390694732289481
10298,192,26,-92,-0.2912120373112492
10298,193,71,45,0.43217677109297564
10298,194,94,23,0.5480480814217429
10298,195,99,5,0.05897594846029942
10298,196,56,-43,0.9764452389543591
10298,197,60,4,0.616703003762315
10298,198,40,-20,-0.3287915153232566
